{"initial_reset_timestamp": 1637545545.928375, "timestamps": [1637545546.4402401, 1637545546.9878247, 1637545547.5233297, 1637545548.0742855, 1637545548.5972762, 1637545549.1610959, 1637545549.688171, 1637545555.4410167, 1637545555.949281, 1637545556.459862, 1637545556.9449265, 1637545557.2934656, 1637545557.8917105, 1637545558.3961475, 1637545558.8803642, 1637545565.0242758, 1637545565.551431, 1637545566.0899582, 1637545566.6270747, 1637545567.1073918, 1637545567.6944127, 1637545568.1601806, 1637545568.6572473, 1637545587.5929604, 1637545588.1427207, 1637545588.6810055, 1637545589.2141345, 1637545589.7176828, 1637545590.1997144, 1637545590.7615511, 1637545609.7926767, 1637545610.2942002, 1637545610.8003974, 1637545611.3239748, 1637545611.8051357, 1637545612.308058, 1637545612.8665495, 1637545632.380981, 1637545632.924563, 1637545633.449626, 1637545633.9240634, 1637545634.403248, 1637545634.8842201, 1637545635.4120398, 1637545654.554459, 1637545655.0227895, 1637545655.5434718, 1637545656.0945723, 1637545656.6218982, 1637545657.1678948, 1637545657.7009828, 1637545678.3390186, 1637545678.8636138, 1637545679.4046178, 1637545679.9443684, 1637545680.4177377, 1637545680.9568198, 1637545681.5043633], "episode_lengths": [150, 150, 150, 150, 150, 150, 150, 150, 150, 150, 150, 66, 150, 150, 150, 54, 150, 150, 150, 150, 150, 150, 150, 150, 150, 150, 150, 150, 150, 150, 150, 150, 150, 150, 150, 150, 150, 150, 150, 150, 150, 150, 150, 150, 150, 147, 150, 150, 150, 150, 150, 150, 135, 150, 150, 132, 150, 150], "episode_rewards": [-150.0, -150.0, -150.0, -150.0, -150.0, -150.0, -150.0, -150.0, -150.0, -150.0, -150.0, -65.0, -150.0, -150.0, -150.0, -53.0, -150.0, -150.0, -150.0, -150.0, -150.0, -150.0, -150.0, -150.0, -150.0, -150.0, -150.0, -150.0, -150.0, -150.0, -150.0, -150.0, -150.0, -150.0, -150.0, -150.0, -150.0, -150.0, -150.0, -150.0, -150.0, -150.0, -150.0, -150.0, -150.0, -146.0, -150.0, -150.0, -150.0, -150.0, -150.0, -150.0, -134.0, -150.0, -150.0, -131.0, -150.0, -150.0], "episode_types": ["t", "t", "t", "t", "t", "t", "t", "t", "t", "t", "t", "t", "t", "t", "t", "t", "t", "t", "t", "t", "t", "t", "t", "t", "t", "t", "t", "t", "t", "t", "t", "t", "t", "t", "t", "t", "t", "t", "t", "t", "t", "t", "t", "t", "t", "t", "t", "t", "t", "t", "t", "t", "t", "t", "t", "t", "t", "t"]}