{"initial_reset_timestamp": 1637545544.1406016, "timestamps": [1637545549.801674, 1637545550.3315876, 1637545551.025673, 1637545551.696151, 1637545552.3349023, 1637545552.9630513, 1637545559.0073972, 1637545559.6643505, 1637545560.3170316, 1637545560.9242327, 1637545561.5507004, 1637545562.1768775, 1637545562.7051947, 1637545569.6892123, 1637545572.3656871, 1637545574.7920778, 1637545577.2422774, 1637545579.8762045, 1637545582.37765, 1637545584.8896313, 1637545592.5680175, 1637545595.1243544, 1637545597.9266713, 1637545600.5313385, 1637545603.1019173, 1637545605.6334822, 1637545613.142043, 1637545615.6295514, 1637545618.2799158, 1637545620.933819, 1637545623.7319543, 1637545626.1286366, 1637545628.8611827, 1637545636.5444014, 1637545639.1833732, 1637545641.6647332, 1637545644.1385586, 1637545646.579543, 1637545648.378914, 1637545649.73244, 1637545650.8501744, 1637545658.5244622, 1637545660.169191, 1637545661.4793324, 1637545664.072931, 1637545665.0991948, 1637545666.919653, 1637545667.8522363, 1637545669.7105432, 1637545671.5462081, 1637545672.7762759, 1637545673.9355915, 1637545675.1147075, 1637545676.1182764, 1637545682.0756097, 1637545683.421101, 1637545684.7808325], "episode_lengths": [150, 150, 150, 150, 150, 150, 150, 150, 150, 150, 150, 150, 118, 150, 150, 150, 150, 150, 150, 150, 150, 150, 150, 150, 150, 150, 150, 150, 150, 150, 150, 150, 150, 150, 150, 150, 150, 150, 105, 69, 59, 150, 85, 70, 150, 55, 98, 49, 105, 106, 64, 59, 65, 44, 30, 74, 66], "episode_rewards": [-150.0, -150.0, -150.0, -150.0, -150.0, -150.0, -150.0, -150.0, -150.0, -150.0, -150.0, -150.0, -117.0, -150.0, -150.0, -150.0, -150.0, -150.0, -150.0, -150.0, -150.0, -150.0, -150.0, -150.0, -150.0, -150.0, -150.0, -150.0, -150.0, -150.0, -150.0, -150.0, -150.0, -150.0, -150.0, -150.0, -150.0, -150.0, -104.0, -68.0, -58.0, -150.0, -84.0, -69.0, -150.0, -54.0, -97.0, -48.0, -104.0, -105.0, -63.0, -58.0, -64.0, -43.0, -29.0, -73.0, -65.0], "episode_types": ["t", "t", "t", "t", "t", "t", "t", "t", "t", "t", "t", "t", "t", "t", "t", "t", "t", "t", "t", "t", "t", "t", "t", "t", "t", "t", "t", "t", "t", "t", "t", "t", "t", "t", "t", "t", "t", "t", "t", "t", "t", "t", "t", "t", "t", "t", "t", "t", "t", "t", "t", "t", "t", "t", "t", "t", "t", "t"]}