{"initial_reset_timestamp": 1637618422.5292947, "timestamps": [1637618423.044222, 1637618423.5648575, 1637618424.0920267, 1637618424.6204875, 1637618425.189996, 1637618425.7946732, 1637618426.3136592, 1637618432.2411993, 1637618432.7809558, 1637618433.3132591, 1637618433.8459935, 1637618434.2105997, 1637618434.751723, 1637618435.2839146, 1637618435.9350078, 1637618442.1879866, 1637618442.7143066, 1637618443.2339709, 1637618443.7956343, 1637618444.30874, 1637618444.8583193, 1637618445.4980404, 1637618446.0268292, 1637618469.7647047, 1637618470.297901, 1637618470.8301609, 1637618471.3570716, 1637618471.8951552, 1637618472.4579408, 1637618472.9946396, 1637618496.5836775, 1637618497.1213133, 1637618497.6788948, 1637618498.2024505, 1637618498.7371566, 1637618499.277316, 1637618499.812409, 1637618523.7986271, 1637618524.3244581, 1637618524.867993, 1637618525.3859644, 1637618525.9109244, 1637618526.463225, 1637618526.9991946, 1637618551.9845452, 1637618552.6308517, 1637618553.154297, 1637618553.6904497, 1637618554.211126, 1637618554.7644877, 1637618555.2861388, 1637618580.4663076, 1637618581.0190556, 1637618581.54338, 1637618581.972543, 1637618582.506784, 1637618583.0338075, 1637618583.5598876, 1637618584.0992894, 1637618610.3893864, 1637618610.7066462, 1637618611.1054044, 1637618611.7243001, 1637618612.2283423, 1637618612.6820643, 1637618613.2008655, 1637618613.7369597, 1637618614.1259873, 1637618640.9719903, 1637618641.5162532, 1637618641.8556557, 1637618642.3754122, 1637618642.735991, 1637618643.224982, 1637618643.7684898, 1637618644.41931, 1637618672.841074, 1637618673.3850436, 1637618673.7129264, 1637618674.1550944, 1637618674.484567, 1637618674.8845773, 1637618675.3577483, 1637618675.7023427, 1637618676.193961, 1637618676.6819575, 1637618677.0710685, 1637618677.4302967, 1637618704.9787178, 1637618705.4985697, 1637618705.9245973, 1637618706.2927625, 1637618706.718471, 1637618707.0687888, 1637618707.494966, 1637618707.7927754, 1637618708.2417011, 1637618708.6713996, 1637618709.1714609, 1637618709.6948545, 1637618738.592347, 1637618739.0030565, 1637618739.355366, 1637618739.7930393, 1637618740.1441174, 1637618740.4699056, 1637618740.833213, 1637618741.2945373, 1637618741.840112, 1637618742.2665756, 1637618742.5938525, 1637618743.0064433, 1637618743.3762102, 1637618772.9659324, 1637618773.5091698, 1637618774.0392678, 1637618774.5707235, 1637618774.9085763, 1637618775.4310086, 1637618775.9689732, 1637618776.4954033, 1637618807.0701697, 1637618807.6079228, 1637618808.1417131, 1637618808.623273, 1637618808.9819725, 1637618809.3230004, 1637618809.8505738, 1637618810.2119737, 1637618810.7615645, 1637618841.4376218, 1637618841.9682004, 1637618842.3455732, 1637618842.8839483, 1637618843.413724, 1637618843.748846, 1637618844.0630112, 1637618844.4200048, 1637618844.762118, 1637618845.0970647, 1637618845.6260958, 1637618846.135204, 1637618877.9878151, 1637618878.2869148, 1637618878.707929, 1637618879.1184988, 1637618879.4878664, 1637618879.9840813, 1637618880.3662038, 1637618880.899181, 1637618881.335439, 1637618881.8962824, 1637618882.3674436, 1637618912.1864328, 1637618912.6051638, 1637618913.0578256, 1637618913.3954542, 1637618913.9301362, 1637618914.33207, 1637618914.644622, 1637618914.999902, 1637618915.2771485, 1637618915.643451, 1637618916.015398, 1637618916.4680674, 1637618916.7810342, 1637618917.1180246, 1637618917.603145, 1637618947.7692266, 1637618948.1236424, 1637618948.6274672, 1637618948.9672785, 1637618949.329116, 1637618949.681571, 1637618949.9691782, 1637618950.2797794, 1637618950.6606429, 1637618950.9484332, 1637618951.29776, 1637618951.5957315, 1637618951.9663725, 1637618952.3270705, 1637618952.7503643, 1637618953.0339324, 1637618953.3789847, 1637618953.7393794, 1637618954.0696352, 1637618954.412011, 1637618985.1677496, 1637618985.5522354, 1637618985.891394, 1637618986.3252656, 1637618986.6934748, 1637618987.066405, 1637618987.3834825, 1637618987.7149284, 1637618988.0486925, 1637618988.5133202, 1637618988.8605468, 1637618989.177714, 1637618989.5165467, 1637618989.8377979, 1637618990.1268742, 1637618990.533956, 1637618990.8647108, 1637619021.5599723, 1637619021.8977053, 1637619022.1962159, 1637619022.5442028, 1637619022.8920386, 1637619023.216978, 1637619023.5837853, 1637619023.8766782, 1637619024.213561, 1637619024.523166, 1637619024.8293695, 1637619025.1741967, 1637619025.492272, 1637619025.792737, 1637619026.079848, 1637619026.4438012, 1637619026.7685866, 1637619027.123587, 1637619027.5323093, 1637619027.8322952, 1637619028.1446738, 1637619028.462055, 1637619028.7986345, 1637619029.0782611, 1637619029.387083, 1637619059.7703276, 1637619060.1355543, 1637619060.4410262, 1637619060.7693024, 1637619061.0663638, 1637619061.378692, 1637619061.7011838, 1637619062.0099473, 1637619062.3839822, 1637619062.68129, 1637619063.01617, 1637619063.4963052, 1637619063.832461, 1637619064.122245, 1637619064.448285, 1637619064.7992516, 1637619065.109427, 1637619065.440078, 1637619065.739647, 1637619066.1299615, 1637619066.4591908, 1637619066.7990062, 1637619067.1279957, 1637619097.764409, 1637619098.044587, 1637619098.4623885, 1637619098.8285348, 1637619099.1421604, 1637619099.462677, 1637619099.80926, 1637619100.147696, 1637619100.4846473, 1637619100.8132603, 1637619101.1173902, 1637619101.4951699, 1637619101.817806, 1637619102.1220996, 1637619102.5177758, 1637619102.904306, 1637619103.2305841, 1637619103.599123, 1637619103.9478157, 1637619104.2540996, 1637619104.5750394, 1637619135.4010053, 1637619135.8001695, 1637619136.0918117, 1637619136.3848526, 1637619136.7001932, 1637619137.014516, 1637619137.3474998, 1637619137.7138321, 1637619138.0248847, 1637619138.3098624, 1637619138.6336088, 1637619139.0246873, 1637619139.3835256, 1637619139.693928, 1637619139.9980717, 1637619140.3222566, 1637619140.6760027, 1637619141.0240345, 1637619141.3294265, 1637619141.6245003, 1637619141.9307418, 1637619142.2984135, 1637619142.626977, 1637619142.8977256, 1637619143.218493, 1637619174.7958863, 1637619175.0845234, 1637619175.3741553, 1637619175.7167645, 1637619176.025639, 1637619176.318907, 1637619176.64706, 1637619176.957269, 1637619177.2839599, 1637619177.608368, 1637619177.93279, 1637619178.202368, 1637619178.563269, 1637619178.8844216, 1637619179.1563463, 1637619179.4447153, 1637619179.7357829, 1637619180.0390875, 1637619180.3747973, 1637619180.6729074, 1637619180.994236, 1637619181.3579988, 1637619181.6481912, 1637619181.991012, 1637619182.3201516, 1637619182.6229298, 1637619182.9968483, 1637619214.1671553, 1637619214.450188, 1637619214.7638364, 1637619215.0788298, 1637619215.375857, 1637619215.6832547, 1637619215.9934654, 1637619216.316648, 1637619216.6278148, 1637619216.96074, 1637619217.2428374, 1637619217.5545835, 1637619217.8850799, 1637619218.1826973, 1637619218.530779, 1637619218.8305874, 1637619219.140137, 1637619219.470241, 1637619219.801035, 1637619220.1404321, 1637619220.454401, 1637619220.809966, 1637619221.1132944, 1637619221.427335, 1637619221.7836092, 1637619222.0911708, 1637619222.4134653, 1637619253.13359, 1637619253.4542525, 1637619253.7988918, 1637619254.111216, 1637619254.4617767, 1637619254.749974, 1637619255.0683782, 1637619255.4288456, 1637619255.8152895, 1637619256.1131592, 1637619256.5702271, 1637619256.8778348, 1637619257.2290938, 1637619257.5636072, 1637619257.950703, 1637619258.279646, 1637619258.701154, 1637619258.9983897, 1637619259.3062446, 1637619259.7466915, 1637619260.0938025, 1637619260.408661, 1637619292.0280094, 1637619292.31849, 1637619292.6428576, 1637619293.0516882, 1637619293.3758948, 1637619293.6878622, 1637619293.9924102, 1637619294.3405938, 1637619294.7229004, 1637619295.0563571, 1637619295.352333, 1637619295.6526172, 1637619296.0248237, 1637619296.3166502, 1637619296.608808, 1637619296.8972137, 1637619297.2015278, 1637619297.5144906, 1637619297.8125834, 1637619298.1102438, 1637619298.3953717, 1637619298.716477, 1637619299.0723152, 1637619299.3881285, 1637619299.7314482, 1637619300.009925, 1637619300.3208394, 1637619300.628765, 