{"initial_reset_timestamp": 1637638273.0791035, "timestamps": [1637638275.6168232, 1637638276.0703454, 1637638276.76843, 1637638277.3666058, 1637638277.9561064, 1637638278.5497675], "episode_lengths": [150, 150, 150, 150, 150, 150], "episode_rewards": [-150.0, -150.0, -150.0, -150.0, -150.0, -150.0], "episode_types": ["t", "t", "t", "t", "t", "t", "t"]}