{"initial_reset_timestamp": 1637638273.2751062, "timestamps": [1637638273.5970418, 1637638273.917944, 1637638274.234517, 1637638274.550017, 1637638274.9117384, 1637638275.2241135, 1637638275.5414298], "episode_lengths": [150, 150, 150, 150, 150, 150, 150], "episode_rewards": [-150.0, -150.0, -150.0, -150.0, -150.0, -150.0, -150.0], "episode_types": ["t", "t", "t", "t", "t", "t", "t"]}