{"initial_reset_timestamp": 1637614662.3549066, "timestamps": [1637614662.879377, 1637614663.4109924, 1637614663.9420667, 1637614664.4775586, 1637614665.024468, 1637614665.5533082, 1637614666.109762, 1637614672.1421072, 1637614672.6902676, 1637614673.2489014, 1637614673.7863595, 1637614674.1603177, 1637614674.6871386, 1637614675.339544, 1637614675.878453, 1637614682.2472553, 1637614682.7844787, 1637614683.333915, 1637614683.8693638, 1637614684.4725237, 1637614685.0031784, 1637614685.5492172, 1637614686.0879705, 1637614709.941646, 1637614710.4694583, 1637614710.992152, 1637614711.5423522, 1637614712.0985115, 1637614712.6742287, 1637614713.2240717, 1637614736.707997, 1637614737.2751024, 1637614737.807543, 1637614738.3451965, 1637614738.8932052, 1637614739.4635327, 1637614740.011203, 1637614763.830193, 1637614764.3435915, 1637614764.8622115, 1637614765.3975341, 1637614765.929773, 1637614766.4829073, 1637614767.0161703, 1637614791.2161415, 1637614791.7459884, 1637614792.2862368, 1637614792.8067777, 1637614793.4281156, 1637614793.9678564, 1637614794.5298498, 1637614818.9088242, 1637614819.261517, 1637614819.7992942, 1637614820.3292062, 1637614820.891303, 1637614821.4336145, 1637614821.9729588, 1637614822.5249288, 1637614847.2513428, 1637614847.789945, 1637614848.2606843, 1637614848.797715, 1637614849.3486414, 1637614849.8830922, 1637614850.4247801, 1637614875.7196083, 1637614876.2717483, 1637614876.8210368, 1637614877.337142, 1637614877.8737152, 1637614878.396008, 1637614878.936896, 1637614905.2295098, 1637614905.6673527, 1637614906.0618734, 1637614906.518937, 1637614907.0641963, 1637614907.627075, 1637614908.163775, 1637614908.6951404, 1637614936.393305, 1637614936.9256, 1637614937.398448, 1637614937.763467, 1637614938.313024, 1637614938.8494184, 1637614939.2273767, 1637614939.7689116, 1637614940.3039184, 1637614968.4599, 1637614968.8959985, 1637614969.2082868, 1637614969.6469233, 1637614970.1831574, 1637614970.7157133, 1637614971.2173038, 1637614971.774792, 1637614972.2944336, 1637614972.669787, 1637615001.1189823, 1637615001.4789126, 1637615001.9315856, 1637615002.4708412, 1637615003.0104127, 1637615003.4384599, 1637615003.8854551, 1637615004.4233904, 1637615004.8716314, 1637615033.9927826, 1637615034.374875, 1637615034.695338, 1637615035.1797378, 1637615035.712214, 1637615036.0742188, 1637615036.4107237, 1637615036.739836, 1637615037.273775, 1637615037.6636682, 1637615038.0421968, 1637615038.4537196, 1637615038.8091657, 1637615068.0736816, 1637615068.5354586, 1637615068.8559375, 1637615069.2272391, 1637615069.5831585, 1637615070.021412, 1637615070.4002593, 1637615070.8241248, 1637615071.2334137, 1637615071.5751264, 1637615071.921179, 1637615072.2740986, 1637615072.6521592, 1637615073.1689544, 1637615073.5216913, 1637615103.005026, 1637615103.4162552, 1637615103.8031309, 1637615104.142198, 1637615104.4959342, 1637615104.9442952, 1637615105.2332711, 1637615105.64718, 1637615105.9895458, 1637615106.3241918, 1637615106.695027, 1637615107.1071293, 1637615107.5244372, 1637615108.1877506, 1637615108.540723, 1637615138.900404, 1637615139.3518445, 1637615139.8884676, 1637615140.4303834, 1637615140.7419531, 1637615141.1691542, 1637615141.7127306, 1637615142.1165848, 1637615142.5313528, 1637615172.7503986, 1637615173.2262225, 1637615173.5465343, 1637615173.872185, 1637615174.3766625, 1637615174.9392164, 1637615175.480793, 1637615175.7888412, 1637615176.1427855, 1637615176.4941201, 1637615176.8868937, 1637615177.213151, 1637615177.5192647, 1637615207.4899726, 1637615207.9573994, 1637615208.2924957, 1637615208.6515162, 1637615208.9971588, 1637615209.401077, 1637615209.7353601, 1637615210.1629486, 1637615210.4947162, 1637615210.8312187, 1637615211.2038338, 1637615211.6061838, 1637615212.1333387, 1637615212.47804, 1637615212.9112556, 1637615242.3548262, 1637615242.7335987, 1637615243.1181507, 1637615243.5196738, 1637615244.0549817, 1637615244.4014077, 1637615244.8520088, 1637615245.1701722, 1637615245.6959548, 1637615246.0422885, 1637615246.5225067, 1637615276.6503446, 1637615277.0278535, 1637615277.5552318, 1637615277.8983004, 1637615278.4108074, 1637615278.8281827, 1637615279.267464, 1637615279.6709414, 1637615280.0423656, 1637615280.345768, 1637615280.6456923, 1637615281.0040362, 1637615281.4320366, 1637615311.3663108, 1637615311.7109861, 1637615312.1273081, 1637615312.556464, 1637615312.8312776, 1637615313.22102, 1637615313.5801272, 1637615313.9345078, 1637615314.2623277, 1637615314.6330237, 1637615314.9292986, 1637615315.2668622, 1637615315.6356192, 1637615316.0355003, 1637615316.4567432, 1637615316.7750401, 1637615317.1887975, 1637615346.8351915, 1637615347.1943712, 1637615347.5094392, 1637615347.7988076, 1637615348.1382926, 1637615348.4712217, 1637615348.8617313, 1637615349.1891093, 1637615349.5304635, 1637615349.8106155, 1637615350.123229, 1637615350.4373431, 1637615350.8544452, 1637615351.3273833, 1637615351.6632464, 1637615352.043326, 1637615352.4818668, 1637615352.8943193, 1637615382.7279396, 1637615383.0593522, 1637615383.350823, 1637615383.7730212, 1637615384.2323222, 1637615384.6693044, 1637615385.0333438, 1637615385.3481877, 1637615385.6979096, 1637615385.9807773, 1637615386.2944086, 1637615386.6301098, 1637615387.0008397, 1637615387.3018231, 1637615387.7034729, 1637615388.0608356, 1637615388.4154851, 1637615388.746007, 1637615389.0312645, 1637615389.537202, 1637615419.3223908, 1637615419.6225998, 1637615419.94928, 1637615420.278422, 1637615420.5853164, 1637615420.8865552, 1637615421.2104764, 1637615421.5187469, 1637615421.8646908, 1637615422.2016456, 1637615422.5867164, 1637615422.8973985, 1637615423.2206051, 1637615423.711835, 1637615424.0462034, 1637615424.4046109, 1637615424.727051, 1637615425.060513, 1637615425.3385465, 1637615425.6440005, 1637615426.0133212, 1637615456.4179776, 1637615456.7743824, 1637615457.1169636, 1637615457.4678059, 1637615457.762741, 1637615458.109454, 1637615458.4261074, 1637615458.7952302, 1637615459.0869927, 1637615459.5145876, 1637615459.8402736, 1637615460.164182, 1637615460.5371048, 1637615460.8712811, 1637615461.3009417, 1637615461.6740072, 1637615462.0419412, 1637615462.4693427, 1637615462.8100073, 1637615492.7632241, 1637615493.0942373, 1637615493.4361603, 1637615493.7763503, 1637615494.0941284, 1637615494.4179916, 1637615494.7577047, 1637615495.1235647, 1637615495.4487457, 1637615495.7753196, 1637615496.0721273, 1637615496.381865, 1637615496.683366, 1637615496.9888866, 1637615497.2962956, 1637615497.6816072, 1637615497.9918525, 1637615498.3432503, 1637615498.6802378, 1637615499.0059714, 1637615499.3130217, 1637615499.6221669, 1637615499.9393544, 1637615500.2247922, 1637615500.507139],