{"initial_reset_timestamp": 1637444644.75151, "timestamps": [1637444645.1366198, 1637444645.5191965, 1637444645.904654, 1637444646.2839355, 1637444646.6578507, 1637444647.0430815, 1637444647.4285762, 1637444652.811791, 1637444653.195679, 1637444653.573904, 1637444653.9555748, 1637444654.347282, 1637444654.7310734, 1637444655.1616707, 1637444660.9582055, 1637444661.3832386, 1637444661.7693777, 1637444662.1623971, 1637444662.6113057, 1637444662.9945195, 1637444663.3886993], "episode_lengths": [150, 150, 150, 150, 150, 150, 150, 150, 150, 150, 150, 150, 150, 150, 150, 150, 150, 150, 150, 150, 150], "episode_rewards": [-150.0, -150.0, -150.0, -150.0, -150.0, -150.0, -150.0, -150.0, -150.0, -150.0, -150.0, -150.0, -150.0, -150.0, -150.0, -150.0, -150.0, -150.0, -150.0, -150.0, -150.0], "episode_types": ["t", "t", "t", "t", "t", "t", "t", "t", "t", "t", "t", "t", "t", "t", "t", "t", "t", "t", "t", "t", "t"]}