{"initial_reset_timestamp": 1637444644.5519965, "timestamps": [1637444647.5077014, 1637444647.9608247, 1637444648.6025476, 1637444649.2692924, 1637444649.8370738, 1637444650.4194725, 1637444655.2591598, 1637444655.8659832, 1637444656.4494407, 1637444657.0220068, 1637444657.619769, 1637444658.2365243, 1637444658.7988498], "episode_lengths": [150, 150, 150, 150, 139, 150, 150, 150, 150, 150, 150, 150, 150], "episode_rewards": [-150.0, -150.0, -150.0, -150.0, -138.0, -150.0, -150.0, -150.0, -150.0, -150.0, -150.0, -150.0, -150.0], "episode_types": ["t", "t", "t", "t", "t", "t", "t", "t", "t", "t", "t", "t", "t", "t"]}