{"initial_reset_timestamp": 1637576517.5249512, "timestamps": [1637576520.7410343, 1637576521.192762, 1637576521.8409677, 1637576522.5273013, 1637576523.1344342, 1637576523.7107618, 1637576528.676374, 1637576529.2654817, 1637576529.8458178, 1637576530.2797487, 1637576530.891682, 1637576531.4846194, 1637576532.0655441, 1637576539.0248523, 1637576548.4421976, 1637576557.620272, 1637576566.93195, 1637576576.4143631, 1637576585.966359, 1637576595.601843, 1637576609.7618444, 1637576619.1144292, 1637576628.298564, 1637576637.585072, 1637576646.7971392, 1637576655.9071276, 1637576665.344285, 1637576679.0963573, 1637576688.333312, 1637576697.664756, 1637576706.1337867, 1637576715.3451226, 1637576724.7098284, 1637576730.653747, 1637576744.3304904, 1637576749.8518405, 1637576756.5575974, 1637576765.880929, 1637576770.2982676, 1637576774.6507857, 1637576782.0105944, 1637576785.25214, 1637576791.3880548, 1637576798.4323523, 1637576812.3363538, 1637576818.3715398, 1637576820.9238455, 1637576830.0738502, 1637576839.3434896, 1637576845.532186, 1637576848.29296, 1637576857.7229948, 1637576860.7087667, 1637576866.3172214, 1637576879.681266, 1637576885.6714451, 1637576888.4216566, 1637576895.4785278, 1637576900.4395356, 1637576904.121354, 1637576908.266155, 1637576913.9401252, 1637576918.9242377, 1637576920.5165303, 1637576924.0569117, 1637576929.981781, 1637576932.9709957, 1637576936.267061, 1637576950.7825656, 1637576952.4123085, 1637576955.8439362, 1637576962.174735, 1637576967.3439696, 1637576969.712376, 1637576973.7049172, 1637576975.8476694, 1637576979.2259023, 1637576982.703548, 1637576987.0932727, 1637576989.7266517, 1637576991.650533, 1637576995.0677068, 1637576997.6172364, 1637577002.217719, 1637577008.1547043, 1637577010.8050373, 1637577013.5008438, 1637577021.1172476, 1637577022.9465392, 1637577025.8645215, 1637577028.113067, 1637577029.6872013, 1637577032.6325905, 1637577035.3151011, 1637577040.6849563, 1637577044.6211717, 1637577046.6005964, 1637577051.582256, 1637577055.0332017, 1637577062.1535618, 1637577064.5034366, 1637577066.8361938, 1637577069.6584606, 1637577073.5648084, 1637577075.845872, 1637577078.4712672, 1637577080.4232461, 1637577083.5640025, 1637577084.926073, 1637577088.0200424, 1637577090.5628746, 1637577093.7369838, 1637577104.2368412, 1637577106.3770423, 1637577109.197369, 1637577111.5790021, 1637577115.0314617, 1637577117.1520712, 1637577121.2049367, 1637577125.2359202, 1637577128.1529493, 1637577130.3474448, 1637577132.619776, 1637577135.276636, 1637577137.001614, 1637577140.110156, 1637577142.135377, 1637577144.6564634, 1637577148.1635573, 1637577150.2146237, 1637577152.6620193, 1637577154.8643723, 1637577158.4359827, 1637577160.1246073, 1637577162.3078513, 1637577163.8905845, 1637577166.3612037, 1637577169.0418086, 1637577170.9637728, 1637577172.6253068, 1637577182.206908, 1637577184.3766496, 1637577186.3795712, 1637577189.6803863, 1637577192.117361, 1637577193.8180206, 1637577195.5432916, 1637577198.5221875, 1637577201.1505737, 1637577204.2404866, 1637577206.6424427, 1637577208.4449935, 1637577210.8034341, 1637577212.4275553, 1637577214.190123, 1637577215.9307802, 1637577218.3911269, 1637577219.7598753, 1637577221.8868585, 1637577223.7678597, 1637577226.0258346, 1637577228.4614313, 1637577230.655885, 1637577232.8565333, 1637577235.0761566, 1637577238.376035, 1637577240.5095494, 1637577242.3768978, 1637577244.8287964, 1637577247.1240277, 1637577254.929845, 1637577256.4819, 1637577258.3793204, 1637577260.3813279, 1637577261.92757, 1637577265.9804182, 1637577268.2298958, 1637577271.537489, 1637577272.914849, 1637577274.6573997, 1637577277.6490119, 1637577279.1921716, 1637577281.5570588, 1637577283.3062608, 1637577284.8794296, 1637577288.0308192, 1637577290.5026126, 1637577292.3999212, 1637577297.3955083, 1637577299.3218224, 1637577301.9935884, 1637577305.5245447, 1637577308.28606, 1637577310.9404795, 1637577313.356729, 1637577316.522086, 1637577318.8361475, 1637577321.258531, 1637577328.224024, 1637577331.5873458, 1637577333.6555312, 1637577335.78737, 1637577337.7380433, 1637577340.1135755, 1637577342.117701, 1637577344.586976, 1637577346.682146, 1637577347.9304702, 1637577349.705088, 1637577351.2737198, 1637577352.7888205, 1637577354.6348956, 1637577356.0348027, 1637577358.030579, 1637577359.7580204, 1637577361.5686853, 1637577363.8027675, 1637577365.3788009, 1637577367.369557, 1637577369.3560727, 1637577371.1001494, 1637577373.2601254, 1637577375.443933, 1637577376.507449, 1637577378.062714, 1637577379.5896726, 1637577381.5791776, 1637577383.7746477, 1637577386.307107, 1637577388.303579, 1637577389.670577, 1637577391.366009, 1637577393.6038382, 1637577395.4993653, 1637577401.3680086, 1637577403.778052, 1637577405.5191872, 1637577407.7694526, 1637577409.568299, 1637577411.9331555, 1637577413.6054654, 1637577415.4301, 1637577416.9687335, 1637577418.4721217, 1637577419.871708, 1637577422.2426972, 1637577424.3535268, 1637577425.9024966, 1637577428.486274, 1637577431.383919, 1637577433.6867769, 1637577435.7170866, 1637577437.071462, 1637577439.0173788, 1637577440.8613098, 1637577442.8534746, 1637577444.9836411, 1637577447.2521205, 1637577448.7959795, 1637577450.4081526, 1637577451.8831646, 1637577453.1295762, 1637577454.810883, 1637577456.803599, 1637577459.433447, 1637577461.628177, 1637577463.3310187, 1637577464.915358, 1637577471.9767675, 1637577473.6689413, 1637577475.91321, 1637577478.6969728, 1637577481.3349652, 1637577482.8917425, 1637577485.6143417, 1637577487.1688595, 1637577489.4421146, 1637577491.7321815, 1637577493.713898, 1637577495.8086193, 1637577498.089717, 1637577500.8215199, 1637577504.302045, 1637577505.9749708, 1637577509.2019122, 1637577511.2792778, 1637577513.2147348, 1637577515.920143, 1637577517.6707287, 1637577519.7956314, 1637577522.344034, 1637577525.5364609, 1637577527.1952195, 1637577529.6515431, 1637577531.9369125, 1637577535.2425761, 1637577537.9153798, 1637577545.4088385, 1637577547.517438, 1637577549.694363, 1637577552.500371, 1637577555.013536, 1637577557.671334, 1637577559.297717, 1637577561.3928576, 1637577563.1077776, 1637577564.8198938, 1637577566.8941853, 1637577568.7242217, 1637577570.6450548, 1637577572.731811, 1637577575.0836074, 1637577577.438339, 1637577579.7320702, 1637577581.5297709, 1637577583.4782445, 1637577585.3842337, 1637577587.5411484, 1637577589.3308833, 1637577590.9792361, 1637577592.781678, 1637577594.3955116, 1637577596.538353, 1637577598.134685, 1637577600.7191162, 1637577602.5224562, 1637577604.7395205, 1637577606.9156067, 1637577609.7506912, 1637577618.9050808, 1637577622.2874384, 1637577625.2956307, 1637577627.0522115, 1637577628.6651316, 1637577631.1973925, 1637577634.0081213, 1637577636.1322432, 1637577637.989836, 1637577639.9557376, 1637577642.304275, 1637577644.922752, 1637577646.2003179, 1637577649.2076604, 1637577651.0910926, 1637577652.642265, 1637577654.9140391, 1637577656.8938608, 1637577658.5858078, 1637577660.618192, 1637577662.4585376, 1637577664.4247231, 1637577666.2755792, 1637577668.1326303, 1637577669.4319594, 1637577671.0282874, 1637577673.3786745, 1637577675.9155784, 1637577678.2336903, 1637577679.7454927, 1637577682.1289957, 1637577690.745634, 1637577692.7802703, 1637577694.415721, 1637577696.5408463, 1637577698.512697, 1637577700.124453, 1637577701.738437, 1637577703.6399245, 1637577705.650389, 1637577706.9806519, 1637577708.4936717, 1637577709.7622883, 1637577712.2215226, 1637577713.9472756, 1637577715.2846222, 1637577717.0043223, 1637577719.1645522, 1637577721.0275357, 1637577722.7274125, 1637577725.0187402, 1637577726.9433768, 1637577728.3420296, 1637577730.027749, 1637577731.7020872, 1637577733.381824, 1637577735.1167247, 1637577737.0592647, 1637577738.6767745, 1637577741.3184638, 1637577744.1953623, 1637577746.241627, 1637577748.0332682, 1637577750.1129603, 1637577751.6546705, 1637577754.2143688, 1637577763.7220457, 1637577765.5969665, 1637577767.3993666, 1637577769.4207745, 1637577771.401812, 1637577773.1280866, 1637577775.1202042, 