{"initial_reset_timestamp": 1637576517.7383897, "timestamps": [1637576518.1635852, 1637576518.5770502, 1637576518.9926133, 1637576519.4071634, 1637576519.804849, 1637576520.2453194, 1637576520.6594052, 1637576526.0586815, 1637576526.4877732, 1637576526.890601, 1637576527.3247323, 1637576527.7310045, 1637576528.143737, 1637576528.5552242, 1637576534.4447556, 1637576534.8729928, 1637576535.2830951, 1637576535.702919, 1637576536.22628, 1637576536.6334324, 1637576537.0617042, 1637576602.0606642, 1637576602.5006227, 1637576602.917619, 1637576603.3445044, 1637576603.7607882, 1637576604.1355896, 1637576604.553904, 1637576668.6325154, 1637576669.0417464, 1637576669.4442377, 1637576669.8431683, 1637576670.2770598, 1637576670.683646, 1637576671.0948973, 1637576734.7841914, 1637576735.198376, 1637576735.620778, 1637576736.045483, 1637576736.444951, 1637576736.849608, 1637576737.2746525, 1637576802.501066, 1637576802.858672, 1637576803.2734842, 1637576803.6982303, 1637576804.1103115, 1637576804.5145595, 1637576804.9118853, 1637576805.3476682, 1637576870.929357, 1637576871.3613417, 1637576871.7185373, 1637576872.1511083, 1637576872.5913377, 1637576873.0130768, 1637576873.4573092, 1637576873.8845494, 1637576942.144114, 1637576942.485307, 1637576942.9492729, 1637576943.2435038, 1637576943.708821, 1637576944.1150897, 1637576944.5172331, 1637576944.9425204, 1637577017.3070931, 1637577017.6976678, 1637577018.1122737, 1637577018.5480661, 1637577018.931358, 1637577019.2760048, 1637577019.6905022, 1637577020.1129398, 1637577097.1314552, 1637577097.583548, 1637577098.0372283, 1637577098.507956, 1637577098.958925, 1637577099.4056323, 1637577099.7193604, 1637577100.1685112, 1637577175.923811, 1637577176.2589548, 1637577176.5826783, 1637577176.9001205, 1637577177.2757936, 1637577177.6676111, 1637577177.9863443, 1637577178.4867592, 1637577178.9265597, 1637577179.2986848, 1637577179.7848399, 1637577180.109093, 1637577180.475501, 1637577180.9313328, 1637577251.5325673, 1637577251.9406674, 1637577252.3432803, 1637577252.7797496, 1637577253.1901057, 1637577253.606841, 1637577254.013691, 1637577324.4393775, 1637577324.8511956, 1637577325.2678447, 1637577325.677921, 1637577326.0864809, 1637577326.4854064, 1637577326.8959305, 1637577397.8139632, 1637577398.2701879, 1637577398.6615818, 1637577399.0672104, 1637577399.5026631, 1637577399.895319, 1637577400.2968733, 1637577468.3346133, 1637577468.7300682, 1637577469.0622544, 1637577469.5214474, 1637577469.850442, 1637577470.2590394, 1637577470.6628623, 1637577471.0821996, 1637577471.4930716, 1637577540.6123652, 1637577541.0162377, 1637577541.2827718, 1637577541.6987028, 1637577542.0242693, 1637577542.4359093, 1637577542.8502767, 1637577543.1238556, 1637577543.3816519, 1637577543.786222, 1637577613.6559386, 1637577613.9274898, 1637577614.338696, 1637577614.6703064, 1637577615.0124857, 1637577615.3109493, 1637577615.5724285, 1637577615.860332, 1637577616.1759014, 1637577616.523616, 1637577616.8403435, 1637577617.3342817, 1637577617.8188674, 1637577685.801174, 1637577686.1380057, 1637577686.5378768, 1637577686.887531, 1637577687.1547601, 1637577687.5255842, 1637577687.7991438, 1637577688.1240633, 1637577688.3726475, 1637577688.6467557, 1637577688.9560556, 1637577689.2381983, 1637577689.4929726, 1637577689.761702, 1637577690.057157, 1637577756.9291508, 1637577757.2037425, 1637577757.4574661, 1637577757.748746, 1637577758.023623, 1637577758.2882655, 1637577758.5432656, 1637577758.8449535, 1637577759.0854778, 1637577759.4657805, 1637577759.702769, 1637577760.0098526, 1637577760.2711864, 1637577760.5564778, 1637577760.79886, 1637577761.259227, 1637577761.588707, 1637577761.8281052, 1637577762.0957944, 1637577762.3997338, 1637577762.6725814, 1637577763.0739756, 1637577831.5626874, 1637577831.857779, 1637577832.1806037, 1637577832.4625845, 1637577832.7499242, 1637577833.0327876, 1637577833.3305943, 1637577833.603544, 1637577833.9398057, 1637577834.1898017, 1637577834.490977, 1637577834.756914, 1637577835.0634384, 1637577835.3004935, 1637577835.6419399, 1637577835.9275794, 1637577836.230502, 1637577836.544701, 1637577903.692939, 1637577903.9435463, 1637577904.265588, 1637577904.6359413, 1637577904.9066544, 1637577905.2237103, 1637577905.5012662, 1637577905.7523987, 1637577906.0380456, 1637577906.3128808, 1637577906.5706627, 1637577906.8176095, 1637577907.083393, 1637577907.3783932, 1637577907.6667142, 1637577907.9964378, 1637577908.2773268, 1637577908.514028, 1637577908.7599869, 1637577909.127505, 1637577979.3433464, 1637577979.6201236, 1637577979.8787534, 1637577980.193856, 1637577980.4550903, 1637577980.7574265, 1637577981.021819, 1637577981.2888193, 1637577981.5373461, 1637577981.797271, 1637577982.0497177, 1637577982.3438566, 1637577982.6332693, 1637577982.930168, 1637577983.1957717, 1637577983.6367636, 1637577983.9293306, 1637577984.3857474, 1637577984.7282631, 1637577985.0733545, 1637577985.4024868, 1637577985.7720742, 1637578059.9005082, 1637578060.1737158, 1637578060.4180222, 1637578060.6680677, 1637578060.933788, 1637578061.2001603, 1637578061.4830122, 1637578061.8395514, 1637578062.1187015, 1637578062.457825, 1637578062.761689, 1637578063.1087306, 1637578063.4755611, 1637578063.757224, 1637578064.1742246, 1637578064.4651074, 1637578064.7929697, 1637578065.07405, 1637578065.4091766, 1637578065.7291892], "episode_lengths": [150, 150, 150, 150, 150, 150, 150, 150, 150, 150, 150, 150, 150, 150, 150, 150, 150, 150, 150, 150, 150, 150, 150, 150, 150, 135, 122, 150, 150, 150, 150, 150, 150, 150, 150, 112, 150, 150, 150, 150, 150, 150, 118, 114, 150, 142, 150, 150, 150, 150, 129, 150, 106, 150, 150, 150, 150, 150, 150, 90, 150, 39, 150, 150, 150, 150, 108, 125, 142, 150, 119, 76, 150, 150, 150, 150, 150, 150, 150, 150, 53, 150, 150, 48, 57, 39, 74, 89, 52, 150, 102, 42, 60, 45, 64, 150, 150, 150, 139, 150, 150, 150, 150, 150, 150, 150, 150, 150, 150, 150, 150, 150, 150, 150, 150, 150, 150, 150, 107, 57, 150, 64, 150, 150, 150, 150, 136, 150, 42, 150, 91, 150, 150, 46, 42, 150, 120, 34, 150, 87, 84, 57, 42, 49, 76, 73, 51, 119, 150, 35, 95, 150, 99, 44, 128, 50, 78, 33, 52, 72, 48, 31, 47, 54, 47, 48, 43, 59, 56, 39, 43, 77, 30, 32, 29, 57, 45, 63, 22, 54, 59, 26, 41, 73, 53, 150, 39, 42, 53, 37, 61, 60, 65, 51, 103, 34, 65, 42, 75, 25, 91, 62, 73, 74, 37, 27, 80, 126, 48, 78, 39, 32, 60, 45, 33, 33, 39, 61, 54, 95, 44, 32, 22, 108, 35, 53, 37, 79, 43, 51, 37, 39, 29, 41, 26, 63, 55, 46, 30, 48, 24, 46, 62, 58, 33, 75, 57, 49, 31, 29, 38, 37, 44, 99, 35, 65, 25, 72, 72, 33, 111, 31, 78, 28, 40, 46],