{"initial_reset_timestamp": 1637480349.351348, "timestamps": [1637480349.7404814, 1637480350.1492684, 1637480350.5396533, 1637480350.9483647, 1637480351.4393606, 1637480351.9690304, 1637480352.3651662, 1637480358.1754575, 1637480358.5771573, 1637480358.9610484, 1637480359.3652813, 1637480359.7576299, 1637480360.1528218, 1637480360.5575285, 1637480366.9485118, 1637480367.3445039, 1637480367.7440712, 1637480368.294808, 1637480368.799829, 1637480369.1968958, 1637480369.6453936, 1637480387.4600098, 1637480387.862082, 1637480388.2522542, 1637480388.6405292, 1637480389.0410616, 1637480389.4529386, 1637480389.8597212, 1637480408.0269752, 1637480408.4319768, 1637480408.8820653, 1637480409.288672, 1637480409.694274, 1637480410.1039279, 1637480410.517381, 1637480428.152465, 1637480428.5624142, 1637480429.188002, 1637480429.6006763, 1637480429.9985483, 1637480430.401785, 1637480430.8017693, 1637480449.2382028, 1637480449.630642, 1637480450.0400803, 1637480450.4472015, 1637480451.0199294, 1637480451.4859095, 1637480451.891382, 1637480469.5655107, 1637480469.9721427, 1637480470.3920364, 1637480470.8002293, 1637480471.1954448, 1637480471.6057997, 1637480472.0036464, 1637480490.2177844, 1637480490.6231515, 1637480491.0343354, 1637480491.4325368, 1637480491.8292246, 1637480492.229771, 1637480492.6394074, 1637480510.683143, 1637480511.0845292, 1637480511.6528993, 1637480512.0464094, 1637480512.4250333, 1637480512.8181632, 1637480513.2154036, 1637480530.8470807, 1637480531.3371634, 1637480531.7290313, 1637480532.1139152, 1637480532.517234, 1637480532.90586, 1637480533.5542245, 1637480551.4766095, 1637480551.8878577, 1637480552.2985845, 1637480552.695289, 1637480553.100533, 1637480553.5024478, 1637480553.9058447, 1637480572.1285176, 1637480572.523922, 1637480572.9252908, 1637480573.3344536, 1637480573.7388437, 1637480574.1598299, 1637480574.5509388, 1637480592.1904883, 1637480592.5902724, 1637480592.9703846, 1637480593.40957, 1637480594.0265112, 1637480594.410519, 1637480594.8086991, 1637480612.671656, 1637480613.0766551, 1637480613.479923, 1637480613.8799226, 1637480614.2888262, 1637480614.8021784, 1637480615.201125, 1637480633.472402, 1637480633.8686125, 1637480634.276353, 1637480634.6768208, 1637480635.081863, 1637480635.4809792, 1637480635.9056568, 1637480653.4608924, 1637480653.9414802, 1637480654.5234475, 1637480654.9271934, 1637480655.3340886, 1637480655.7331793, 1637480656.1323323, 1637480674.0689316, 1637480674.4705412, 1637480674.856159, 1637480675.267461, 1637480675.6693265, 1637480676.3249867, 1637480676.7242708, 1637480694.7577024, 1637480695.1524584, 1637480695.5556679, 1637480695.9368138, 1637480696.3492415, 1637480696.7350316, 1637480697.1256804, 1637480714.9899368, 1637480715.3846076, 1637480715.791443, 1637480716.174825, 1637480716.5679848, 1637480716.95316, 1637480717.3428187, 1637480735.234534, 1637480735.613545, 1637480735.995559, 1637480736.5001493, 1637480736.9952588, 1637480737.3768704, 1637480737.830374, 1637480756.4490228, 1637480756.839838, 1637480757.2401054, 1637480757.6472292, 1637480758.0331783, 1637480758.5563865, 1637480759.0358973, 1637480759.4233642, 1637480778.6754198, 1637480779.068444, 1637480779.3976312, 1637480779.6731112, 1637480779.9106908, 1637480780.1708422, 1637480780.6133604, 1637480781.034783, 1637480781.3081691, 1637480781.6027443, 1637480781.8429818, 1637480782.1826837, 1637480782.4679294, 1637480782.754287, 1637480783.1068027, 1637480783.3731136, 1637480783.7171538, 1637480783.9890614, 1637480802.6117775, 1637480803.1224885, 1637480803.5186214, 1637480803.913304, 1637480804.320024, 1637480804.7194061, 1637480805.1217244, 1637480823.5894299, 1637480823.980112, 1637480824.4854534, 1637480825.022878, 1637480825.4294996, 1637480825.8374727, 1637480826.223797, 1637480844.1838188, 1637480844.5768456, 1637480844.9726887, 1637480845.420884, 1637480845.82799, 1637480846.2384202, 1637480846.848885, 1637480864.7983344, 1637480865.206845, 1637480865.6225507, 1637480866.0216568, 1637480866.4343634, 1637480866.846994, 1637480867.2530138, 1637480885.4307387, 1637480885.852102, 1637480886.3062518, 1637480886.7316015, 1637480887.1385942, 1637480887.5478368, 1637480887.9759755, 1637480905.6351876, 1637480906.0532627, 1637480906.458417, 1637480906.966016, 1637480907.4916627, 1637480907.905785, 1637480908.3295188, 1637480926.288523, 1637480926.6870525, 1637480927.078969, 1637480927.500643, 1637480927.893517, 1637480928.289357, 1637480928.7049189, 1637480946.8614635, 1637480947.264279, 1637480947.6484618, 1637480948.0729227, 1637480948.4803429, 1637480948.9047685, 1637480949.3078492, 1637480967.1217632, 1637480967.6836152, 1637480968.184125, 1637480968.599324, 1637480969.0094683, 1637480969.422776, 1637480969.842475, 1637480987.5467553, 1637480987.9446356, 1637480988.3193047, 1637480988.7080986, 1637480989.0754135, 1637480989.4940057, 1637480990.0819669, 1637481008.2941482, 1637481008.6839287, 1637481009.0873864, 1637481009.4724104, 1637481009.885228, 1637481010.276313, 1637481010.6672108, 1637481028.8686593, 1637481029.2668116, 1637481029.5923939, 1637481029.9270217, 1637481030.3381066, 1637481030.7638206, 1637481031.1461947, 1637481031.550259, 1637481049.8557234, 1637481050.479875, 1637481050.9053092, 1637481051.2903934, 1637481051.678021, 1637481052.0659263, 1637481052.4633672, 1637481070.6096249, 1637481071.0175946, 1637481071.4209015, 1637481071.8156638, 1637481072.3617625, 1637481072.8243601, 1637481073.2283473, 1637481091.2593722, 1637481091.678668, 1637481092.0615892, 1637481092.4531403, 1637481092.847563, 1637481093.237696, 1637481093.646961, 1637481111.5433457, 1637481111.9265704, 1637481112.2978983, 1637481112.675714, 1637481113.0747683, 1637481113.4531834, 1637481113.8538663, 1637481132.2041147, 1637481132.7147744, 1637481133.2154078, 1637481133.5970283, 1637481133.9766383, 1637481134.3551943, 1637481134.7416482, 1637481153.2705278, 1637481153.6692007, 1637481153.9854603, 1637481154.316606, 1637481154.7504308, 1637481155.153242, 1637481155.544259, 1637481155.8527036, 1637481156.213754, 1637481156.6121182, 1637481176.1672673, 1637481176.4810169, 1637481176.867595, 1637481177.2602124, 1637481177.5324388, 1637481177.8448327, 1637481178.2060997, 1637481178.5409074, 1637481178.8271692, 1637481179.07251, 1637481179.3605542, 1637481179.7157593, 1637481180.1124942, 1637481180.388591, 1637481200.9980524, 1637481201.262347, 1637481201.5637183, 1637481201.8513727, 1637481202.1286156, 1637481202.414984, 1637481202.6792407, 1637481202.9554868, 1637481203.2350612, 1637481203.4821262, 1637481203.7730808, 1637481204.039622, 1637481204.3693433, 1637481204.7293475, 1637481205.0257316, 1637481205.2752442, 1637481205.5771515, 1637481205.8392022, 1637481206.1393983, 1637481206.4057503, 1637481206.680359, 1637481207.0379972, 1637481207.2797716, 1637481207.5287576, 1637481207.783908, 1637481208.073445, 1637481228.1826518, 1637481228.5571327, 1637481228.7998786, 1637481229.0792572, 1637481229.3687608, 1637481229.7388103, 1637481230.1110559, 1637481230.3933623, 1637481230.774753, 1637481231.0453296, 1637481231.308609, 1637481231.5800571, 1637481232.1161716, 1637481252.9097636, 1637481253.1408558, 1637481253.443252, 1637481253.6992002, 1637481254.0567997, 1637481254.4821055, 1637481254.715396, 1637481254.9699492, 1637481255.2223089, 1637481255.4933896, 1637481255.7782712, 1637481256.0786781, 1637481256.358724, 1637481256.6077235, 1637481256.8865597, 1637481257.273965, 1637481257.5700707, 1637481257.854794, 1637481258.1015196, 1637481258.3716996, 1637481258.6116338, 1637481258.8952043, 1637481259.1755018, 1637481259.4819052, 1637481259.9595478, 1637481260.253123, 1637481260.527095, 1637481260.8130133, 1637481282.6585486, 1637481282.9143796, 1637481283.1540923, 1637481283.4512167, 1637481283.707446, 1637481283.960859, 1637481284.215747, 1637481284.5391393, 1637481284.8212605, 1637481285.0946467, 1637481285.4076, 1637481285.696571, 1637481285.9668603, 1637481286.2505848, 1637481286.496786, 1637481286.7971098, 1637481287.2220979, 1637481287.6508088, 