{"initial_reset_timestamp": 1637480347.5168128, "timestamps": [1637480352.4706864, 1637480352.9744887, 1637480353.6668005, 1637480354.342112, 1637480354.975438, 1637480355.6047783, 1637480360.6858807, 1637480361.3183308, 1637480361.9363878, 1637480362.6745574, 1637480363.3768294, 1637480363.9810133, 1637480364.456768, 1637480370.217246, 1637480372.5187924, 1637480375.0305943, 1637480377.2907763, 1637480379.8169408, 1637480382.0936902, 1637480384.3222039, 1637480391.3216176, 1637480393.6101282, 1637480396.1309927, 1637480398.1205137, 1637480400.386118, 1637480402.8910432, 1637480405.206933, 1637480412.2500017, 1637480414.692276, 1637480416.9788861, 1637480419.4800706, 1637480421.7441587, 1637480424.226364, 1637480431.0600057, 1637480433.3627179, 1637480435.9111855, 1637480437.3876662, 1637480439.7294471, 1637480440.77797, 1637480443.0631413, 1637480444.3937068, 1637480446.9119473, 1637480453.8159628, 1637480456.091487, 1637480458.5623505, 1637480460.868467, 1637480463.3374667, 1637480465.6545606, 1637480472.5476959, 1637480475.0715384, 1637480477.4240782, 1637480479.9534175, 1637480482.2231982, 1637480484.7354417, 1637480487.011164, 1637480493.8635056, 1637480496.3663104, 1637480498.6913555, 1637480501.2085714, 1637480503.5286486, 1637480506.0004344, 1637480508.3579056, 1637480515.118682, 1637480517.6067953, 1637480519.91732, 1637480522.4199288, 1637480524.7477307, 1637480526.9877195, 1637480534.0803785, 1637480536.3626606, 1637480538.825201, 1637480541.1799524, 1637480543.467226, 1637480545.9689705, 1637480548.2974226, 1637480555.1875286, 1637480557.612691, 1637480559.9590645, 1637480562.4654856, 1637480564.8076942, 1637480567.3274236, 1637480569.6178367, 1637480576.4434142, 1637480578.9606001, 1637480581.2613227, 1637480583.7528841, 1637480586.0460696, 1637480588.5305128, 1637480595.3677819, 1637480597.6547325, 1637480600.1685338, 1637480602.4617884, 1637480604.9547548, 1637480607.2362592, 1637480609.5058947, 1637480616.6159945, 1637480618.9748747, 1637480621.5118332, 1637480623.8105643, 1637480626.1402676, 1637480628.6262794, 1637480630.888875, 1637480638.0194006, 1637480640.3276331, 1637480642.5618534, 1637480645.0210576, 1637480647.3216834, 1637480649.822219, 1637480656.6575272, 1637480658.9677346, 1637480661.4812806, 1637480663.7770345, 1637480666.2576678, 1637480668.5225978, 1637480671.0157654, 1637480677.9559624, 1637480680.2884147, 1637480682.8872042, 1637480685.1733704, 1637480687.693239, 1637480689.9635158, 1637480692.2352886, 1637480699.258603, 1637480701.5513477, 1637480704.047242, 1637480706.3171525, 1637480708.5927384, 1637480711.1018558, 1637480717.8872166, 1637480720.417869, 1637480722.7168343, 1637480725.0213351, 1637480727.4946885, 1637480729.8040428, 1637480732.2726026, 1637480738.262155, 1637480739.6206138, 1637480740.5401263, 1637480743.0137649, 1637480744.471643, 1637480745.2102141, 1637480746.6652126, 1637480749.105127, 1637480750.3906586, 1637480751.54269, 1637480752.6355934, 1637480759.9160225, 1637480761.4888897, 1637480762.5715008, 1637480764.4357371, 1637480766.2769248, 1637480766.898928, 1637480767.8406074, 1637480768.6526935, 1637480770.0295784, 1637480771.052023, 1637480772.361033, 1637480773.799926, 1637480774.849865, 1637480776.412186, 1637480785.481653, 1637480787.9762328, 1637480788.8009217, 1637480789.6317725, 1637480792.0945454, 1637480793.148188, 1637480795.1510634, 1637480797.6299489, 1637480798.5833871, 1637480800.142159, 1637480805.4461417, 1637480807.704208, 1637480809.796476, 1637480810.547258, 1637480812.8418837, 1637480813.9948459, 1637480816.2854793, 1637480818.204999, 1637480820.7404037, 1637480826.3362603, 1637480827.997481, 1637480830.5187094, 1637480832.8218756, 1637480835.1422758, 1637480837.641418, 1637480839.9444044, 1637480846.9977374, 1637480849.2764943, 1637480851.5517173, 1637480854.0674388, 1637480856.3579845, 1637480858.963794, 1637480861.2225912, 1637480868.1144445, 1637480870.620835, 1637480873.0434375, 1637480875.5392995, 1637480877.8202238, 1637480880.2792788, 1637480882.5390248, 1637480889.5225139, 1637480892.0241191, 1637480894.363755, 1637480896.8946807, 1637480899.1485543, 1637480901.548915, 1637480908.4800754, 1637480910.7918599, 1637480913.2700856, 1637480915.5579343, 1637480917.8437176, 1637480920.314567, 1637480922.5901086, 1637480929.7703147, 1637480932.0443988, 1637480934.4502573, 1637480936.909828, 1637480939.2098637, 1637480941.7291276, 1637480943.920609, 1637480950.7211988, 1637480953.1847107, 1637480955.4832678, 1637480958.0199318, 1637480960.3135903, 1637480962.9213643, 1637480969.905658, 1637480972.14255, 1637480974.6613185, 1637480976.9215052, 1637480979.4200983, 1637480981.6489174, 1637480983.9641297, 1637480990.8566115, 1637480993.2183187, 1637480995.7110722, 1637480997.9707947, 1637481000.3040986, 1637481002.820823, 1637481003.612818, 1637481005.8779073, 1637481012.8861737, 1637481015.195222, 1637481017.7124512, 1637481020.0125813, 1637481022.2638628, 1637481024.759602, 1637481025.6537964, 1637481032.867187, 1637481034.9587874, 1637481037.2572687, 1637481039.7400072, 1637481041.2098856, 1637481042.4614227, 1637481043.581567, 1637481045.1183047, 1637481047.3509357, 1637481052.9053638, 1637481053.8663633, 1637481056.1095612, 1637481058.4099982, 1637481060.710354, 1637481062.9302044, 1637481065.217778, 1637481067.369569, 1637481073.9710655, 1637481076.220185, 1637481078.7243674, 1637481080.3047087, 1637481081.4817924, 1637481083.9227197, 1637481086.2881644, 1637481088.5888028, 1637481095.377416, 1637481097.655293, 1637481100.1635056, 1637481102.4458888, 1637481104.7212982, 1637481106.9208255, 1637481109.1555703, 1637481115.7769604, 1637481117.0991843, 1637481117.700446, 1637481119.9852672, 1637481122.4863265, 1637481124.7158716, 1637481126.1746764, 1637481126.9096777, 1637481128.2071846, 1637481134.948268, 1637481136.849441, 1637481137.7633474, 1637481139.142946, 1637481141.4152722, 1637481143.275829, 1637481144.979241, 1637481147.0815542, 1637481149.5448332, 1637481150.3318393, 1637481156.9905205, 1637481158.3918154, 1637481159.6654093, 1637481160.7854064, 1637481161.823727, 1637481163.0588167, 1637481165.2501712, 1637481166.7639797, 1637481167.9207494, 1637481168.957071, 1637481169.8213065, 1637481170.42315, 1637481171.5047624, 1637481172.3042583, 1637481173.3899658, 1637481180.7099779, 1637481181.4083881, 1637481182.2331815, 1637481183.1512575, 1637481184.0953474, 1637481185.5465496, 1637481186.583254, 1637481187.9353487, 1637481188.8593194, 1637481189.4840016, 1637481190.4686918, 1637481191.3561223, 1637481191.9483976, 1637481192.8850315, 1637481193.9442487, 1637481195.0256917, 1637481195.9087253, 1637481197.1810892, 1637481198.453483, 1637481208.656909, 1637481209.337024, 1637481211.7810154, 1637481213.30598, 1637481214.1507938, 1637481215.1748297, 1637481216.217835, 1637481216.883883, 1637481217.7831523, 1637481218.4668627, 1637481219.489991, 1637481220.291566, 1637481221.3436646, 1637481222.3687599, 1637481223.2657285, 1637481224.893114, 1637481225.853908, 1637481232.967032, 1637481233.662358, 1637481234.748074, 1637481235.7841065, 1637481236.8597136, 1637481237.485735, 1637481238.6684659, 1637481239.563998, 1637481240.3222823, 1637481241.0750318, 1637481242.1695042, 1637481243.2516687, 1637481243.9701538, 1637481244.5679424, 1637481245.4836197, 1637481246.8137295, 1637481247.5511804, 1637481248.1877785, 1637481249.3308651, 1637481250.1567147, 1637481260.8199182, 1637481261.4461312, 1637481262.259978, 1637481263.3032806, 1637481264.5257277, 1637481265.2304502, 1637481266.1623492, 1637481267.0498304, 1637481267.876908, 1637481268.8163552, 1637481269.4134178, 1637481270.1004457, 1637481271.3510184, 1637481272.076126, 1637481272.7219605, 1637481273.2268658, 1637481274.0702777, 1637481274.8254888, 1637481275.635489, 1637481276.8162694, 1637481277.5124621, 1637481278.325328, 1637481279.0293155, 1637481279.8479042, 1637481280.373309, 1637481289.3585622, 1637481290.2626994, 1637481290.887289, 1637481291.6500869, 1637481292.1483324, 1637481293.542574, 1637481294.2606142,