{"initial_reset_timestamp": 1637186670.2069266, "timestamps": [1637186679.454183, 1637186679.8513339, 1637186680.2494855, 1637186680.6489604, 1637186681.0588558, 1637186681.635466, 1637186682.1865296, 1637186682.71905, 1637186683.2694163, 1637186683.7877913, 1637186684.2878842, 1637186684.8132305, 1637186685.338665, 1637186685.861378, 1637186686.3693385, 1637186686.8753867, 1637186687.3850145, 1637186687.8928294, 1637186688.3943012, 1637186688.9171822, 1637186699.585312, 1637186700.162747, 1637186700.6587915, 1637186701.170032, 1637186701.6110766, 1637186702.1253757, 1637186702.7476475, 1637186703.2610264, 1637186703.7691813, 1637186704.264868, 1637186704.7782438, 1637186705.283535, 1637186705.8173356, 1637186706.329185, 1637186706.8647544, 1637186707.3719826, 1637186707.8786595, 1637186708.3840694, 1637186708.8901472, 1637186709.4056082], "episode_lengths": [50, 50, 50, 50, 50, 50, 50, 50, 50, 50, 50, 50, 50, 50, 50, 50, 50, 50, 50, 50, 50, 50, 50, 50, 25, 50, 50, 50, 50, 50, 50, 50, 50, 50, 50, 50, 50, 50, 50, 50], "episode_rewards": [-50.0, -50.0, -50.0, -50.0, -50.0, -50.0, -50.0, -50.0, -50.0, -50.0, -50.0, -50.0, -50.0, -50.0, -50.0, -50.0, -50.0, -50.0, -50.0, -50.0, -50.0, -50.0, -50.0, -50.0, -24.0, -50.0, -50.0, -50.0, -50.0, -50.0, -50.0, -50.0, -50.0, -50.0, -50.0, -50.0, -50.0, -50.0, -50.0, -50.0], "episode_types": ["t", "t", "t", "t", "t", "t", "t", "t", "t", "t", "t", "t", "t", "t", "t", "t", "t", "t", "t", "t", "t", "t", "t", "t", "t", "t", "t", "t", "t", "t", "t", "t", "t", "t", "t", "t", "t", "t", "t", "t", "t"]}