{"initial_reset_timestamp": 1637186670.581939, "timestamps": [1637186671.0465384, 1637186671.463355, 1637186671.8785017, 1637186672.3083115, 1637186672.7149568, 1637186673.1352444, 1637186673.5586112, 1637186673.9592922, 1637186674.3782415, 1637186674.8439329, 1637186675.280929, 1637186675.6871216, 1637186676.082671, 1637186676.503093, 1637186676.919, 1637186677.3289409, 1637186677.7252235, 1637186678.14823, 1637186678.5647693, 1637186678.9841335, 1637186679.4167776, 1637186691.2992733, 1637186691.769879, 1637186692.1695619, 1637186692.5824003, 1637186692.985292, 1637186693.503465, 1637186693.9434307, 1637186694.3750825, 1637186694.7953937, 1637186695.2318277, 1637186695.6795754, 1637186696.1034522, 1637186696.511905, 1637186696.9375203, 1637186697.3574264, 1637186697.7757154, 1637186698.1952894, 1637186698.604536, 1637186699.0403812, 1637186699.451655, 1637186711.911671, 1637186712.3274832, 1637186712.7881052, 1637186713.3037863, 1637186713.720339, 1637186714.1320739, 1637186714.5549083, 1637186714.972517, 1637186715.3763797, 1637186715.783304, 1637186716.224254, 1637186716.6319454, 1637186717.0528395, 1637186717.4698527, 1637186717.9334514, 1637186718.378112, 1637186718.787703, 1637186719.2085047, 1637186719.6560168, 1637186720.0874345], "episode_lengths": [50, 50, 50, 49, 50, 50, 50, 50, 50, 50, 50, 50, 44, 50, 50, 50, 50, 50, 50, 50, 47, 50, 50, 50, 50, 50, 50, 50, 50, 50, 50, 50, 50, 50, 50, 50, 50, 50, 50, 50, 50, 50, 50, 50, 50, 50, 50, 50, 50, 50, 50, 50, 50, 50, 50, 50, 50, 50, 50, 50, 50], "episode_rewards": [-50.0, -50.0, -50.0, -48.0, -50.0, -50.0, -50.0, -50.0, -50.0, -50.0, -50.0, -50.0, -43.0, -50.0, -50.0, -50.0, -50.0, -50.0, -50.0, -50.0, -46.0, -50.0, -50.0, -50.0, -50.0, -50.0, -50.0, -50.0, -50.0, -50.0, -50.0, -50.0, -50.0, -50.0, -50.0, -50.0, -50.0, -50.0, -50.0, -50.0, -50.0, -50.0, -50.0, -50.0, -50.0, -50.0, -50.0, -50.0, -50.0, -50.0, -50.0, -50.0, -50.0, -50.0, -50.0, -50.0, -50.0, -50.0, -50.0, -50.0, -50.0], "episode_types": ["t", "t", "t", "t", "t", "t", "t", "t", "t", "t", "t", "t", "t", "t", "t", "t", "t", "t", "t", "t", "t", "t", "t", "t", "t", "t", "t", "t", "t", "t", "t", "t", "t", "t", "t", "t", "t", "t", "t", "t", "t", "t", "t", "t", "t", "t", "t", "t", "t", "t", "t", "t", "t", "t", "t", "t", "t", "t", "t", "t", "t"]}