{"initial_reset_timestamp": 1637544050.4120374, "timestamps": [1637544050.8686125, 1637544051.6820297, 1637544052.1857166, 1637544052.7273977, 1637544053.2176166, 1637544053.7396307, 1637544054.2356632, 1637544060.1484623, 1637544060.6170912, 1637544061.081308, 1637544061.538141, 1637544061.8726249, 1637544062.369781, 1637544063.125695, 1637544063.6102743, 1637544069.1805913, 1637544069.689357, 1637544070.1737523, 1637544070.6332126, 1637544071.1096604, 1637544071.5402787, 1637544071.9952545, 1637544072.4750812, 1637544091.1272566, 1637544091.7582026, 1637544092.279933, 1637544092.8193166, 1637544093.2922761, 1637544093.7846432, 1637544094.276393, 1637544112.8802552, 1637544113.3959384, 1637544114.1701155, 1637544114.6753697, 1637544115.1758199, 1637544115.674533, 1637544116.1715958, 1637544134.965878, 1637544135.445375, 1637544135.8947291, 1637544136.552671, 1637544137.151701, 1637544137.602287, 1637544138.0484984, 1637544157.0863981, 1637544157.5165102, 1637544157.9645762, 1637544158.425389, 1637544159.1501892, 1637544159.6387384, 1637544160.0709324, 1637544180.34005, 1637544180.7606294, 1637544181.2002478, 1637544181.9098938, 1637544182.3548212, 1637544182.839582, 1637544183.2848027, 1637544204.6841092, 1637544205.1315, 1637544205.5876932, 1637544206.040846, 1637544206.4151728, 1637544206.8671603, 1637544207.3254526, 1637544228.5992062, 1637544229.1017404, 1637544229.4685783, 1637544229.8935323, 1637544230.3423965, 1637544230.637044, 1637544231.0760677, 1637544231.5440931, 1637544253.246999, 1637544253.672271, 1637544254.105754, 1637544254.649143, 1637544255.3062418, 1637544255.7713954, 1637544256.2049856, 1637544278.0543368, 1637544278.5078402, 1637544278.9741602, 1637544279.408047, 1637544279.8918324, 1637544280.349501, 1637544280.7729754, 1637544303.4980912, 1637544303.9253085, 1637544304.354632, 1637544304.8156517, 1637544305.4890344, 1637544306.113165, 1637544306.5661762, 1637544329.2999964, 1637544329.7991467, 1637544330.2785184, 1637544330.7441595, 1637544331.2135332, 1637544331.757241, 1637544332.1949797, 1637544355.6146224, 1637544356.0699093, 1637544356.8410258, 1637544357.29666, 1637544357.7741616, 1637544358.2122989, 1637544358.5532033, 1637544359.0058908, 1637544381.7840178, 1637544382.2337532, 1637544382.8110554, 1637544383.2879455, 1637544383.7292628, 1637544384.181693, 1637544384.8894732, 1637544408.436685, 1637544408.8739684, 1637544409.3410754, 1637544409.872396, 1637544410.3331676, 1637544410.834218, 1637544411.3208332, 1637544435.942511, 1637544436.3957622, 1637544436.8370264, 1637544437.311499, 1637544437.8577, 1637544438.3494692, 1637544438.86138, 1637544462.875287, 1637544463.3468843, 1637544464.1137087, 1637544464.678068, 1637544465.1127005, 1637544465.614888, 1637544466.1114898, 1637544491.7011366, 1637544492.2569058, 1637544492.9779153, 1637544493.4020889, 1637544493.9096885, 1637544494.4104578, 1637544494.9072614, 1637544521.0505288, 1637544521.4718292, 1637544521.9353752, 1637544522.466916, 1637544523.0672455, 1637544523.610607, 1637544524.0987365, 1637544524.6204426, 1637544552.3839815, 1637544552.8941193, 1637544553.410662, 1637544553.8868449, 1637544554.398245, 1637544555.0184584, 1637544555.7403612, 1637544582.9423726, 1637544583.4933054, 1637544584.2931406, 1637544584.7497513, 1637544585.2289197, 1637544585.633166, 1637544586.0529826, 1637544586.5148447, 1637544612.845529, 1637544613.346229, 1637544613.8259652, 1637544614.310892, 1637544614.7583468, 1637544615.2648954, 1637544615.7373776, 1637544642.748428, 1637544643.2433627, 1637544643.7673292, 1637544644.2859077, 1637544644.7993686, 1637544645.405962, 1637544645.8931122, 1637544672.2359037, 1637544672.753599, 1637544673.2650454, 1637544673.7417, 1637544674.0390372, 1637544674.849296, 1637544675.4277096, 1637544675.928119, 1637544702.2384927, 1637544702.694769, 1637544703.3884685, 1637544703.9235148, 1637544704.3956974, 1637544704.909283, 1637544705.4066584, 1637544731.997675, 1637544732.4911613, 1637544732.9703937, 1637544733.468652, 1637544734.043106, 1637544734.548588, 1637544735.019618, 1637544761.572864, 1637544762.054748, 1637544762.5310924, 1637544763.0019958, 1637544763.4903016, 1637544763.9491346, 1637544764.4458137, 1637544791.7642536, 1637544792.24385, 1637544792.7442539, 1637544793.2363198, 1637544793.7222419, 1637544794.418439, 1637544795.016096, 1637544821.8770826, 1637544822.4280238, 1637544823.2913556, 1637544823.8710709, 1637544824.4251332, 1637544824.9022872, 1637544825.3785706, 1637544853.056108, 1637544853.5455272, 1637544854.0360913, 1637544854.6680698, 1637544855.2314882, 1637544855.6972156, 1637544856.1746657, 1637544884.0457575, 1637544884.5452871, 1637544885.016075, 1637544885.683609, 1637544886.162152, 1637544886.6432788, 1637544887.1194983, 1637544887.598497, 1637544915.0211537, 1637544915.4342477, 1637544915.8969257, 1637544916.4303608, 1637544916.9775016, 1637544917.4749157, 1637544917.965599, 1637544945.7706258, 1637544946.2832203, 1637544946.7610419, 1637544947.2459643, 1637544947.729172, 1637544948.4785807, 1637544949.078632, 1637544976.5384471, 1637544977.4287012, 1637544978.0159943, 1637544978.474977, 1637544979.0103838, 1637544979.5442245, 1637544979.9671135, 1637544980.3821528, 1637545007.0799444, 1637545007.55711, 1637545008.019681, 1637545008.5333118, 1637545009.0854907, 1637545009.6387491, 1637545010.1868732, 1637545037.0860474, 1637545037.5598667, 1637545038.0276496, 1637545038.5364244, 1637545039.0994043, 1637545039.920749, 1637545040.419575, 1637545068.3933673, 1637545068.935438, 1637545069.4058554, 1637545069.8885357, 1637545070.2890604, 1637545070.7476308, 1637545071.1976533, 1637545071.719693, 1637545098.9369066, 1637545099.4229524, 1637545099.9056506, 1637545100.3820825, 1637545100.9622235, 1637545101.4401047, 1637545101.9101927, 1637545129.851192, 1637545130.3573945, 1637545130.8712347, 1637545131.6170013, 1637545132.1530054, 1637545132.674017, 1637545133.2014532, 1637545160.5880284, 1637545161.0729995, 1637545161.5952182, 1637545162.1892984, 1637545162.7212675, 1637545163.2668607, 1637545163.6799357, 1637545191.111227, 1637545191.637669, 1637545192.1748488, 1637545192.5505016, 1637545193.0872126, 1637545193.7479954, 1637545194.4532325, 1637545194.9184844, 1637545221.7154217, 1637545222.3320787, 1637545222.9361274, 1637545223.3974771, 1637545223.8760977, 1637545224.348181, 1637545224.8134127, 1637545251.1687636, 1637545251.6864264, 1637545252.1597292, 1637545252.645734, 1637545253.112312, 1637545253.649338, 1637545254.2016377],