{"initial_reset_timestamp": 1637545497.7062151, "timestamps": [1637545503.3271933, 1637545503.8075197, 1637545504.4895658, 1637545505.1548462, 1637545505.8072593, 1637545506.4552066, 1637545512.4622302, 1637545513.090672, 1637545513.6863167, 1637545514.2509522, 1637545514.9728463, 1637545515.5869796, 1637545516.2086735], "episode_lengths": [150, 150, 150, 150, 150, 150, 150, 150, 137, 129, 150, 150, 150], "episode_rewards": [-150.0, -150.0, -150.0, -150.0, -150.0, -150.0, -150.0, -150.0, -136.0, -128.0, -150.0, -150.0, -150.0], "episode_types": ["t", "t", "t", "t", "t", "t", "t", "t", "t", "t", "t", "t", "t", "t"]}