{"initial_reset_timestamp": 1637545499.5029151, "timestamps": [1637545500.0259182, 1637545500.5525868, 1637545501.1093266, 1637545501.602532, 1637545502.0893977, 1637545502.6204114, 1637545503.19547, 1637545509.0066512, 1637545509.507624, 1637545510.0077786, 1637545510.5167186, 1637545510.859085, 1637545511.3514073, 1637545511.8431332, 1637545512.334043, 1637545518.437095, 1637545518.903263, 1637545519.4164994, 1637545519.977483, 1637545520.5629737, 1637545521.1153572, 1637545521.6603212, 1637545522.2154732], "episode_lengths": [150, 150, 150, 150, 150, 150, 150, 150, 150, 150, 150, 66, 150, 150, 150, 54, 150, 150, 150, 150, 150, 150, 150], "episode_rewards": [-150.0, -150.0, -150.0, -150.0, -150.0, -150.0, -150.0, -150.0, -150.0, -150.0, -150.0, -65.0, -150.0, -150.0, -150.0, -53.0, -150.0, -150.0, -150.0, -150.0, -150.0, -150.0, -150.0], "episode_types": ["t", "t", "t", "t", "t", "t", "t", "t", "t", "t", "t", "t", "t", "t", "t", "t", "t", "t", "t", "t", "t", "t", "t"]}