{"initial_reset_timestamp": 1637216394.0007741, "timestamps": [1637216394.3737187, 1637216394.7191217, 1637216395.0710902, 1637216395.4325132, 1637216395.7906404, 1637216396.1383002, 1637216396.5017793, 1637216396.8551714, 1637216397.289101, 1637216397.6652281, 1637216398.0491786, 1637216398.3960404, 1637216398.7426605, 1637216399.1058834, 1637216399.458748, 1637216399.8051393, 1637216400.158164, 1637216400.5080152, 1637216400.866652, 1637216401.2125494, 1637216401.5585017, 1637216412.1184974, 1637216412.6422822, 1637216412.9891765, 1637216413.3411362, 1637216413.6956556, 1637216414.0426493, 1637216414.3925023, 1637216414.7373486, 1637216415.0801487, 1637216415.4267604, 1637216415.778717, 1637216416.1330075, 1637216416.5198178, 1637216416.8855202, 1637216417.2254064, 1637216417.5701857, 1637216417.9522305, 1637216418.2955177, 1637216418.6414492, 1637216419.0216753, 1637216429.846631, 1637216430.1945815, 1637216430.5795822, 1637216430.9586945, 1637216431.3043249, 1637216431.6510987, 1637216432.0197487, 1637216432.3873334, 1637216432.7421796, 1637216433.1048937, 1637216433.4784386, 1637216433.8388507, 1637216434.2039618, 1637216434.6201048, 1637216435.0802686, 1637216435.4281719, 1637216435.8006616, 1637216436.1883676, 1637216436.5490143, 1637216436.9126368], "episode_lengths": [50, 50, 50, 49, 50, 50, 50, 50, 50, 50, 50, 50, 44, 50, 50, 50, 50, 50, 50, 50, 47, 50, 50, 50, 50, 50, 50, 50, 50, 50, 50, 50, 50, 50, 50, 50, 50, 50, 50, 50, 50, 50, 50, 50, 50, 50, 50, 50, 50, 50, 50, 50, 50, 50, 50, 50, 50, 50, 50, 50, 50], "episode_rewards": [-50.0, -50.0, -50.0, -48.0, -50.0, -50.0, -50.0, -50.0, -50.0, -50.0, -50.0, -50.0, -43.0, -50.0, -50.0, -50.0, -50.0, -50.0, -50.0, -50.0, -46.0, -50.0, -50.0, -50.0, -50.0, -50.0, -50.0, -50.0, -50.0, -50.0, -50.0, -50.0, -50.0, -50.0, -50.0, -50.0, -50.0, -50.0, -50.0, -50.0, -50.0, -50.0, -50.0, -50.0, -50.0, -50.0, -50.0, -50.0, -50.0, -50.0, -50.0, -50.0, -50.0, -50.0, -50.0, -50.0, -50.0, -50.0, -50.0, -50.0, -50.0], "episode_types": ["t", "t", "t", "t", "t", "t", "t", "t", "t", "t", "t", "t", "t", "t", "t", "t", "t", "t", "t", "t", "t", "t", "t", "t", "t", "t", "t", "t", "t", "t", "t", "t", "t", "t", "t", "t", "t", "t", "t", "t", "t", "t", "t", "t", "t", "t", "t", "t", "t", "t", "t", "t", "t", "t", "t", "t", "t", "t", "t", "t", "t"]}