{"initial_reset_timestamp": 1637216393.679119, "timestamps": [1637216401.6009922, 1637216401.9385178, 1637216402.2734377, 1637216402.6083074, 1637216402.95362, 1637216403.47535, 1637216403.9557087, 1637216404.55905, 1637216405.0584486, 1637216405.5220964, 1637216405.9917436, 1637216406.4498947, 1637216406.900857, 1637216407.3396294, 1637216407.7863915, 1637216408.2399826, 1637216408.685729, 1637216409.1258519, 1637216409.5658407, 1637216410.0122309, 1637216419.1415508, 1637216419.7482228, 1637216420.1886456, 1637216420.624793, 1637216421.0805445, 1637216421.5227227, 1637216421.9688637, 1637216422.4015818, 1637216422.8442278, 1637216423.2771509, 1637216423.7089324, 1637216424.1469364, 1637216424.579947, 1637216425.020197, 1637216425.4566326, 1637216425.8867376, 1637216426.3269396, 1637216426.798229, 1637216427.2257202, 1637216427.6581516], "episode_lengths": [50, 50, 50, 50, 50, 50, 50, 50, 50, 50, 50, 50, 50, 50, 50, 50, 50, 50, 50, 50, 50, 50, 50, 50, 50, 50, 50, 50, 50, 50, 50, 50, 50, 50, 50, 50, 50, 50, 50, 50], "episode_rewards": [-50.0, -50.0, -50.0, -50.0, -50.0, -50.0, -50.0, -50.0, -50.0, -50.0, -50.0, -50.0, -50.0, -50.0, -50.0, -50.0, -50.0, -50.0, -50.0, -50.0, -50.0, -50.0, -50.0, -50.0, -50.0, -50.0, -50.0, -50.0, -50.0, -50.0, -50.0, -50.0, -50.0, -50.0, -50.0, -50.0, -50.0, -50.0, -50.0, -50.0], "episode_types": ["t", "t", "t", "t", "t", "t", "t", "t", "t", "t", "t", "t", "t", "t", "t", "t", "t", "t", "t", "t", "t", "t", "t", "t", "t", "t", "t", "t", "t", "t", "t", "t", "t", "t", "t", "t", "t", "t", "t", "t", "t"]}