{"initial_reset_timestamp": 1637186474.123315, "timestamps": [1637186483.4846346, 1637186483.8963175, 1637186484.2977104, 1637186484.699454, 1637186485.1029058, 1637186485.666052, 1637186486.1909528, 1637186486.7443855, 1637186487.261989, 1637186487.7692766, 1637186488.2818422, 1637186488.7777195, 1637186489.2957978, 1637186489.8030686, 1637186490.3102107, 1637186490.8061485, 1637186491.3155966, 1637186491.8191416, 1637186492.3204055, 1637186492.8121297, 1637186503.4481263, 1637186503.962028, 1637186504.5087662, 1637186505.010362, 1637186505.509609, 1637186506.0139472, 1637186506.5164993, 1637186507.0132227, 1637186507.5166092, 1637186508.0100567, 1637186508.5215256, 1637186509.0225375, 1637186509.5299666, 1637186510.0235498, 1637186510.5236428, 1637186511.0211868, 1637186511.6388965, 1637186512.1603646, 1637186512.657888, 1637186513.1630218], "episode_lengths": [50, 50, 50, 50, 50, 50, 50, 50, 50, 50, 50, 50, 50, 50, 50, 50, 50, 50, 50, 50, 50, 50, 50, 50, 50, 50, 50, 50, 50, 50, 50, 50, 50, 50, 50, 50, 50, 50, 50, 50], "episode_rewards": [-50.0, -50.0, -50.0, -50.0, -50.0, -50.0, -50.0, -50.0, -50.0, -50.0, -50.0, -50.0, -50.0, -50.0, -50.0, -50.0, -50.0, -50.0, -50.0, -50.0, -50.0, -50.0, -50.0, -50.0, -50.0, -50.0, -50.0, -50.0, -50.0, -50.0, -50.0, -50.0, -50.0, -50.0, -50.0, -50.0, -50.0, -50.0, -50.0, -50.0], "episode_types": ["t", "t", "t", "t", "t", "t", "t", "t", "t", "t", "t", "t", "t", "t", "t", "t", "t", "t", "t", "t", "t", "t", "t", "t", "t", "t", "t", "t", "t", "t", "t", "t", "t", "t", "t", "t", "t", "t", "t", "t", "t"]}