{"initial_reset_timestamp": 1637186474.4976985, "timestamps": [1637186474.9239712, 1637186475.3310702, 1637186475.7820027, 1637186476.1892352, 1637186476.5956855, 1637186477.0139072, 1637186477.4304183, 1637186477.8458042, 1637186478.3104932, 1637186478.7303061, 1637186479.1441069, 1637186479.5604713, 1637186479.9629421, 1637186480.3858547, 1637186480.8031204, 1637186481.2242215, 1637186481.669341, 1637186482.0992079, 1637186482.502374, 1637186482.9174416, 1637186483.3228397, 1637186495.300596, 1637186495.721446, 1637186496.1815867, 1637186496.5852818, 1637186496.9878888, 1637186497.4107387, 1637186497.8202596, 1637186498.2617252, 1637186498.6821177, 1637186499.1066227, 1637186499.5225458, 1637186499.938948, 1637186500.3784773, 1637186500.7917545, 1637186501.2057872, 1637186501.6223507, 1637186502.0630014, 1637186502.4924376, 1637186502.895642, 1637186503.3150215, 1637186515.5677488, 1637186515.9735634, 1637186516.3844445, 1637186516.7990165, 1637186517.2101974, 1637186517.637505, 1637186518.0510051, 1637186518.4640832, 1637186518.875614, 1637186519.2931657, 1637186519.7164807, 1637186520.1541655, 1637186520.566839, 1637186520.9810846, 1637186521.4588535, 1637186521.8721912, 1637186522.281861, 1637186522.7156181, 1637186523.1267743, 1637186523.5342531], "episode_lengths": [50, 50, 50, 49, 50, 50, 50, 50, 50, 50, 50, 50, 44, 50, 50, 50, 50, 50, 50, 50, 47, 50, 50, 50, 50, 50, 50, 50, 50, 50, 50, 50, 50, 50, 50, 50, 50, 50, 50, 50, 50, 50, 50, 50, 50, 50, 50, 50, 50, 50, 50, 50, 50, 50, 50, 50, 50, 50, 50, 50, 50], "episode_rewards": [-50.0, -50.0, -50.0, -48.0, -50.0, -50.0, -50.0, -50.0, -50.0, -50.0, -50.0, -50.0, -43.0, -50.0, -50.0, -50.0, -50.0, -50.0, -50.0, -50.0, -46.0, -50.0, -50.0, -50.0, -50.0, -50.0, -50.0, -50.0, -50.0, -50.0, -50.0, -50.0, -50.0, -50.0, -50.0, -50.0, -50.0, -50.0, -50.0, -50.0, -50.0, -50.0, -50.0, -50.0, -50.0, -50.0, -50.0, -50.0, -50.0, -50.0, -50.0, -50.0, -50.0, -50.0, -50.0, -50.0, -50.0, -50.0, -50.0, -50.0, -50.0], "episode_types": ["t", "t", "t", "t", "t", "t", "t", "t", "t", "t", "t", "t", "t", "t", "t", "t", "t", "t", "t", "t", "t", "t", "t", "t", "t", "t", "t", "t", "t", "t", "t", "t", "t", "t", "t", "t", "t", "t", "t", "t", "t", "t", "t", "t", "t", "t", "t", "t", "t", "t", "t", "t", "t", "t", "t", "t", "t", "t", "t", "t", "t"]}