{"initial_reset_timestamp": 1637617575.9041998, "timestamps": [1637617576.4074953, 1637617576.9348295, 1637617577.473309, 1637617577.995677, 1637617578.5299, 1637617579.046642, 1637617579.5660062, 1637617585.691385, 1637617586.221441, 1637617586.7558591, 1637617587.2731872, 1637617587.636524, 1637617588.1655924, 1637617588.7092128, 1637617589.2413383, 1637617595.7195702, 1637617596.233483, 1637617596.8331776, 1637617597.362403, 1637617597.916731, 1637617598.4457266, 1637617598.9746215, 1637617599.5047512, 1637617623.0465076, 1637617623.5763168, 1637617624.1026077, 1637617624.6051373, 1637617625.1463475, 1637617625.6855848, 1637617626.2077756, 1637617650.2648106, 1637617650.82012, 1637617651.3443465, 1637617651.8808959, 1637617652.3873334, 1637617652.918886, 1637617653.4434862, 1637617678.035532, 1637617678.5439143, 1637617678.948059, 1637617679.5108404, 1637617680.0445175, 1637617680.5548747, 1637617681.0784311, 1637617681.6167746, 1637617707.631261, 1637617708.0187583, 1637617708.4584966, 1637617708.9476538, 1637617709.3125088, 1637617709.8605134, 1637617710.2460952, 1637617710.6172712, 1637617711.154808, 1637617711.5553606, 1637617738.3541706, 1637617738.72618, 1637617739.1016243, 1637617739.482306, 1637617739.7891512, 1637617740.2728891, 1637617740.7808363, 1637617741.1093948, 1637617741.4738803, 1637617741.8161623, 1637617742.1683216, 1637617742.6910496, 1637617743.0872843, 1637617771.098456, 1637617771.508884, 1637617771.8603053, 1637617772.2382953, 1637617772.6297166, 1637617773.0968125, 1637617773.4623072, 1637617773.8911073, 1637617774.4330194, 1637617774.7563212, 1637617775.192162, 1637617775.5463521, 1637617776.0762668, 1637617803.6397114, 1637617804.006279, 1637617804.449232, 1637617804.9913979, 1637617805.521738, 1637617805.8627753, 1637617806.2415476, 1637617806.5329194, 1637617806.9814892, 1637617807.5170856, 1637617807.9402425, 1637617835.8633802, 1637617836.4058566, 1637617836.9533, 1637617837.481697, 1637617838.002795, 1637617838.5463748, 1637617839.0735466, 1637617867.6616533, 1637617868.1827366, 1637617868.7030602, 1637617869.228065, 1637617869.7511725, 1637617870.2883706, 1637617870.825422, 1637617900.3617647, 1637617900.8999183, 1637617901.4445858, 1637617901.9778855, 1637617902.4670873, 1637617903.004378, 1637617903.5326672, 1637617904.0678184, 1637617933.2579262, 1637617933.7876382, 1637617934.2161977, 1637617934.6547792, 1637617935.181734, 1637617935.5864549, 1637617936.1134794, 1637617936.4953642, 1637617937.0282078, 1637617967.0946915, 1637617967.4764993, 1637617967.9033437, 1637617968.2720954, 1637617968.8058205, 1637617969.343167, 1637617969.8893757, 1637617970.3993618, 1637617970.947775, 1637617971.4794178, 1637618000.8694525, 1637618001.1431706, 1637618001.513399, 1637618002.0105228, 1637618002.4200702, 1637618002.7541955, 1637618003.2674367, 1637618003.588794, 1637618004.058041, 1637618004.5350168, 1637618005.065065, 1637618005.555175, 1637618005.9350896, 1637618035.7759383, 1637618036.1597247, 1637618036.4689066, 1637618036.8076813, 1637618037.2382329, 1637618037.5644114, 1637618037.9670458, 1637618038.4201813, 1637618038.914442, 1637618039.3085928, 1637618039.6911607, 1637618039.9968688, 1637618040.2650063, 1637618040.6558776, 1637618040.9937584, 1637618041.3945868, 1637618070.575547, 1637618070.9468436, 1637618071.399037, 1637618071.7231383, 1637618072.0303369, 1637618072.3935943, 1637618072.8018143, 1637618073.2001812, 1637618073.5145152, 1637618073.828885, 1637618074.1172893, 1637618074.4109674, 1637618074.823299, 1637618075.1512907, 1637618075.5305111, 1637618075.968479, 1637618076.2851763, 1637618106.084553, 1637618106.4164822, 1637618106.711981, 1637618107.0896347, 1637618107.4960437, 1637618107.8431025, 1637618108.143567, 1637618108.4446254, 1637618108.8428926, 1637618109.165544, 1637618109.581986, 1637618109.9139733, 1637618110.2667754, 1637618110.5808012, 1637618110.89908, 1637618111.2243392, 1637618111.5510492, 1637618111.9391181, 1637618112.3291278, 1637618112.6149, 1637618142.831042, 1637618143.1183882, 1637618143.4937625, 1637618143.8930788, 1637618144.1740599, 1637618144.5100744, 1637618144.8454645, 1637618145.386166, 1637618145.78533, 1637618146.1605225, 1637618146.4850242, 1637618146.7584684, 1637618147.0703123, 1637618147.3956769, 1637618147.7353, 1637618148.0493371, 1637618148.4110947, 1637618148.7162607, 1637618149.0278237, 1637618179.2337542, 1637618179.5586567, 1637618179.8836353, 1637618180.2356637, 1637618180.585151, 1637618180.944383, 1637618181.299434, 1637618181.6497853, 1637618181.916964, 1637618182.262722, 1637618182.5983543, 1637618183.0202913, 1637618183.3213987, 1637618183.7261581, 1637618184.0316162, 1637618184.3822446, 1637618184.6754572, 1637618184.9902012, 1637618185.3070142, 1637618215.2200305, 1637618215.518935, 1637618215.8000834, 1637618216.0661604, 1637618216.4384992, 1637618216.8375185, 1637618217.1781912, 1637618217.5783648, 1637618217.9395328, 1637618218.2517607, 1637618218.6048808, 1637618218.9433165, 1637618219.2638638, 1637618219.638029, 1637618219.9654582, 1637618220.2963843, 1637618220.5843108, 1637618220.8587537, 1637618221.228648, 1637618221.5171185, 1637618221.8124232, 1637618252.0541728, 1637618252.4429605, 1637618252.7665484, 1637618253.0778027, 1637618253.3698194, 1637618253.6543083, 1637618253.95081, 1637618254.2361586, 1637618254.550212, 1637618254.893591, 1637618255.2198138, 1637618255.5252666, 1637618255.7918665, 1637618256.1143095, 1637618256.4032176, 1637618256.7171042, 1637618257.039486, 1637618257.368001, 1637618257.6719217, 1637618258.2018194, 1637618258.5926936, 1637618258.9164782, 1637618259.2276163, 1637618259.5788708, 1637618289.0971353, 1637618289.394376, 1637618289.7003694, 1637618290.0079322, 1637618290.4361098, 1637618290.7243705, 1637618291.0686498, 1637618291.3520112, 1637618291.7000983, 1637618292.0600364, 1637618292.3544521, 1637618292.7232287, 1637618293.0005226, 1637618293.3957484, 1637618293.7082067, 1637618294.0263078, 1637618294.3561566, 1637618294.7486196, 1637618295.049814, 1637618295.378761, 1637618295.717914, 1637618296.1681604, 1637618326.83504, 1637618327.1028914, 1637618327.40246, 1637618327.7134635, 1637618328.0595286, 1637618328.3945234, 1637618328.696487, 1637618329.0328586, 1637618329.3275113, 1637618329.6118097, 1637618329.9128458, 1637618330.1861267, 1637618330.4946167, 1637618330.8078482, 1637618331.089467, 1637618331.4101174, 1637618331.697898, 1637618332.0122404, 1637618332.3257916, 1637618332.6725566, 1637618332.982377, 1637618333.3598871, 1637618333.6380262, 1637618333.9812014, 1637618334.2498674, 1637618334.5962253, 1637618334.893042, 1637618335.1938753, 1637618365.659059, 1637618365.968104, 1637618366.312507, 1637618366.6342194, 1637618366.9780257, 1637618367.3128812, 1637618367.6429694, 1637618367.932677, 1637618368.2160718, 1637618368.4724872, 1637618368.7838326, 1637618369.130285, 1637618369.4575534, 1637618369.7531455, 1637618370.0871255, 1637618370.4008045, 1637618370.7291758, 1637618371.0531623, 1637618371.4778652, 1637618371.769451, 1637618372.1413875, 1637618372.453825, 1637618372.7822347, 1637618373.1000662, 1637618373.4599254, 1637618403.5698318, 1637618403.857121, 1637618404.1979764, 1637618404.5185978, 1637618404.8382132, 1637618405.1934645, 1637618405.4861715, 1637618405.775083, 1637618406.10045, 1637618406.4214942, 1637618406.7396994, 1637618407.0128818, 1637618407.3117828, 1637618407.62081, 1637618407.9140365, 1637618408.231942, 1637618408.6915271, 1637618409.0763702, 1637618409.3921287, 1637618409.7232277, 1637618410.0326893, 1637618410.333034, 1637618410.6397939],