{"initial_reset_timestamp": 1637574385.116183, "timestamps": [1637574385.539177, 1637574385.9676352, 1637574386.3759294, 1637574386.7781417, 1637574387.2302096, 1637574387.6346855, 1637574388.0437565, 1637574393.4288015, 1637574393.8297365, 1637574394.2302005, 1637574394.6429353, 1637574395.0869837, 1637574395.500951, 1637574395.9226754, 1637574401.8250227, 1637574402.2413366, 1637574402.6503258, 1637574403.0682218, 1637574403.465991, 1637574403.9862928, 1637574404.4047947, 1637574466.6750574, 1637574467.0751536, 1637574467.4847488, 1637574467.8952935, 1637574468.3573804, 1637574468.768117, 1637574469.1815505, 1637574533.5857918, 1637574534.0092382, 1637574534.4417474, 1637574534.8700721, 1637574535.2901404, 1637574535.7482004, 1637574536.1853983, 1637574605.2905521, 1637574605.7126727, 1637574606.1259217, 1637574606.5301745, 1637574606.9493454, 1637574607.3572588, 1637574607.7760408, 1637574673.193188, 1637574673.4924273, 1637574673.887514, 1637574674.1733842, 1637574674.57466, 1637574674.9315567, 1637574675.2161524, 1637574675.5556622, 1637574676.0183508, 1637574676.4212747, 1637574741.3036418, 1637574741.651686, 1637574741.9611263, 1637574742.3371897, 1637574742.7596846, 1637574743.1783173, 1637574743.5803154, 1637574743.9073522, 1637574744.318307, 1637574809.9816265, 1637574810.3881588, 1637574810.8077247, 1637574811.216821, 1637574811.6138337, 1637574812.0167897, 1637574812.4476452, 1637574878.7265825, 1637574879.1338775, 1637574879.537309, 1637574879.9484026, 1637574880.3722348, 1637574880.786172, 1637574881.200097, 1637574951.8452535, 1637574952.2436872, 1637574952.6442986, 1637574953.0659382, 1637574953.4633024, 1637574953.867975, 1637574954.2685952, 1637575025.9434814, 1637575026.3478215, 1637575026.7854497, 1637575027.2685359, 1637575027.7448757, 1637575028.2501636, 1637575028.7382953, 1637575109.7717159, 1637575110.3387058, 1637575110.905734, 1637575111.4875827, 1637575112.0927498, 1637575112.756849, 1637575113.291849, 1637575211.147572, 1637575211.6990407, 1637575212.6101596, 1637575213.4386957, 1637575214.1921306, 1637575215.045944, 1637575216.0719428, 1637575304.027009, 1637575304.6123555, 1637575305.187316, 1637575305.7788608, 1637575306.3810742, 1637575306.9626117, 1637575307.59333, 1637575398.1985872, 1637575398.5360854, 1637575399.1043112, 1637575399.5500157, 1637575399.9548206, 1637575400.4479706, 1637575400.9973366, 1637575401.6025338, 1637575488.7896304, 1637575489.209774, 1637575489.6459215, 1637575490.1659882, 1637575490.6372583, 1637575491.115615, 1637575491.6139188, 1637575575.1035986, 1637575575.708256, 1637575576.161592, 1637575576.573775, 1637575576.8872824, 1637575577.3857944, 1637575577.891783, 1637575578.3581693, 1637575650.013727, 1637575650.3232899, 1637575650.5964348, 1637575650.9988828, 1637575651.3943093, 1637575651.77527, 1637575652.1950884, 1637575652.6033008, 1637575723.7211542, 1637575724.0740724, 1637575724.3379893, 1637575724.6515975, 1637575724.9677112, 1637575725.3401937, 1637575725.696684, 1637575726.0947, 1637575726.4240549, 1637575726.72645, 1637575727.126158, 1637575727.5024917, 1637575797.6960607, 1637575797.9666505, 1637575798.2828763, 1637575798.6168077, 1637575798.8736744, 1637575799.1334512, 1637575799.5315986, 1637575799.7970521, 1637575800.1175904, 1637575800.5060232, 1637575800.7561069, 1637575801.0673132, 1637575801.3800921, 1637575801.7914805, 1637575871.1038773, 1637575871.3673382, 1637575871.6576025, 1637575871.9608114, 1637575872.2880726, 1637575872.5300288, 1637575872.8470378, 1637575873.170771, 1637575873.488017, 1637575873.7249515, 1637575873.9668667, 1637575874.2233748, 1637575874.4817615, 1637575874.7605386, 1637575875.0298054, 1637575875.3016665, 1637575875.5872464, 1637575875.8448317, 1637575876.0970902, 1637575876.3340027, 1637575876.6057746, 1637575944.5850527, 1637575944.846805, 1637575945.1477072, 1637575945.4514446, 1637575945.740654, 1637575946.0390503, 1637575946.3012927, 1637575946.5599751, 1637575946.8688872, 1637575947.2348177, 1637575947.5837164, 1637575947.952194, 1637575948.358086, 1637575948.6261432, 1637575948.9601784, 1637575949.2039425, 1637575949.4997082, 1637576018.2282722, 1637576018.5231736, 1637576018.7947152, 1637576019.0945263, 1637576019.3706672, 1637576019.6087606, 1637576019.8538058, 1637576020.1141958, 1637576020.3970287, 1637576020.7462838, 1637576021.136262, 1637576021.3740242, 1637576021.8112276, 1637576022.0580573, 1637576022.3077838, 1637576022.5509326, 1637576022.8249707, 1637576023.0975611, 1637576023.3886967, 1637576091.0106738, 1637576091.236671, 1637576091.5638072, 1637576091.8099303, 1637576092.1279235, 1637576092.3910866, 1637576092.6889024, 1637576093.0037074, 1637576093.2508204, 1637576093.507069, 1637576093.7816186, 1637576094.0165792, 1637576094.3725758, 1637576094.6477187, 1637576094.9308095, 1637576095.1423686, 1637576095.3939378, 1637576095.67578, 1637576096.0725777, 1637576096.3806965, 1637576164.058131, 1637576164.3276653, 1637576164.6299064, 1637576164.9256642, 1637576165.177146, 1637576165.4662604, 1637576165.7276502, 1637576165.9938638, 1637576166.2470322, 1637576166.5285783, 1637576166.9209442, 1637576167.1811068, 1637576167.47994, 1637576167.7560668, 1637576168.000745, 1637576168.330126, 1637576168.6064696, 1637576168.8373144, 1637576169.1276624, 1637576169.4119585, 1637576169.7163692, 1637576239.9554212, 1637576240.3059623, 1637576240.6659107, 1637576240.9814348, 1637576241.2857544, 1637576241.5753334, 1637576241.852543, 1637576242.123612, 1637576242.4564035, 1637576242.696631, 1637576242.965787, 1637576243.2520814, 1637576243.55351, 1637576243.8972592, 1637576244.2410724, 1637576244.5057971, 1637576244.7797325, 1637576245.0702972, 1637576245.3744028, 1637576245.7072146, 1637576314.7799585, 1637576315.0234356, 1637576315.3626459, 1637576315.6318407, 1637576316.0830724, 1637576316.329365, 1637576316.6180632, 1637576316.8872006, 1637576317.1190445, 1637576317.3762012, 1637576317.6227143, 1637576317.8857129, 1637576318.1500719, 1637576318.405394, 1637576318.6889505, 1637576318.9709651, 1637576319.199365, 1637576319.4459834, 1637576319.731054, 1637576319.974411, 1637576320.257458, 1637576320.4899468, 1637576320.7679315, 1637576321.0628543, 1637576321.3589478, 1637576391.971048, 1637576392.2253804, 1637576392.456237, 1637576392.7333798, 1637576392.9883645, 1637576393.2283778, 1637576393.5002823, 1637576393.7521615, 1637576394.0503829, 1637576394.3329506, 1637576394.6095543, 1637576394.8562067, 1637576395.1205373, 1637576395.3767092, 1637576395.687587, 1637576395.9254506, 1637576396.213917, 1637576396.4578826, 1637576396.7655146, 1637576397.2314918, 1637576397.4938028, 1637576397.7912998, 1637576398.0806785, 1637576467.4340286, 1637576467.6765418, 1637576467.9307866, 1637576468.1687534, 1637576468.5127707, 1637576468.76988, 1637576469.037858, 1637576469.3159978, 1637576469.6126084, 1637576469.8834586, 1637576470.162545, 1637576470.4356303, 1637576470.7027116, 1637576471.0030308, 1637576471.262812, 1637576471.5509267, 1637576471.9162345, 1637576472.1980128, 1637576472.4674542, 1637576472.7718306, 1637576473.025922, 1637576473.386813],