{"initial_reset_timestamp": 1637460849.1613355, "timestamps": [1637460854.1560562, 1637460854.5042531, 1637460855.223191, 1637460855.987565, 1637460856.7859976, 1637460857.4510963, 1637460858.096072, 1637460863.5598047, 1637460864.2054439, 1637460864.8588717, 1637460865.5097835, 1637460866.0863144, 1637460866.7357864, 1637460872.2513058, 1637460875.0259004, 1637460877.5719857, 1637460880.2507167, 1637460882.8388052, 1637460885.6294162, 1637460888.1834319, 1637460895.803326, 1637460898.2992404, 1637460901.1153102, 1637460903.630341, 1637460906.5561514, 1637460909.1346836, 1637460911.9000647, 1637460919.3031037, 1637460922.0348172, 1637460924.5972242, 1637460926.5535827, 1637460929.3651888, 1637460931.9245713, 1637460934.7417948, 1637460941.301197, 1637460944.0372736, 1637460946.6290221, 1637460949.4151893, 1637460952.039326, 1637460954.890086, 1637460957.391967, 1637460964.721171, 1637460967.539925, 1637460970.162242, 1637460972.9735887, 1637460975.5750337, 1637460978.2946906, 1637460985.5612948, 1637460988.3727045, 1637460991.03794, 1637460993.8648055, 1637460996.4591675, 1637460999.3190048, 1637461001.90854, 1637461009.437597, 1637461012.0946326, 1637461014.885009, 1637461017.4182622, 1637461020.2676067, 1637461022.8358507, 1637461025.5980852, 1637461032.993765, 1637461035.1023293, 1637461037.873179, 1637461040.4311783, 1637461043.3108509, 1637461045.8062284, 1637461048.6682456, 1637461056.1197102, 1637461058.8959908, 1637461061.5283403, 1637461064.3564413, 1637461066.948439, 1637461069.790258, 1637461077.338505, 1637461080.2466133, 1637461082.873503, 1637461085.7184436, 1637461088.2565951, 1637461091.0937295, 1637461093.6668644, 1637461101.112411, 1637461103.9600415, 1637461106.551834, 1637461109.289948, 1637461111.911004, 1637461114.7325497, 1637461117.3457544, 1637461125.2922573, 1637461127.8484917, 1637461130.6428597, 1637461133.2701294, 1637461136.0885468, 1637461138.6496527, 1637461146.2908854, 1637461148.880337, 1637461151.7419918, 1637461154.2843678, 1637461157.1126072, 1637461159.6247494, 1637461162.3914385, 1637461169.8478167, 1637461172.4563193, 1637461175.1452622, 1637461177.7335072, 1637461180.5025892, 1637461183.0856519, 1637461185.8852632, 1637461193.2942886, 1637461196.1255343, 1637461198.6755874, 1637461201.4455528, 1637461204.0030541, 1637461206.7077706, 1637461214.057015, 1637461216.815669, 1637461219.3983777, 1637461222.1414754, 1637461224.6838071, 1637461227.420138, 1637461229.8985393, 1637461239.9760764, 1637461242.54824, 1637461245.3592541, 1637461247.8280962, 1637461250.554478, 1637461253.1093998, 1637461255.881088, 1637461267.3650014, 1637461269.8638065, 1637461272.6109598, 1637461275.1660945, 1637461277.9246778, 1637461280.4229488, 1637461292.249141, 1637461294.3380508, 1637461296.8540459, 1637461299.6369703, 1637461302.2118561, 1637461304.9947968, 1637461307.4721954, 1637461315.4734123, 1637461318.017358, 1637461320.7417624, 1637461323.2808442, 1637461326.0922685, 1637461328.6667225, 1637461331.4960399, 1637461339.0402653, 1637461341.8175764, 1637461344.456437, 1637461347.0698237, 1637461349.8153136, 1637461352.3135996, 1637461355.0801759, 1637461362.9179819, 1637461365.745978, 1637461368.2635095, 1637461371.0616279, 1637461373.5355306, 1637461376.256866, 1637461384.9349434, 1637461387.7425275, 1637461390.2973976, 1637461393.2034943, 1637461395.7003915, 1637461398.4122887, 1637461400.9865096, 1637461413.350051, 1637461415.909615, 1637461418.653944, 1637461421.1951869, 1637461424.1433125, 1637461426.6324246, 1637461429.3288782, 1637461441.0036323, 1637461443.4826381, 1637461446.2089705, 1637461448.8017707, 1637461451.575397, 1637461454.1146145, 1637461463.9411175, 1637461466.4393687, 1637461469.1890163, 1637461471.6930757, 1637461474.3696184, 1637461476.9189506, 1637461479.7123291, 1637461487.483047, 1637461490.267795, 1637461492.8385313, 1637461495.5225713, 1637461498.1268506, 1637461500.845602, 1637461503.3515012, 1637461517.0982525], "episode_lengths": [85, 150, 150, 150, 150, 150, 150, 150, 150, 150, 150, 121, 150, 150, 150, 150, 150, 150, 150, 150, 150, 150, 150, 150, 150, 150, 150, 150, 142, 150, 109, 150, 150, 150, 101, 150, 150, 150, 150, 150, 150, 150, 150, 150, 150, 150, 150, 150, 150, 150, 150, 150, 150, 150, 150, 150, 150, 150, 150, 150, 150, 150, 118, 150, 150, 150, 150, 150, 150, 150, 150, 150, 150, 150, 150, 150, 150, 150, 150, 150, 150, 150, 150, 150, 150, 150, 150, 150, 150, 150, 150, 150, 150, 150, 150, 150, 150, 150, 150, 150, 150, 150, 150, 150, 150, 150, 150, 150, 150, 150, 150, 150, 150, 150, 150, 150, 150, 150, 150, 150, 150, 150, 150, 150, 150, 150, 150, 150, 150, 150, 150, 150, 150, 150, 150, 105, 150, 150, 150, 150, 150, 150, 150, 150, 150, 150, 150, 150, 150, 150, 150, 150, 150, 150, 150, 150, 150, 150, 150, 150, 150, 150, 150, 150, 150, 150, 150, 150, 150, 150, 150, 150, 150, 150, 150, 150, 150, 150, 150, 150, 150, 150, 150, 150, 150, 150, 150, 150, 150, 150, 150, 150, 150, 150, 150, 150], "episode_rewards": [-84.0, -150.0, -150.0, -150.0, -150.0, -150.0, -150.0, -150.0, -150.0, -150.0, -150.0, -120.0, -150.0, -150.0, -150.0, -150.0, -150.0, -150.0, -150.0, -150.0, -150.0, -150.0, -150.0, -150.0, -150.0, -150.0, -150.0, -150.0, -141.0, -150.0, -108.0, -150.0, -150.0, -150.0, -100.0, -150.0, -150.0, -150.0, -150.0, -150.0, -150.0, -150.0, -150.0, -150.0, -150.0, -150.0, -150.0, -150.0, -150.0, -150.0, -150.0, -150.0, -150.0, -150.0, -150.0, -150.0, -150.0, -150.0, -150.0, -150.0, -150.0, -150.0, -117.0, -150.0, -150.0, -150.0, -150.0, -150.0, -150.0, -150.0, -150.0, -150.0, -150.0, -150.0, -150.0, -150.0, -150.0, -150.0, -150.0, -150.0, -150.0, -150.0, -150.0, -150.0, -150.0, -150.0, -150.0, -150.0, -150.0, -150.0, -150.0, -150.0, -150.0, -150.0, -150.0, -150.0, -150.0, -150.0, -150.0, -150.0, -150.0, -150.0, -150.0, -150.0, -150.0, -150.0, -150.0, -150.0, -150.0, -150.0, -150.0, -150.0, -150.0, -150.0, -150.0, -150.0, -150.0, -150.0, -150.0, -150.0, -150.0, -150.0, -150.0, -150.0, -150.0, -150.0, -150.0, -150.0, -150.0, -150.0, -150.0, -150.0, -150.0, -150.0, -150.0, -104.0, -150.0, -150.0, -150.0, -150.0, -150.0, -150.0, -150.0, -150.0, -150.0, -150.0, -150.0, -150.0, -150.0, -150.0, -150.0, -150.0, -150.0, -150.0, -150.0, -150.0, -150.0, -150.0, -150.0, -150.0, -150.0, -150.0, -150.0, -150.0, -150.0, -150.0, -150.0, -150.0, -150.0, -150.0, -150.0, -150.0, -150.0, -150.0, -150.0, -150.0, -150.0, -150.0, -150.0, -150.0, -150.0, -150.0, -150.0, -150.0, -150.0, -150.0, -150.0, -150.0, -150.0, -150.0, -150.0, -150.0, -150.0, -150.0, -150.0, -150.0], "episode_types": ["t", "t", "t", "t", "t", "t", "t", "t", "t", "t", "t", "t", "t", "t", "t", "t", "t", "t", "t", "t", "t", "t", "t", "t", "t", "t", "t", "t", "t", "t", "t", "t", "t", "t", "t", "t", "t", "t", "t", "t", "t", "t", "t", "t", "t", "t", "t", "t", "t", "t", "t", "t", "t", "t", "t", "t", "t", "t", "t", "t", "t", "t", "t", "t", "t", "t", "t", "t", "t", "t", "t", "t", "t", "t", "t", "t", "t", "t", "t", "t", "t", "t", "t", "t", "t", "t", "t", "t", "t", "t", "t", "t", "t", "t", "t", "t", "t", "t", "t", "t", "t", "t", "t", "t", "t", "t", "t", "t", "t", "t", "t", "t", "t", "t", "t", "t", "t", "t", "t", "t", "t", "t", "t", "t", "t", "t", "t", "t", "t", "t", "t", "t", "t", "t", "t", "t", "t", "t", "t", "t", "t", "t", "t", "t", "t", "t", "t", "t", "t", "t", "t", "t", "t", "t", "t", "t", "t", "t", "t", "t", "t", "t", "t", "t", "t", "t", "t", "t", "t", "t", "t", "t", "t", "t", "t", "t", "t", "t", "t", "t", "t", "t", "t", "t", "t", "t", "t", "t", "t", "t", "t", "t", "t", "t", "t", "t", "t"]}