{"initial_reset_timestamp": 1637460851.150202, "timestamps": [1637460851.570494, 1637460851.9853384, 1637460852.4029758, 1637460852.8153331, 1637460853.2265093, 1637460853.6668987, 1637460854.088622, 1637460860.3576217, 1637460860.7870033, 1637460861.210236, 1637460861.8635893, 1637460862.3242548, 1637460862.7473693, 1637460863.19444, 1637460869.584462, 1637460870.0097902, 1637460870.4232247, 1637460870.841606, 1637460871.3366535, 1637460871.7495377, 1637460872.1789258, 1637460892.0734618, 1637460892.5164413, 1637460892.9439209, 1637460893.3873608, 1637460893.8261626, 1637460894.3999329, 1637460894.9462047, 1637460914.8762345, 1637460915.2929618, 1637460915.7129807, 1637460916.3261914, 1637460916.8216424, 1637460917.2322981, 1637460917.6380494, 1637460937.6485543, 1637460938.2958891, 1637460938.7402225, 1637460939.1485035, 1637460939.5683734, 1637460939.9817996, 1637460940.3996027, 1637460960.4908211, 1637460960.9131944, 1637460961.3318675, 1637460961.7734885, 1637460962.1970496, 1637460962.619129, 1637460963.0396776, 1637460982.9189453, 1637460983.3452501, 1637460983.7592645, 1637460984.1824298, 1637460984.6063335, 1637460985.035998, 1637460985.460488, 1637461005.8420887, 1637461006.2584598, 1637461006.6838741, 1637461007.100932, 1637461007.5172284, 1637461007.9324286, 1637461008.3459632, 1637461028.480511, 1637461028.897807, 1637461029.3276777, 1637461029.7354531, 1637461030.166394, 1637461030.8156385, 1637461031.285142, 1637461051.3350418, 1637461051.7810104, 1637461052.2120667, 1637461052.872532, 1637461053.3048906, 1637461053.7394624, 1637461054.1763825, 1637461074.0869951, 1637461074.7085037, 1637461075.1379683, 1637461075.5650291, 1637461076.0836413, 1637461076.5176554, 1637461076.9590507, 1637461097.274414, 1637461097.7012575, 1637461098.1343129, 1637461098.5758808, 1637461099.0215528, 1637461099.476209, 1637461099.9181645, 1637461120.3615015, 1637461120.816832, 1637461121.2774527, 1637461121.7363625, 1637461122.1895204, 1637461122.6218026, 1637461123.06128, 1637461143.0934029, 1637461143.5123947, 1637461143.9435449, 1637461144.3692322, 1637461144.787433, 1637461145.373969, 1637461145.8845005, 1637461165.8593953, 1637461166.2742875, 1637461166.7092752, 1637461167.3470287, 1637461167.8344717, 1637461168.254141, 1637461168.685688, 1637461188.4783602, 1637461189.1090822, 1637461189.61041, 1637461190.0571961, 1637461190.4888964, 1637461190.9062283, 1637461191.3301396, 1637461211.0712652, 1637461211.5109696, 1637461211.9427564, 1637461212.3607647, 1637461212.8327193, 1637461213.2578118, 1637461213.6858933, 1637461233.3336809, 1637461233.6183116, 1637461233.960635, 1637461234.2672074, 1637461234.5640166, 1637461234.905243, 1637461235.1979544, 1637461235.5722818, 1637461236.0234292, 1637461236.348173, 1637461236.6471941, 1637461236.974183, 1637461237.3063364, 1637461237.6245875, 1637461238.096054, 1637461238.4354873, 1637461238.8164275, 1637461258.369005, 1637461258.64825, 1637461258.9316926, 1637461259.178553, 1637461259.5066562, 1637461259.9254189, 1637461260.2550647, 1637461260.6131158, 1637461260.9645677, 1637461261.2981732, 1637461261.597058, 1637461261.8517747, 1637461262.170825, 1637461262.4692936, 1637461262.7458773, 1637461263.0413172, 1637461263.3487144, 1637461263.6177666, 1637461263.9178607, 1637461264.24971, 1637461264.55408, 1637461264.8242514, 1637461265.2214146, 1637461284.7758079, 1637461285.0645604, 1637461285.339526, 1637461285.6112692, 1637461285.9137301, 1637461286.232467, 1637461286.5421145, 1637461286.857679, 1637461287.2812805, 1637461287.6167598, 1637461287.9228077, 1637461288.2529562, 1637461288.5546656, 1637461288.9627783, 1637461289.2280862, 1637461289.5289807, 1637461289.8517995, 1637461290.1578567, 1637461290.4249468, 1637461290.7036777, 1637461290.9996486, 1637461291.2706509, 1637461291.5460215, 1637461291.8653996, 1637461311.838103, 1637461312.195381, 1637461312.6465862, 1637461313.088586, 1637461313.5277367, 1637461313.8629634, 1637461314.4093733, 1637461314.9997382, 1637461334.825621, 1637461335.2994547, 1637461335.7502682, 1637461336.329378, 1637461336.8702328, 1637461337.3347929, 1637461337.7939427, 1637461357.6446805, 1637461358.236139, 1637461358.7332606, 1637461359.1977918, 1637461359.6487927, 1637461359.95912, 1637461360.409862, 1637461360.8637815, 1637461380.397464, 1637461380.7763786, 1637461381.1752615, 1637461381.5070267, 1637461381.9507694, 1637461382.267018, 1637461382.6138294, 1637461382.933955, 1637461383.2811627, 1637461383.671344, 1637461384.0277822, 1637461384.477279, 1637461404.3806098, 1637461404.6603, 1637461404.9659474, 1637461405.228926, 1637461405.522815, 1637461405.8133276, 1637461406.101609, 1637461406.4052622, 1637461406.6575859, 1637461406.9266584, 1637461407.3662374, 1637461407.6671972, 1637461407.9513276, 1637461408.245928, 1637461408.5588562, 1637461408.847036, 1637461409.1839094, 1637461409.5169148, 1637461409.8018916, 1637461410.1276796, 1637461410.3927329, 1637461410.7231805, 1637461411.0058885, 1637461411.3021646, 1637461411.5800638, 1637461411.8655508, 1637461431.759711, 1637461432.04549, 1637461432.395734, 1637461432.6904852, 1637461433.0002432, 1637461433.2697842, 1637461433.5870287, 1637461433.8908443, 1637461434.183374, 1637461434.6467755, 1637461434.9504018, 1637461435.2997663, 1637461435.5905876, 1637461435.8722591, 1637461436.1789794, 1637461436.4406, 1637461436.7086787, 1637461437.0292716, 1637461437.3105576, 1637461437.6070607, 1637461437.9707446, 1637461438.2722602, 1637461438.5747683, 1637461438.832651, 1637461458.3077085, 1637461458.5903108, 1637461458.94423, 1637461459.2465656, 1637461459.5566237, 1637461459.903563, 1637461460.1933386, 1637461460.480409, 1637461460.7611725, 1637461461.1547124, 1637461461.6086736, 1637461462.0422935, 1637461462.4246671, 1637461462.747744, 1637461463.0948107, 1637461463.4828339, 1637461482.9948509, 1637461483.4625819, 1637461483.9894345, 1637461484.3610559, 1637461484.7993617, 1637461485.224763, 1637461485.5863757, 1637461485.879666, 1637461486.2550082, 1637461505.94567, 1637461506.248883, 1637461506.5427427, 1637461506.8230426, 1637461507.112762, 1637461507.3673472, 1637461507.6506085, 1637461507.9159973, 1637461508.2104447, 1637461508.4615748, 1637461508.72244, 1637461509.0216093, 1637461509.2910197, 1637461509.549436, 1637461509.8310518, 1637461510.1193774, 1637461510.4006758, 1637461510.9354076, 1637461511.216587, 1637461511.4759798, 1637461511.7898843, 1637461512.06712, 1637461512.3376296, 1637461512.7228277, 1637461513.0377588, 1637461513.307453, 1637461513.572835, 1637461513.8505816, 1637461514.121953, 1637461514.3811817, 1637461514.6774697, 1637461514.9220297],