{"initial_reset_timestamp": 1637476078.586346, "timestamps": [1637476083.661228, 1637476084.0458138, 1637476084.80291, 1637476085.4502306, 1637476086.0782526, 1637476086.8238692, 1637476091.93312, 1637476092.5853212, 1637476093.2194374, 1637476093.8574727, 1637476094.704157, 1637476095.3193474, 1637476095.9355333, 1637476101.7054868, 1637476103.9803305, 1637476106.4278567, 1637476108.7007477, 1637476111.1902494, 1637476113.4604046, 1637476115.747215, 1637476122.2859776, 1637476124.5789309, 1637476126.8570673, 1637476129.3572228, 1637476131.6137683, 1637476134.067175, 1637476136.323446, 1637476143.144141, 1637476145.686403, 1637476147.9345646, 1637476150.381933, 1637476152.6251543, 1637476155.1012204, 1637476161.9408422, 1637476164.2303617, 1637476166.7444248, 1637476169.0489101, 1637476171.5057256, 1637476173.7795255, 1637476176.0713384, 1637476183.1790993, 1637476185.5191145, 1637476188.0044308, 1637476190.2879422, 1637476192.5653086, 1637476194.9927835, 1637476197.2609704, 1637476204.2556996, 1637476206.5464897, 1637476208.8908732, 1637476211.3493, 1637476213.643691, 1637476216.093161, 1637476222.9129767, 1637476225.204954, 1637476227.7141511, 1637476230.0147946, 1637476232.4910665, 1637476234.7728443, 1637476237.2560089, 1637476244.1241493, 1637476246.4309778, 1637476248.938868, 1637476251.231456, 1637476253.7069302, 1637476255.969014, 1637476258.2407236, 1637476267.5987375, 1637476270.1208458, 1637476272.3674796, 1637476274.6498733, 1637476277.1334236, 1637476279.4359274, 1637476290.3959742, 1637476292.8318567, 1637476295.0931358, 1637476297.5442698, 1637476299.827238, 1637476302.094664, 1637476304.5867982, 1637476315.7227361, 1637476317.9982066, 1637476320.432455, 1637476322.6784656, 1637476325.122799, 1637476327.3750272, 1637476329.6684062, 1637476340.1345992, 1637476342.5860784, 1637476344.8335118, 1637476347.2980506, 1637476349.5795414, 1637476351.847979, 1637476362.38956, 1637476364.9115944, 1637476367.1842723, 1637476369.6724002, 1637476371.9641516, 1637476374.4072087, 1637476376.6469743, 1637476388.557031, 1637476391.0405467, 1637476393.2857697, 1637476395.557194, 1637476397.982737, 1637476400.234604, 1637476402.6836634, 1637476413.4259405, 1637476415.73725, 1637476418.1720793, 1637476420.4442668, 1637476422.6993418, 1637476425.1456835, 1637476436.7345905, 1637476439.0727715, 1637476441.5759623, 1637476443.8431878, 1637476446.2715387, 1637476448.505552, 1637476450.8824768, 1637476464.6867943, 1637476466.9473794, 1637476469.3897989, 1637476471.6949277, 1637476474.175022, 1637476476.5233617, 1637476478.9916797, 1637476491.132523, 1637476493.3876603, 1637476495.7700443, 1637476497.9805796, 1637476500.3913307, 1637476502.6281664, 1637476513.454192, 1637476515.7222779, 1637476518.13834, 1637476520.3667443, 1637476522.809702, 1637476525.0925615, 1637476527.3161268, 1637476535.7496574, 1637476538.0215201, 1637476540.4753916, 1637476542.729471, 1637476545.1437511, 1637476547.369049, 1637476549.7614524, 1637476556.6611917, 1637476558.886102, 1637476561.3373258, 1637476563.5586617, 1637476565.8733819, 1637476568.2145252, 1637476575.2871513, 1637476577.7762725, 1637476580.0282393, 1637476582.334375, 1637476584.7239578, 1637476586.9161072, 1637476589.3488555, 1637476596.1816235, 1637476598.523879, 1637476600.987765, 1637476603.2439346, 1637476605.696455, 1637476607.9244623, 1637476610.3856826, 1637476617.2764943, 1637476619.5663688, 1637476621.9738843, 1637476624.2530315, 1637476626.6524026, 1637476628.8975046, 1637476635.8043227, 1637476638.2391677, 1637476640.6197975, 1637476643.0637774, 1637476645.2628243, 1637476647.4796064, 1637476649.9167702, 1637476656.797481, 1637476659.2257354, 1637476661.5478644, 1637476663.821437, 1637476666.2555432, 1637476668.5002608, 1637476670.925212, 1637476677.8357387, 1637476680.1171057, 1637476682.5751402, 1637476684.833229, 1637476687.2621386, 1637476689.5078382, 1637476696.267647, 1637476698.711133, 1637476700.9756196, 1637476703.4367862, 1637476705.7153966, 1637476707.977526, 1637476710.4100423, 1637476717.3045526, 1637476719.7991781, 1637476722.0307453, 1637476724.2601097, 1637476726.693084, 1637476728.9221377, 1637476731.3768532, 1637476738.2371554, 1637476740.5333555, 1637476742.982166, 1637476745.2479193, 1637476747.6746163, 1637476749.9005315, 1637476756.6482773, 1637476759.0964816, 1637476761.3276906, 1637476763.769801, 1637476766.1762626, 1637476768.6008034, 1637476770.828236, 1637476777.9368, 1637476780.4261422, 1637476782.676893, 1637476785.1633282, 1637476787.4148781, 1637476789.6424744, 1637476792.0859618, 1637476798.8858838, 1637476801.342791, 1637476803.6016755, 1637476805.8829505, 1637476808.3211699, 1637476810.5315425, 1637476817.9463747, 1637476820.2006252, 1637476822.4265666, 1637476824.9660888, 1637476827.1929731, 1637476829.6687777, 1637476831.9065347, 1637476838.8558671, 1637476841.3208494, 1637476843.579366, 1637476846.027862, 1637476848.2761905, 1637476850.6784515, 1637476852.9430633, 1637476864.8676217, 1637476867.3183665, 1637476869.5703723, 1637476871.7791898, 1637476874.201892, 1637476876.4389722, 1637476890.417411, 1637476892.6637435, 1637476895.1103134, 1637476897.353996, 1637476899.6654797, 1637476902.0216634, 1637476904.2714808, 1637476918.1601222, 1637476920.4881473, 1637476922.9125235, 1637476925.1528444, 1637476927.5873609, 1637476929.850165, 1637476932.0787003, 1637476946.814698, 1637476949.1886327, 1637476951.5114326, 1637476953.720203, 1637476956.1532972, 1637476958.4161615, 1637476973.2860322, 1637476975.5004578, 1637476978.0201838, 1637476980.2889168, 1637476982.7778175, 1637476985.0411308, 1637476987.2609484, 1637477001.5785778, 1637477003.814482, 1637477006.2265031, 1637477008.4542367, 1637477010.9172025, 1637477013.1417446, 1637477015.6241336, 1637477030.2763207, 1637477032.7698247, 1637477035.0106552, 1637477037.4458737, 1637477039.7275434, 1637477041.9819298, 1637477055.8035736, 1637477058.0677729, 1637477060.504571, 1637477062.7260368, 1637477065.184801, 1637477067.459563, 1637477069.7915568, 1637477082.683848, 1637477084.915811, 1637477087.375294, 1637477089.65108, 1637477092.1693602, 1637477094.4372432, 1637477096.6952207, 1637477111.1738625, 1637477113.4037983, 1637477115.818017, 1637477118.1510458, 1637477120.622235, 1637477122.8330705, 1637477137.0191293, 1637477139.255698, 1637477141.6963332, 1637477143.9082358, 1637477146.1406088, 1637477148.5474458, 1637477150.7833753, 1637477165.4523304, 1637477167.6792476, 1637477170.124905, 1637477172.3343782, 1637477174.775614, 1637477176.9966257, 1637477179.2370076, 1637477193.942638, 1637477196.3837588, 1637477198.6312017, 1637477200.8971145, 1637477203.36362, 1637477205.598128],