{"initial_reset_timestamp": 1637444809.0503, "timestamps": [1637444809.4420795, 1637444809.8260245, 1637444810.21307, 1637444810.5996468, 1637444810.9848058, 1637444811.364439, 1637444811.7468095, 1637444817.1277654, 1637444817.5185208, 1637444817.9104075, 1637444818.302616, 1637444818.8114626, 1637444819.2119868, 1637444819.5891106, 1637444825.368998, 1637444825.7695792, 1637444826.1934977, 1637444826.5809913, 1637444826.9888315, 1637444827.483949, 1637444827.9123003], "episode_lengths": [150, 150, 150, 150, 150, 150, 150, 150, 150, 150, 150, 150, 150, 150, 150, 150, 150, 150, 150, 150, 150], "episode_rewards": [-150.0, -150.0, -150.0, -150.0, -150.0, -150.0, -150.0, -150.0, -150.0, -150.0, -150.0, -150.0, -150.0, -150.0, -150.0, -150.0, -150.0, -150.0, -150.0, -150.0, -150.0], "episode_types": ["t", "t", "t", "t", "t", "t", "t", "t", "t", "t", "t", "t", "t", "t", "t", "t", "t", "t", "t", "t", "t"]}