{"initial_reset_timestamp": 1637444808.8433971, "timestamps": [1637444811.8374448, 1637444812.2722008, 1637444812.9327133, 1637444813.575601, 1637444814.1704147, 1637444814.7538168, 1637444819.7090802, 1637444820.300592, 1637444820.87355, 1637444821.4440475, 1637444822.028851, 1637444822.5987096, 1637444823.1755092], "episode_lengths": [150, 150, 150, 150, 150, 150, 150, 150, 150, 150, 150, 150, 150], "episode_rewards": [-150.0, -150.0, -150.0, -150.0, -150.0, -150.0, -150.0, -150.0, -150.0, -150.0, -150.0, -150.0, -150.0], "episode_types": ["t", "t", "t", "t", "t", "t", "t", "t", "t", "t", "t", "t", "t", "t"]}