{"initial_reset_timestamp": 1637186405.3004036, "timestamps": [1637186414.8774927, 1637186415.2730117, 1637186415.6775794, 1637186416.069732, 1637186416.463812, 1637186417.0448418, 1637186417.58134, 1637186418.114162, 1637186418.6929624, 1637186419.2012064, 1637186419.8273382, 1637186420.362315, 1637186420.8773847, 1637186421.3820107, 1637186421.889483, 1637186422.3999681, 1637186422.9095886, 1637186423.4200182, 1637186423.9307556, 1637186424.434579, 1637186435.12798, 1637186435.6809287, 1637186436.1767936, 1637186436.6911592, 1637186437.1880877, 1637186437.6861746, 1637186438.1937983, 1637186438.6939175, 1637186439.1969504, 1637186439.7001252, 1637186440.215088, 1637186440.7294304, 1637186441.2293096, 1637186441.739878, 1637186442.2374663, 1637186442.7366798, 1637186443.2330785, 1637186443.6763105, 1637186444.1884046, 1637186444.697563], "episode_lengths": [50, 50, 50, 50, 50, 50, 50, 50, 50, 50, 50, 50, 50, 50, 50, 50, 50, 50, 50, 50, 50, 50, 50, 50, 50, 50, 50, 50, 50, 50, 50, 50, 50, 50, 50, 50, 50, 30, 50, 50], "episode_rewards": [-50.0, -50.0, -50.0, -50.0, -50.0, -50.0, -50.0, -50.0, -50.0, -50.0, -50.0, -50.0, -50.0, -50.0, -50.0, -50.0, -50.0, -50.0, -50.0, -50.0, -50.0, -50.0, -50.0, -50.0, -50.0, -50.0, -50.0, -50.0, -50.0, -50.0, -50.0, -50.0, -50.0, -50.0, -50.0, -50.0, -50.0, -29.0, -50.0, -50.0], "episode_types": ["t", "t", "t", "t", "t", "t", "t", "t", "t", "t", "t", "t", "t", "t", "t", "t", "t", "t", "t", "t", "t", "t", "t", "t", "t", "t", "t", "t", "t", "t", "t", "t", "t", "t", "t", "t", "t", "t", "t", "t", "t"]}