{"initial_reset_timestamp": 1637186405.6860874, "timestamps": [1637186406.1155536, 1637186406.5333838, 1637186406.9602144, 1637186407.368017, 1637186407.7867422, 1637186408.1998956, 1637186408.6143312, 1637186409.0234127, 1637186409.455902, 1637186409.9258547, 1637186410.3733666, 1637186410.8069172, 1637186411.268561, 1637186411.7923644, 1637186412.2101755, 1637186412.623158, 1637186413.1458023, 1637186413.5943677, 1637186414.0098128, 1637186414.4161608, 1637186414.8403454, 1637186426.815207, 1637186427.2851102, 1637186427.6915164, 1637186428.2126372, 1637186428.6314957, 1637186429.0555131, 1637186429.4821122, 1637186429.904091, 1637186430.3422427, 1637186430.7674038, 1637186431.193071, 1637186431.604838, 1637186432.029654, 1637186432.443827, 1637186432.856665, 1637186433.2901285, 1637186433.70699, 1637186434.1388574, 1637186434.5555134, 1637186434.9902096, 1637186447.243215, 1637186447.6538527, 1637186448.0608208, 1637186448.4923277, 1637186448.9012814, 1637186449.318386, 1637186449.727226, 1637186450.1375754, 1637186450.5728185, 1637186450.9928265, 1637186451.4150724, 1637186451.8252587, 1637186452.2342227, 1637186452.6467452, 1637186453.1093905, 1637186453.535703, 1637186453.9438477, 1637186454.464427, 1637186454.8804615, 1637186455.2983677], "episode_lengths": [50, 50, 50, 49, 50, 50, 50, 50, 50, 50, 50, 50, 44, 50, 50, 50, 50, 50, 50, 50, 47, 50, 50, 50, 50, 50, 50, 50, 50, 50, 50, 50, 50, 50, 50, 50, 50, 50, 50, 50, 50, 50, 50, 50, 50, 50, 50, 50, 50, 50, 50, 50, 50, 50, 50, 50, 50, 50, 50, 50, 50], "episode_rewards": [-50.0, -50.0, -50.0, -48.0, -50.0, -50.0, -50.0, -50.0, -50.0, -50.0, -50.0, -50.0, -43.0, -50.0, -50.0, -50.0, -50.0, -50.0, -50.0, -50.0, -46.0, -50.0, -50.0, -50.0, -50.0, -50.0, -50.0, -50.0, -50.0, -50.0, -50.0, -50.0, -50.0, -50.0, -50.0, -50.0, -50.0, -50.0, -50.0, -50.0, -50.0, -50.0, -50.0, -50.0, -50.0, -50.0, -50.0, -50.0, -50.0, -50.0, -50.0, -50.0, -50.0, -50.0, -50.0, -50.0, -50.0, -50.0, -50.0, -50.0, -50.0], "episode_types": ["t", "t", "t", "t", "t", "t", "t", "t", "t", "t", "t", "t", "t", "t", "t", "t", "t", "t", "t", "t", "t", "t", "t", "t", "t", "t", "t", "t", "t", "t", "t", "t", "t", "t", "t", "t", "t", "t", "t", "t", "t", "t", "t", "t", "t", "t", "t", "t", "t", "t", "t", "t", "t", "t", "t", "t", "t", "t", "t", "t", "t"]}