{"initial_reset_timestamp": 1637477397.2299154, "timestamps": [1637477402.1497796, 1637477402.6747985, 1637477403.3734496, 1637477404.0406544, 1637477404.680366, 1637477405.2978141, 1637477410.5602503, 1637477411.316069, 1637477412.0199585, 1637477412.6234698, 1637477413.2324758, 1637477413.8486106, 1637477414.4686224, 1637477420.8018298, 1637477423.3208911, 1637477425.585896, 1637477428.0650585, 1637477430.3882444, 1637477432.6697633, 1637477435.1272264, 1637477441.9741807, 1637477444.4775443, 1637477446.7621927, 1637477449.0537426, 1637477451.540464, 1637477453.8345935, 1637477460.8433635, 1637477463.132159, 1637477465.4252064, 1637477467.970207, 1637477470.2481744, 1637477472.769437, 1637477475.0359075, 1637477481.6685545, 1637477484.1657605, 1637477486.3361564, 1637477488.8576689, 1637477491.130632, 1637477493.6404414, 1637477495.911408, 1637477502.7929344, 1637477505.3307688, 1637477507.6165378, 1637477510.086273, 1637477512.3661942, 1637477514.6802871, 1637477521.5939198, 1637477523.8617191, 1637477526.3852205, 1637477528.6989686, 1637477530.9900358, 1637477533.4547014, 1637477535.7259755, 1637477542.6106336, 1637477544.9772048, 1637477547.2828605, 1637477549.8712866, 1637477552.136362, 1637477554.6225429, 1637477556.8943536, 1637477563.6394734, 1637477566.1678538, 1637477568.4949381, 1637477570.9747674, 1637477573.341033, 1637477575.863057, 1637477583.795839, 1637477586.308506, 1637477588.7245026, 1637477591.0089073, 1637477593.5036125, 1637477595.768825, 1637477598.2446685, 1637477604.8771267, 1637477607.2165368, 1637477609.797479, 1637477612.0832627, 1637477614.5747478, 1637477616.880308, 1637477619.3659668, 1637477627.5293736, 1637477629.8463938, 1637477632.3529372, 1637477634.6785915, 1637477637.1803613, 1637477639.1565285, 1637477650.213902, 1637477652.7052732, 1637477655.0223916, 1637477657.335114, 1637477659.8464198, 1637477662.1182773, 1637477664.6541042, 1637477671.377427, 1637477673.6687436, 1637477676.2343023, 1637477678.4997406, 1637477680.9938376, 1637477683.2705476, 1637477684.4574625, 1637477696.1661134, 1637477698.5435114, 1637477700.8118238, 1637477703.3350635, 1637477705.5964878, 1637477708.1015673, 1637477710.4064424, 1637477721.5876253, 1637477724.070969, 1637477726.4278467, 1637477728.7264333, 1637477731.1855965, 1637477733.4620314, 1637477735.968006, 1637477748.1473167, 1637477750.4196901, 1637477752.8844478, 1637477755.1641495, 1637477757.6494844, 1637477759.9289567, 1637477770.7673852, 1637477773.241221, 1637477775.5101926, 1637477777.7736464, 1637477780.3252444, 1637477782.5731862, 1637477785.0376575, 1637477795.407212, 1637477797.6892612, 1637477799.930363, 1637477802.398407, 1637477804.668405, 1637477807.1387765, 1637477809.3856122, 1637477820.7043188, 1637477823.1795146, 1637477825.401681, 1637477827.8811815, 1637477830.1404006, 1637477832.4026139, 1637477843.2064524, 1637477845.6552649, 1637477847.9443474, 1637477850.3700728, 1637477852.6211028, 1637477854.9536312, 1637477857.3178725, 1637477869.5908294, 1637477872.0984247, 1637477874.3492203, 1637477876.6099658, 1637477879.0747979, 1637477881.3107555, 1637477883.8470962, 1637477896.1558537, 1637477898.4505801, 1637477900.8995638, 1637477903.1645155, 1637477905.636444, 1637477907.9126658, 1637477919.2713654, 1637477921.7349026, 1637477923.9983182, 1637477926.2797418, 1637477928.7869632, 1637477931.082319, 1637477933.5328825, 1637477945.8435905, 1637477948.1251388, 1637477950.6102822, 1637477952.86341, 1637477955.3462343, 1637477957.6153474, 1637477960.08355, 1637477972.9302967, 1637477975.1740553, 1637477977.6203287, 1637477980.0336478, 1637477982.4654865, 1637477984.7269924, 1637477997.2590387, 1637477999.7556493, 1637478001.9901793, 1637478004.4943688, 1637478006.7774215, 1637478009.258862, 1637478011.5417233, 1637478024.5231774, 1637478027.0631711, 1637478029.3317811, 1637478031.8638058, 1637478034.1336422, 1637478036.5773575, 1637478038.9104896, 1637478052.8597348, 1637478055.2680628, 1637478057.5382187, 1637478059.9811747, 1637478062.3017538, 1637478064.790014, 1637478077.7315676, 1637478079.9802787, 1637478082.4777396, 1637478084.748185, 1637478087.213878, 1637478089.4765368, 1637478092.0006921, 1637478105.643692, 1637478108.1244597, 1637478110.3931065, 1637478112.768258, 1637478115.2463455, 1637478117.534225, 1637478120.0032275, 1637478133.9935706, 1637478136.4479766, 1637478138.7103758, 1637478141.153465, 1637478143.4277396, 1637478145.699143, 1637478159.355576, 1637478161.6376386, 1637478164.1470284, 1637478166.4010036, 1637478168.8854418, 1637478171.158291, 1637478173.499352, 1637478187.3632433, 1637478189.6304383, 1637478192.1073859, 1637478194.390233, 1637478196.8528965, 1637478199.1377244, 1637478201.6090183, 1637478215.9576542, 1637478218.4304466, 1637478220.6866405, 1637478223.0758622, 1637478225.4570777, 1637478227.6824827, 1637478241.9492586, 1637478244.3345337, 1637478246.8201299, 1637478249.063577, 1637478251.487599, 1637478253.7368867, 1637478256.2544684, 1637478269.6691349, 1637478271.9077854, 1637478274.3704154, 1637478276.6525605, 1637478279.139198, 1637478281.4108794, 1637478283.8838425, 1637478298.3272085, 1637478300.818614, 1637478303.0627894, 1637478305.4451878, 1637478307.809348, 1637478310.0872517, 1637478323.9705055, 1637478326.2667964, 1637478328.7294278, 1637478331.0140073, 1637478333.5223653, 1637478335.8551202, 1637478338.178915, 1637478353.218472, 1637478355.718529, 1637478358.000288, 1637478360.4782715, 1637478362.7668817, 1637478365.042101, 1637478367.518253, 1637478382.3209572, 1637478384.6617122, 1637478386.9513023, 1637478389.4116254, 1637478391.7221715, 1637478394.2093031, 1637478408.928312, 1637478411.3780448, 1637478413.656818, 1637478416.0802004, 1637478418.3494635, 1637478420.8651762, 1637478423.1276267, 1637478438.4794073, 1637478440.7491875, 1637478443.2417035, 1637478445.4923255, 1637478447.7505813, 1637478450.2172315, 1637478452.434951, 1637478467.5281885, 1637478469.8096821, 1637478472.259354, 1637478474.5343728, 1637478477.0087078, 1637478479.2863574, 1637478494.734235, 1637478496.980749, 1637478499.4851656, 1637478501.7319107, 1637478504.188845, 1637478506.4781237, 1637478508.9732726, 1637478523.7969353, 1637478526.246848, 1637478528.4822633, 1637478530.9856174, 1637478533.248687, 1637478535.522065, 1637478537.9722273, 1637478552.118549, 1637478554.6090627, 1637478556.862358, 1637478559.3245487, 1637478561.5833912, 1637478564.0338209, 1637478577.8275433, 1637478580.2481458, 1637478582.5591822, 1637478584.8562727, 1637478587.3246067, 1637478589.5621467, 1637478592.038368, 1637478606.7817688, 1637478609.312061, 1637478611.5663347, 1637478614.0105615, 1637478616.2883275, 1637478618.7983387, 1637478621.0631025],