{"initial_reset_timestamp": 1637566963.459757, "timestamps": [1637566963.8595746, 1637566964.2708764, 1637566964.670223, 1637566965.074973, 1637566965.4973197, 1637566965.9810414, 1637566966.3961399, 1637566971.8092165, 1637566972.206208, 1637566972.6133742, 1637566973.0104713, 1637566973.461688, 1637566973.8607805, 1637566974.248196, 1637566979.9919853, 1637566980.3936865, 1637566980.789094, 1637566981.1847017, 1637566981.5891564, 1637566981.986472, 1637566982.3983366, 1637567039.684218, 1637567040.1005719, 1637567040.5083039, 1637567040.9094067, 1637567041.274158, 1637567041.714718, 1637567042.1190588, 1637567103.853538, 1637567104.2521186, 1637567104.6566145, 1637567105.0601423, 1637567105.4585671, 1637567105.8721538, 1637567106.2680094, 1637567167.9670932, 1637567168.3767855, 1637567168.782016, 1637567169.1520796, 1637567169.5410092, 1637567169.931524, 1637567170.258587, 1637567170.5900996, 1637567170.9978836, 1637567233.5979507, 1637567233.9996622, 1637567234.3971853, 1637567234.8129504, 1637567235.2326398, 1637567235.6662083, 1637567236.095771, 1637567300.323852, 1637567300.8101776, 1637567301.2100418, 1637567301.6200356, 1637567302.0087395, 1637567302.388159, 1637567302.7821138, 1637567368.0830736, 1637567368.4641964, 1637567368.8421397, 1637567369.24856, 1637567369.691468, 1637567370.1106443, 1637567370.586184, 1637567441.4245546, 1637567441.8915844, 1637567442.3600378, 1637567442.8154047, 1637567443.2985327, 1637567443.7793906, 1637567444.2388866, 1637567518.397518, 1637567518.7881162, 1637567519.174991, 1637567519.5710387, 1637567519.9732955, 1637567520.3758714, 1637567520.804434, 1637567589.638907, 1637567590.0339751, 1637567590.4261167, 1637567590.809729, 1637567591.2047858, 1637567591.587011, 1637567591.9676936, 1637567659.8845387, 1637567660.3187985, 1637567660.7513204, 1637567661.175897, 1637567661.5738885, 1637567661.9563923, 1637567662.3565679, 1637567734.4305239, 1637567734.9176123, 1637567735.40993, 1637567735.893571, 1637567736.3554046, 1637567736.8369296, 1637567737.1384802, 1637567737.8987868, 1637567813.5300875, 1637567813.9333935, 1637567814.436022, 1637567814.856036, 1637567815.3261368, 1637567815.7355778, 1637567816.1719565, 1637567893.3775382, 1637567893.6811268, 1637567894.1688006, 1637567894.5872335, 1637567895.127632, 1637567895.4787786, 1637567895.8295949, 1637567896.3879242, 1637567896.8906496, 1637567897.3189535, 1637567974.154567, 1637567974.5653815, 1637567974.8508778, 1637567975.1770835, 1637567975.5614107, 1637567975.9029744, 1637567976.194182, 1637567976.5639348, 1637567976.8655343, 1637567977.189327, 1637567977.5459816, 1637568052.031664, 1637568052.3357742, 1637568052.6596005, 1637568052.9591842, 1637568053.248279, 1637568053.623973, 1637568053.9306808, 1637568054.251489, 1637568054.6735747, 1637568054.9840407, 1637568055.2413032, 1637568055.6119359, 1637568055.9065468, 1637568056.300084, 1637568056.5551686, 1637568056.8772814, 1637568129.8257213, 1637568130.1146667, 1637568130.4081485, 1637568130.744964, 1637568131.0361493, 1637568131.3755069, 1637568131.7015321, 1637568131.9830935, 1637568132.3272307, 1637568132.6121304, 1637568132.891006, 1637568133.2710693, 1637568133.55585, 1637568133.8911662, 1637568134.2091305, 1637568134.6263528, 1637568134.9667523, 1637568135.2761824, 1637568135.563577, 1637568207.5187888, 1637568207.8063028, 1637568208.1215296, 1637568208.431114, 1637568208.7175143, 1637568209.0067728, 1637568209.3503723, 1637568209.6235726, 1637568210.040267, 1637568210.3310046, 1637568210.5725257, 1637568210.994227, 1637568211.4037232, 1637568211.74394, 1637568212.078106, 1637568212.434044, 1637568212.795071, 1637568213.1003895, 1637568213.4207919, 1637568289.4672937, 1637568289.7889843, 1637568290.103051, 1637568290.4062366, 1637568290.7488668, 1637568291.0621786, 1637568291.544515, 1637568291.8529239, 1637568292.2082553, 1637568292.5372515, 1637568292.8263254, 1637568293.1366193, 1637568293.406887, 1637568293.6742945, 1637568293.917494, 1637568294.233314, 1637568294.6284704, 1637568294.9631772, 1637568295.3234215, 1637568295.7000897, 1637568295.9885304, 1637568370.71257, 1637568371.0146055, 1637568371.2631218, 1637568371.5602999, 1637568371.8857121, 1637568372.1674597, 1637568372.4455557, 1637568372.7245436, 1637568372.9932103, 1637568373.2961273, 1637568373.50794, 1637568373.787829, 1637568374.09864, 1637568374.4273634, 1637568374.7120667, 1637568375.0102067, 1637568375.3652577, 1637568375.633938, 1637568375.9990308, 1637568450.5107043, 1637568450.799734, 1637568451.0924335, 1637568451.3467703, 1637568451.661122, 1637568451.9604821, 1637568452.2698832, 1637568452.520199, 1637568452.8700285, 1637568453.138149, 1637568453.498511, 1637568453.8607066, 1637568454.1273913, 1637568454.420983, 1637568454.732987, 1637568455.0307436, 1637568455.320781, 1637568455.6012118, 1637568528.7745275, 1637568529.0809202, 1637568529.405816, 1637568529.6638653, 1637568529.9140382, 1637568530.1741648, 1637568530.4218056, 1637568530.7124336, 1637568530.9661307, 1637568531.2084873, 1637568531.4820178, 1637568531.7651043, 1637568532.02421, 1637568532.274473, 1637568532.534702, 1637568532.853407, 1637568533.1141253, 1637568533.540841, 1637568533.8821552, 1637568534.1988337, 1637568534.5673397, 1637568603.5876281, 1637568603.8514316, 1637568604.0889263, 1637568604.3625417, 1637568604.5864928, 1637568604.902648, 1637568605.2539277, 1637568605.5671349, 1637568605.8767323, 1637568606.1748264, 1637568606.4956768, 1637568606.7511241, 1637568607.048972, 1637568607.4404, 1637568607.6753654, 1637568607.9435825, 1637568608.177462, 1637568608.4503798, 1637568608.6859493, 1637568608.921022, 1637568609.1645718, 1637568609.457921, 1637568609.7497058, 1637568610.2061985, 1637568610.458678, 1637568678.867534, 1637568679.1546142, 1637568679.3907104, 1637568679.6867325, 1637568680.0576591, 1637568680.365621, 1637568680.6129138, 1637568680.8611314, 1637568681.1273046, 1637568681.3880174, 1637568681.6822898, 1637568682.0405285, 1637568682.3255239, 1637568682.5479865, 1637568682.8811224, 1637568683.1549323, 1637568683.3841586, 1637568683.6569383, 1637568683.94048, 1637568684.2580752, 1637568753.3741984, 1637568753.6330228, 1637568753.974398, 1637568754.2461455, 1637568754.4811866, 1637568754.7954032, 1637568755.1409645, 1637568755.4356337, 1637568755.6678774, 1637568755.9282913, 1637568756.1817133, 1637568756.517087, 1637568756.756896, 1637568757.0177019, 1637568757.2614753, 1637568757.5760145, 1637568757.845195, 1637568758.1684644, 1637568758.456658, 1637568758.7807102, 1637568825.6344934, 1637568825.8882327, 1637568826.1379864, 1637568826.4321768, 1637568826.7759204, 1637568827.049836, 1637568827.3281047, 1637568827.5679026, 1637568827.82226, 1637568828.0733654, 1637568828.3258963, 1637568828.590558, 1637568828.8266346, 1637568829.081827, 1637568829.3392394, 1637568829.7027094, 1637568829.9883258, 1637568830.3173609, 1637568830.5643609, 1637568830.8450801, 1637568831.1006517, 1637568831.3483205, 1637568896.5647602, 1637568896.8482294, 1637568897.11395, 1637568897.3561614, 1637568897.6762438, 1637568897.9271538, 1637568898.1546142, 1637568898.4133172, 1637568898.6611407, 1637568898.9279535, 1637568899.2115607, 1637568899.4661293, 1637568899.7871501, 1637568900.087486, 1637568900.400049, 1637568900.6580281, 1637568900.901799, 1637568901.1334937, 1637568901.394795, 1637568901.6626718, 1637568901.933825, 1637568902.1716135, 1637568902.4435856, 1637568902.7698522, 1637568903.036225],