{"initial_reset_timestamp": 1637540139.1032202, "timestamps": [1637540139.6213508, 1637540140.1531582, 1637540140.683805, 1637540141.2327106, 1637540141.7674644, 1637540142.3135827, 1637540142.8411932, 1637540148.4608057, 1637540148.9257011, 1637540149.3852952, 1637540149.9085944, 1637540150.2627158, 1637540150.7297297, 1637540151.1950622, 1637540151.665999, 1637540157.621817, 1637540158.0942106, 1637540158.6247556, 1637540159.169315, 1637540159.6938171, 1637540160.1694582, 1637540160.7116544, 1637540161.2340055, 1637540180.0858345, 1637540180.5572534, 1637540181.0262365, 1637540181.5334535, 1637540182.0083315, 1637540182.4792597, 1637540182.9386861, 1637540203.0241997, 1637540203.5271091, 1637540204.0432444, 1637540204.5799162, 1637540205.1156385, 1637540205.6583767, 1637540206.190324, 1637540226.0530899, 1637540226.552109, 1637540227.1031792, 1637540227.5730898, 1637540228.0546558, 1637540228.5419827, 1637540229.0101016, 1637540249.9302897, 1637540250.441198, 1637540250.9081986, 1637540251.433592, 1637540251.973198, 1637540252.4712925, 1637540252.9389675, 1637540274.8336303, 1637540275.3347843, 1637540275.811548, 1637540276.338327, 1637540276.7963536, 1637540277.277027, 1637540277.753756, 1637540299.8222134, 1637540300.3378565, 1637540300.855638, 1637540301.391526, 1637540301.8249733, 1637540302.3308933, 1637540302.8000627, 1637540324.0105577, 1637540324.512884, 1637540324.912043, 1637540325.3984745, 1637540325.8644738, 1637540326.171341, 1637540326.642864, 1637540327.1255255, 1637540347.8494546, 1637540348.3722963, 1637540348.92023, 1637540349.4330854, 1637540349.9092283, 1637540350.403323, 1637540350.946542, 1637540374.1183589, 1637540374.6078413, 1637540375.0822153, 1637540375.555046, 1637540376.0715823, 1637540376.6013803, 1637540377.1391897, 1637540400.9000342, 1637540401.4129395, 1637540401.8931684, 1637540402.3823001, 1637540402.8481011, 1637540403.3370993, 1637540403.8200502, 1637540426.9984431, 1637540427.5517135, 1637540428.1006522, 1637540428.595049, 1637540429.0643947, 1637540429.5532126, 1637540430.0287895, 1637540454.9034634, 1637540455.4538767, 1637540455.9844153, 1637540456.4634995, 1637540456.9356394, 1637540457.4492922, 1637540457.8154671, 1637540458.2903078, 1637540480.877531, 1637540481.3631794, 1637540481.8508282, 1637540482.330414, 1637540482.8189678, 1637540483.3372922, 1637540483.868929, 1637540508.2950704, 1637540508.8398345, 1637540509.3575852, 1637540509.8351998, 1637540510.3170218, 1637540510.7969098, 1637540511.297198, 1637540535.9383364, 1637540536.4608903, 1637540536.9933934, 1637540537.5320768, 1637540538.0896282, 1637540538.6282644, 1637540539.17315, 1637540564.63344, 1637540565.1231756, 1637540565.6066868, 1637540566.0922933, 1637540566.5593565, 1637540567.0398862, 1637540567.5184228, 1637540593.387713, 1637540593.9017873, 1637540594.5399537, 1637540594.9888525, 1637540595.5174096, 1637540596.069922, 1637540596.6025674, 1637540621.8648322, 1637540622.2514126, 1637540622.7849839, 1637540623.3260522, 1637540623.8895059, 1637540624.4039764, 1637540624.9324186, 1637540625.4535925, 1637540651.24135, 1637540651.7483482, 1637540652.2390902, 1637540652.7946475, 1637540653.2846484, 1637540653.8412242, 1637540654.3627079, 1637540680.2954297, 1637540680.755941, 1637540681.2176754, 1637540681.7121215, 1637540682.1977527, 1637540682.611123, 1637540683.0530982, 1637540683.5355456, 1637540710.0725114, 1637540710.6129017, 1637540711.1524804, 1637540711.6980066, 1637540712.2174444, 1637540712.758706, 1637540713.2940211, 1637540739.0344725, 1637540739.5647135, 1637540740.1131454, 1637540740.5916994, 1637540741.1008112, 1637540741.5662665, 1637540742.0470417, 1637540767.3065746, 1637540767.8549411, 1637540768.3832157, 1637540768.859943, 1637540769.1716654, 1637540769.6993904, 1637540770.248961, 1637540770.722609, 1637540796.2958994, 1637540796.7677662, 1637540797.3898423, 1637540797.8944943, 1637540798.3719256, 1637540798.850829, 1637540799.3315969, 1637540825.257712, 1637540825.7431753, 1637540826.2267954, 1637540826.770143, 1637540827.3069735, 1637540827.8601856, 1637540828.4096272, 1637540854.6382556, 1637540855.1213927, 1637540855.6034787, 1637540856.1941304, 1637540856.6716595, 1637540857.288482, 1637540857.7714765, 1637540882.691331, 1637540883.1680164, 1637540883.710635, 1637540884.2423952, 1637540884.738564, 1637540885.2213974, 1637540885.722563, 1637540912.6052785, 1637540913.0890236, 1637540913.5643864, 1637540914.0379462, 1637540914.5746877, 1637540915.1403873, 1637540915.6110284, 1637540941.5610006, 1637540942.0312712, 1637540942.5041192, 1637540943.0005827, 1637540943.5051806, 1637540943.9964924, 1637540944.508336, 1637540971.2960124, 1637540971.8483677, 1637540972.356697, 1637540972.7706554, 1637540973.3014271, 1637540973.850292, 1637540974.4118643, 1637540974.9094176, 1637541000.5804367, 1637541000.9934797, 1637541001.504507, 1637541002.0470378, 1637541002.5811257, 1637541003.1369538, 1637541003.6966414, 1637541029.1986222, 1637541029.6847937, 1637541030.1872644, 1637541030.6662104, 1637541031.1324594, 1637541031.625943, 1637541032.1092565, 1637541058.1235592, 1637541058.6519191, 1637541059.2510035, 1637541059.7214403, 1637541060.2099621, 1637541060.7534406, 1637541061.1633458, 1637541061.5690713, 1637541086.968991, 1637541087.4994402, 1637541088.0593438, 1637541088.596379, 1637541089.126678, 1637541089.6642323, 1637541090.2051792, 1637541115.994765, 1637541116.5967472, 1637541117.1342254, 1637541117.6726282, 1637541118.224082, 1637541118.779309, 1637541119.3154597, 1637541145.9839327, 1637541146.5096116, 1637541146.9874911, 1637541147.481994, 1637541147.8818743, 1637541148.4065654, 1637541148.853048, 1637541149.382351, 1637541175.2876852, 1637541175.852421, 1637541176.361617, 1637541176.8426676, 1637541177.3545449, 1637541177.8233812, 1637541178.3311255, 1637541204.2684448, 1637541204.7485266, 1637541205.243389, 1637541205.7199962, 1637541206.1983483, 1637541206.6671743, 1637541207.1267395, 1637541233.186794, 1637541233.7079346, 1637541234.2612522, 1637541234.7428286, 1637541235.2336495, 1637541235.7102997, 1637541236.179135, 1637541263.0458202, 1637541263.5824435, 1637541264.1173973, 1637541264.4732838, 1637541264.9691148, 1637541265.4682913, 1637541265.962566, 1637541266.4443567, 1637541292.3837051, 1637541292.8698516, 1637541293.383272, 1637541293.8605185, 1637541294.3764162, 1637541294.8464782, 1637541295.3369184, 1637541321.2918541, 1637541321.8362062, 1637541322.3532171, 1637541322.9029176, 1637541323.462426, 1637541324.005387, 1637541324.5155087, 1637541350.5118349, 1637541351.065321, 1637541351.5603256, 1637541352.0529828, 1637541352.5527706, 1637541353.2035718, 1637541353.7503426, 1637541380.6080966, 1637541381.1030312, 1637541381.6500273, 1637541382.1943219, 1637541382.7402556, 1637541383.3166676, 1637541383.8643613, 1637541409.4073527, 1637541409.8895903, 1637541410.3849428, 1637541410.9521039, 1637541411.500003, 1637541412.0364711, 1637541412.5347207, 1637541438.800813, 1637541439.27501, 1637541439.8126557, 1637541440.3324413, 1637541440.753184, 1637541441.2285829, 1637541441.7226236, 1637541442.2010415, 1637541468.6713493, 1637541469.232861, 1637541469.780453, 1637541470.3107975, 1637541470.788011, 1637541471.1832454, 1637541471.7268834, 1637541472.2607017],