{"initial_reset_timestamp": 1637182459.739322, "timestamps": [1637182460.1853542, 1637182460.6020012, 1637182461.018057, 1637182461.4200754, 1637182461.8215058, 1637182462.2462616, 1637182462.6504245, 1637182463.0576108, 1637182463.5007458, 1637182463.9150722, 1637182464.3271825, 1637182464.835622, 1637182465.2576222, 1637182465.6731472, 1637182466.0936384, 1637182466.4926093, 1637182466.9075394, 1637182467.3318222, 1637182467.7346709, 1637182468.1635334, 1637182468.5620944, 1637182480.4455457, 1637182480.9135945, 1637182481.335238, 1637182481.7449815, 1637182482.159059, 1637182482.5730476, 1637182482.9955146, 1637182483.4095924, 1637182483.8136957, 1637182484.2158818, 1637182484.628754, 1637182485.0474463, 1637182485.4745996, 1637182485.8873885, 1637182486.3098733, 1637182486.7270105, 1637182487.1317368, 1637182487.547101, 1637182487.9552763, 1637182488.3629196, 1637182500.7479513, 1637182501.156501, 1637182501.5773292, 1637182502.0000792, 1637182502.4164093, 1637182502.8340466, 1637182503.2490811, 1637182503.6582882, 1637182504.079052, 1637182504.4974825, 1637182504.9213743, 1637182505.3468328, 1637182505.7618003, 1637182506.1727207, 1637182506.589407, 1637182507.0430746, 1637182507.4682984, 1637182507.9017189, 1637182508.3182347, 1637182508.7476466], "episode_lengths": [50, 50, 50, 49, 50, 50, 50, 50, 50, 50, 50, 50, 44, 50, 50, 50, 50, 50, 50, 50, 47, 50, 50, 50, 50, 50, 50, 50, 50, 50, 50, 50, 50, 50, 50, 50, 50, 50, 50, 50, 50, 50, 50, 50, 50, 50, 50, 50, 50, 50, 50, 50, 50, 50, 50, 50, 50, 50, 50, 50, 50], "episode_rewards": [-50.0, -50.0, -50.0, -48.0, -50.0, -50.0, -50.0, -50.0, -50.0, -50.0, -50.0, -50.0, -43.0, -50.0, -50.0, -50.0, -50.0, -50.0, -50.0, -50.0, -46.0, -50.0, -50.0, -50.0, -50.0, -50.0, -50.0, -50.0, -50.0, -50.0, -50.0, -50.0, -50.0, -50.0, -50.0, -50.0, -50.0, -50.0, -50.0, -50.0, -50.0, -50.0, -50.0, -50.0, -50.0, -50.0, -50.0, -50.0, -50.0, -50.0, -50.0, -50.0, -50.0, -50.0, -50.0, -50.0, -50.0, -50.0, -50.0, -50.0, -50.0], "episode_types": ["t", "t", "t", "t", "t", "t", "t", "t", "t", "t", "t", "t", "t", "t", "t", "t", "t", "t", "t", "t", "t", "t", "t", "t", "t", "t", "t", "t", "t", "t", "t", "t", "t", "t", "t", "t", "t", "t", "t", "t", "t", "t", "t", "t", "t", "t", "t", "t", "t", "t", "t", "t", "t", "t", "t", "t", "t", "t", "t", "t", "t"]}