{"initial_reset_timestamp": 1637182459.3563302, "timestamps": [1637182468.5966685, 1637182468.9921262, 1637182469.4038649, 1637182469.81525, 1637182470.2225547, 1637182470.7817876, 1637182471.3259785, 1637182471.8725324, 1637182472.3921854, 1637182472.9048367, 1637182473.505031, 1637182474.0037706, 1637182474.5129528, 1637182475.0152586, 1637182475.5190656, 1637182476.017128, 1637182476.5278955, 1637182477.0156603, 1637182477.5324948, 1637182478.029129, 1637182488.504969, 1637182489.0531154, 1637182489.551847, 1637182490.049296, 1637182490.5525095, 1637182491.165255, 1637182491.682211, 1637182492.182696, 1637182492.6829567, 1637182493.1792135, 1637182493.6816242, 1637182494.1912389, 1637182494.7663505, 1637182495.2599788, 1637182495.7486682, 1637182496.246808, 1637182496.7481673, 1637182497.2418232, 1637182497.7482488, 1637182498.252139], "episode_lengths": [50, 50, 50, 50, 50, 50, 50, 50, 50, 50, 50, 50, 50, 50, 50, 50, 50, 50, 50, 50, 50, 50, 50, 50, 50, 50, 50, 50, 50, 50, 50, 50, 50, 50, 50, 50, 50, 50, 50, 50], "episode_rewards": [-50.0, -50.0, -50.0, -50.0, -50.0, -50.0, -50.0, -50.0, -50.0, -50.0, -50.0, -50.0, -50.0, -50.0, -50.0, -50.0, -50.0, -50.0, -50.0, -50.0, -50.0, -50.0, -50.0, -50.0, -50.0, -50.0, -50.0, -50.0, -50.0, -50.0, -50.0, -50.0, -50.0, -50.0, -50.0, -50.0, -50.0, -50.0, -50.0, -50.0], "episode_types": ["t", "t", "t", "t", "t", "t", "t", "t", "t", "t", "t", "t", "t", "t", "t", "t", "t", "t", "t", "t", "t", "t", "t", "t", "t", "t", "t", "t", "t", "t", "t", "t", "t", "t", "t", "t", "t", "t", "t", "t", "t"]}