{"initial_reset_timestamp": 1637538338.9341657, "timestamps": [1637538339.4152005, 1637538339.9090896, 1637538340.4164221, 1637538340.9702492, 1637538341.5044498, 1637538342.0850644, 1637538342.5727654, 1637538348.5171564, 1637538349.058725, 1637538349.5725508, 1637538350.1199846, 1637538350.467158, 1637538350.9440374, 1637538351.4631917, 1637538351.9365425, 1637538358.054269, 1637538358.5355, 1637538359.019552, 1637538359.503623, 1637538359.9780762, 1637538360.510671, 1637538361.0600493, 1637538361.5870128, 1637538381.3547447, 1637538381.8367798, 1637538382.314135, 1637538382.7968855, 1637538383.26248, 1637538383.7336187, 1637538384.1927345, 1637538403.5439627, 1637538404.0150826, 1637538404.5120835, 1637538405.0042913, 1637538405.51745, 1637538406.014868, 1637538406.5245674, 1637538426.705301, 1637538427.2365603, 1637538427.7144408, 1637538428.1914604, 1637538428.6729946, 1637538429.157079, 1637538429.6508994, 1637538449.7802978, 1637538450.2717028, 1637538450.7580907, 1637538451.227873, 1637538451.7219145, 1637538452.207031, 1637538452.700402, 1637538475.3720038, 1637538475.8593075, 1637538476.360843, 1637538476.8816977, 1637538477.359678, 1637538477.8257399, 1637538478.4827037, 1637538501.590906, 1637538502.1242573, 1637538502.6732168, 1637538503.2085445, 1637538503.6837978, 1637538504.2811139, 1637538504.7963898, 1637538528.9710033, 1637538529.448128, 1637538529.8452919, 1637538530.3615649, 1637538530.833222, 1637538531.2484276, 1637538531.7702446, 1637538532.3022304, 1637538556.7738452, 1637538557.266906, 1637538557.7335608, 1637538558.2041078, 1637538558.7441142, 1637538559.2672913, 1637538559.817244, 1637538583.5445905, 1637538584.011452, 1637538584.5223856, 1637538585.0741818, 1637538585.610348, 1637538586.1513524, 1637538586.6312401, 1637538610.58319, 1637538611.0607982, 1637538611.5541909, 1637538612.0357423, 1637538612.518163, 1637538612.989077, 1637538613.4750729, 1637538637.2024934, 1637538637.7158937, 1637538638.198136, 1637538638.6772618, 1637538639.153101, 1637538639.6909244, 1637538640.226264, 1637538664.133304, 1637538664.6305714, 1637538665.1284654, 1637538665.6575224, 1637538666.1324065, 1637538666.6652915, 1637538667.0599906, 1637538667.6064045, 1637538691.5374029, 1637538692.0164695, 1637538692.5096545, 1637538692.9904332, 1637538693.5040748, 1637538694.0584543, 1637538694.552034, 1637538719.7262049, 1637538720.2149365, 1637538720.7180212, 1637538721.1902227, 1637538721.8334625, 1637538722.344026, 1637538722.827333, 1637538748.9068832, 1637538749.387416, 1637538749.8457186, 1637538750.3348281, 1637538750.8205674, 1637538751.3275504, 1637538751.8622203, 1637538777.9576488, 1637538778.4451401, 1637538779.0134513, 1637538779.5268867, 1637538780.0074456, 1637538780.5064142, 1637538780.984305, 1637538806.9869163, 1637538807.501266, 1637538807.991508, 1637538808.4512026, 1637538809.0064387, 1637538809.5380871, 1637538810.0209634, 1637538836.0693204, 1637538836.576086, 1637538837.0754855, 1637538837.6221952, 1637538838.1303456, 1637538838.6117237, 1637538839.083989, 1637538839.5790362, 1637538865.5671618, 1637538866.05308, 1637538866.5343957, 1637538867.0203462, 1637538867.5281737, 1637538868.1137164, 1637538868.6502292, 1637538894.670389, 1637538895.151335, 1637538895.6365545, 1637538896.1343994, 1637538896.6199281, 1637538897.0314674, 1637538897.4594445, 1637538897.9594214, 1637538923.6962528, 1637538924.2567265, 1637538924.793517, 1637538925.336641, 1637538925.8773801, 1637538926.3834176, 1637538926.8623161, 1637538952.8300347, 1637538953.3548853, 1637538953.9964757, 1637538954.49392, 1637538954.9731205, 1637538955.469076, 1637538956.002747, 1637538981.8830924, 1637538982.3988965, 1637538982.9323077, 1637538983.4552004, 1637538983.7694407, 1637538984.2527194, 1637538984.748465, 1637538985.259171, 1637539011.0133243, 1637539011.5546832, 1637539012.0785873, 1637539012.6264162, 1637539013.1533139, 1637539013.7109573, 1637539014.2576613, 1637539039.4359105, 1637539039.9169383, 1637539040.4191132, 1637539040.9035401, 1637539041.4028654, 1637539041.9050217, 1637539042.389826, 1637539068.2253284, 1637539068.7159767, 1637539069.2123344, 1637539069.7517474, 1637539070.2608325, 1637539070.7519155, 1637539071.22574, 1637539097.9962468, 1637539098.4913282, 1637539098.9910197, 1637539099.5325592, 1637539100.1338105, 1637539100.6719685, 1637539101.1676881, 1637539127.0965827, 1637539127.5984082, 1637539128.0881755, 1637539128.6386697, 1637539129.1499836, 1637539129.628689, 1637539130.1188471, 1637539156.9209223, 1637539157.4571714, 1637539157.938394, 1637539158.438559, 1637539158.928676, 1637539159.4213564, 1637539159.9016662, 1637539185.315665, 1637539185.801651, 1637539186.2971928, 1637539186.6851504, 1637539187.1603923, 1637539187.635617, 1637539188.1180103, 1637539188.5502384, 1637539215.020412, 1637539215.436307, 1637539215.9421477, 1637539216.438015, 1637539216.9067054, 1637539217.3814876, 1637539217.8476503, 1637539242.931665, 1637539243.439684, 1637539244.0154335, 1637539244.5158234, 1637539245.0572817, 1637539245.5770128, 1637539246.1091046, 1637539271.9192715, 1637539272.394113, 1637539272.9334188, 1637539273.4106483, 1637539273.9451244, 1637539274.4562554, 1637539274.845411, 1637539275.2441683, 1637539302.1150687, 1637539302.6335528, 1637539303.1760106, 1637539303.7112396, 1637539304.3281229, 1637539304.8119874, 1637539305.3206158, 1637539331.2110121, 1637539331.714842, 1637539332.2383919, 1637539332.7991307, 1637539333.3301282, 1637539333.7982335, 1637539334.2901337, 1637539360.617401, 1637539361.1156914, 1637539361.6847186, 1637539362.150985, 1637539362.6014998, 1637539363.1793637, 1637539363.6744096, 1637539364.2241623, 1637539390.5924504, 1637539391.0831048, 1637539391.56338, 1637539392.0306432, 1637539392.5686238, 1637539393.1153696, 1637539393.6053576, 1637539419.6513045, 1637539420.1393242, 1637539420.6779158, 1637539421.2404647, 1637539421.7824047, 1637539422.33458, 1637539422.8793283, 1637539449.0592551, 1637539449.552556, 1637539450.019528, 1637539450.6002405, 1637539451.074015, 1637539451.62012, 1637539452.0932555, 1637539478.1694572, 1637539478.6447997, 1637539479.1208227, 1637539479.48412, 1637539479.9791, 1637539480.4834232, 1637539480.9703426, 1637539481.4703958, 1637539508.0722644, 1637539508.5832965, 1637539509.0606735, 1637539509.563634, 1637539510.06459, 1637539510.5473099, 1637539511.0255382, 1637539536.9624763, 1637539537.4621663, 1637539537.9426165, 1637539538.529851, 1637539539.0095265, 1637539539.5037308, 1637539539.9971676, 1637539565.9218748, 1637539566.4292636, 1637539566.9860413, 1637539567.5472822, 1637539568.0864806, 1637539568.569632, 1637539569.0386238, 1637539595.7751777, 1637539596.3203094, 1637539596.7809238, 1637539597.2426693, 1637539597.7642553, 1637539598.252684, 1637539598.7864635, 1637539624.537043, 1637539624.9989514, 1637539625.50983, 1637539626.0186346, 1637539626.5687437, 1637539627.0993264, 1637539627.6616893, 1637539653.676411, 1637539654.1642828, 1637539654.6319313, 1637539655.1206107, 1637539655.5528896, 1637539656.0391128, 1637539656.5964625, 1637539657.1359634, 1637539682.5348501, 1637539683.0758703, 1637539683.5593467, 1637539684.020997, 1637539684.4884017, 1637539684.862651, 1637539685.389655, 1637539685.8958445],