{"initial_reset_timestamp": 1637217077.506043, "timestamps": [1637217085.4311671, 1637217085.7784767, 1637217086.1076176, 1637217086.4425037, 1637217086.7844238, 1637217087.3048837, 1637217087.7809424, 1637217088.2833176, 1637217088.7388139, 1637217089.186351, 1637217089.6232622, 1637217090.0794332, 1637217090.5136712, 1637217090.9661005, 1637217091.416891, 1637217091.859705, 1637217092.2974942, 1637217092.7367156, 1637217093.1787047, 1637217093.6065326, 1637217102.96076, 1637217103.4653838, 1637217103.9065106, 1637217104.35527, 1637217104.7902102, 1637217105.2471764, 1637217105.6858428, 1637217106.1397521, 1637217106.5798454, 1637217107.0245087, 1637217107.4717457, 1637217107.9015357, 1637217108.3394842, 1637217108.7794387, 1637217109.2083316, 1637217109.6405632, 1637217110.078083, 1637217110.617512, 1637217111.0574663, 1637217111.5241606, 1637217121.7922382, 1637217123.3235867, 1637217124.8216894, 1637217126.327458, 1637217127.8464894, 1637217129.356117, 1637217130.9061785, 1637217132.4155629, 1637217133.9364414, 1637217135.4629612, 1637217137.0198824, 1637217138.652596, 1637217140.1953287, 1637217141.722016, 1637217143.2687895, 1637217144.783755, 1637217146.310782, 1637217147.8254366, 1637217149.3293834, 1637217150.8472466, 1637217161.010117, 1637217162.5083773, 1637217164.0183241, 1637217164.8586268, 1637217166.3907225, 1637217167.818189, 1637217168.8123224, 1637217170.0395, 1637217170.7896304, 1637217171.618132, 1637217172.4225125, 1637217173.2568235, 1637217174.1427298, 1637217174.8824036, 1637217176.3940022, 1637217177.9038627, 1637217178.7949314, 1637217179.647379, 1637217180.5074801, 1637217181.5296183, 1637217182.9594138, 1637217184.288543, 1637217185.0113943, 1637217185.8949294, 1637217186.6680498, 1637217187.4558804, 1637217188.1496897, 1637217188.9347029, 1637217189.621364, 1637217191.063679, 1637217192.6326625, 1637217202.9889429, 1637217204.2491205, 1637217205.7323928, 1637217207.2365925, 1637217208.5335183, 1637217209.3583658, 1637217210.1008115, 1637217211.4136994, 1637217212.178961, 1637217213.3366392, 1637217214.8525546, 1637217216.3682747, 1637217217.8813107, 1637217219.4519048, 1637217220.9406426, 1637217222.434574, 1637217223.8647268, 1637217224.7633102, 1637217226.279221, 1637217227.7688425, 1637217229.287234, 1637217230.7781403, 1637217232.2801855, 1637217242.8419728, 1637217244.3373926, 1637217245.8398314, 1637217247.3947015, 1637217248.9392521, 1637217250.4533875, 1637217251.9563494, 1637217253.2652988, 1637217254.765436, 1637217256.2842183, 1637217257.8179746, 1637217259.3193536, 1637217260.8139856, 1637217262.3121781, 1637217263.8156173, 1637217265.3128073, 1637217266.8252814, 1637217268.4572842, 1637217269.96737, 1637217271.4905124, 1637217273.0219882, 1637217289.021122, 1637217290.5829978, 1637217292.0896587, 1637217293.5999799, 1637217295.1418695, 1637217296.6436677, 1637217298.1491308, 1637217299.6548731, 1637217301.178209, 1637217302.709122, 1637217304.2039082, 1637217305.690102, 1637217307.169112, 1637217308.744749, 1637217310.254739, 1637217311.7654974, 1637217313.262054, 1637217314.7589407, 1637217315.903368, 1637217317.4283466, 1637217341.251359, 1637217342.8132365, 1637217344.3359857, 1637217345.8574214, 1637217347.540122, 1637217349.0993183, 1637217350.6489992, 1637217352.1820502, 1637217353.742008, 1637217355.286315, 1637217356.847961, 1637217358.3786597, 1637217359.935137, 1637217361.5174754, 1637217363.1472425, 1637217364.7161112, 1637217366.2686975, 1637217367.816211, 1637217369.352271, 1637217370.917758, 1637217397.0681481, 1637217398.5977762, 1637217400.1336627, 1637217401.6557772, 1637217403.1799164, 1637217404.6871355, 1637217406.2051356, 1637217407.7500827, 1637217409.3694704, 1637217410.8894413, 1637217412.427504, 1637217413.9365087, 1637217415.4317164, 1637217417.008886, 1637217418.5416546, 1637217420.046564, 1637217421.5987291, 1637217423.2346218, 1637217424.7790701, 1637217426.311135, 1637217449.5038526, 1637217451.0865333, 1637217452.6929739, 1637217454.2656627, 1637217455.848377, 1637217457.4317338, 1637217459.0494287, 1637217460.6154392, 1637217462.203517, 1637217463.8073094, 1637217465.3741944, 1637217466.9513586, 1637217468.5376647, 1637217470.159412, 1637217471.7441814, 1637217473.345042, 1637217474.9146926, 1637217476.4733877, 1637217478.0728714, 1637217479.641238, 1637217505.153113, 1637217506.6873612, 1637217508.2125242, 1637217509.7257743, 1637217511.2602108, 1637217512.8006315, 1637217514.3617713, 1637217515.897708, 1637217517.5482337, 1637217519.0882509, 1637217520.6825125, 1637217522.2169867, 1637217523.749877, 1637217525.2960882, 1637217526.8315713, 1637217528.3477433, 1637217529.8842862, 1637217531.4068472, 1637217532.9259515, 1637217534.455567, 1637217554.386835, 1637217556.0501266, 1637217557.6535363, 1637217559.2208185, 1637217560.7814112, 1637217562.3355563, 1637217563.9182005, 1637217565.4778187, 1637217567.0570664, 1637217568.6258347, 1637217570.2220511, 1637217571.8217914, 1637217573.444754, 1637217575.0378008, 1637217576.6479182, 1637217578.2200289, 1637217579.8279603, 1637217581.400776, 1637217582.9894116, 1637217584.5715148, 1637217608.659092, 1637217610.2256715, 1637217611.77807, 1637217613.3419676, 1637217614.8555176, 1637217616.3950982, 1637217617.9481273, 1637217619.477365, 1637217621.0675108, 1637217622.6006474, 1637217624.1440878, 1637217625.6846683, 1637217627.2005196, 1637217628.7389774, 1637217630.2593825, 1637217631.7910511, 1637217633.3152847, 1637217634.8444862, 1637217636.3859582, 1637217637.9175913, 1637217662.59794, 1637217664.2806315, 1637217665.8672776, 1637217667.4621673, 1637217669.0454035, 1637217670.6652944, 1637217672.2740316, 1637217673.8435326, 1637217675.5469031, 1637217677.1695683, 1637217678.7731435, 1637217680.3740535, 1637217681.9443235, 1637217683.5372722, 1637217685.1046708, 1637217686.679039, 1637217688.2703094, 1637217689.8757806, 1637217691.4690807, 1637217693.052908, 1637217719.4797852, 1637217721.0708742, 1637217722.668322, 1637217724.3098443, 1637217725.9247127, 1637217727.5086222, 1637217729.0917091, 1637217730.7159731, 1637217732.3437276, 1637217733.9357145, 1637217735.5199137, 1637217737.1205125, 1637217738.7402515, 1637217740.3525448, 1637217741.9914505, 1637217743.6231935, 1637217745.267177, 1637217746.9881165, 1637217748.6135592, 1637217750.2419825, 1637217772.4636517, 1637217774.1351843, 1637217775.6707203, 1637217777.2845027], "episode_lengths": [50, 50, 50, 50, 50, 50, 50, 50, 50, 50, 50, 50, 50, 50, 50, 50, 50, 50, 50, 50, 50, 50, 50, 50, 50, 50, 50, 50, 50, 50, 50, 50, 50, 50, 50, 50, 50, 50, 50, 50, 50, 50, 50, 50, 50, 50, 50, 50, 50, 50, 50, 50, 50, 50, 50, 50, 50, 50, 50, 50, 50, 50, 50, 23, 50, 42, 29, 39, 17, 19, 21, 22, 24, 18, 50, 50, 24, 23, 22, 26, 45, 43, 17, 24, 19, 19, 16, 20, 15, 47, 50, 50, 40, 50, 50, 40, 22, 18, 42, 19, 35, 50, 50, 50, 50, 50, 50, 47, 25, 50, 50, 50, 50, 50, 50, 49, 50, 50, 50, 50, 50, 42, 50, 50, 50, 50, 50, 50, 50, 50, 50, 50, 50, 50, 50, 50, 50, 50, 50, 50, 50, 50, 50, 50, 50, 50, 50, 50, 50, 50, 50, 50, 50, 35, 50, 50, 50, 50, 50, 50, 50, 50, 50, 50, 50, 50, 50, 50, 50, 50, 50, 50, 50, 50, 50, 50, 50, 50, 50, 50, 50, 50, 50, 50, 50, 50, 50, 50, 50, 50, 50, 50, 50, 50, 50, 50, 50, 50, 50, 50, 50, 50, 50, 50, 50, 50, 50, 50, 50, 50, 50, 50, 50, 50, 50, 50, 50, 50, 50, 50, 50, 50, 50, 50, 50, 50, 50, 50, 50, 50, 50, 50, 50, 50, 50, 50, 50, 50, 50, 50, 50, 50, 50, 50, 50, 50, 50, 50, 50, 50, 50, 50, 50, 50, 50, 50, 50, 50, 50, 50, 50, 50, 50, 50, 50, 50, 50, 50, 50, 50, 50, 50, 50, 50, 50, 50, 50, 50, 50, 50, 50, 50, 50, 50, 50, 50, 50, 50, 50, 50, 50, 50, 50, 50, 50, 50, 50, 50, 50, 50, 50, 50, 50, 50, 50, 50, 50, 50, 50, 50, 50, 50, 50, 50, 50, 50, 50, 50, 50],