{"initial_reset_timestamp": 1637182811.6036463, "timestamps": [1637182812.0269256, 1637182812.4512198, 1637182812.8599534, 1637182813.2792754, 1637182813.6892784, 1637182814.1127665, 1637182814.527593, 1637182814.9413216, 1637182815.3580782, 1637182815.8111582, 1637182816.225624, 1637182816.6652734, 1637182817.0738444, 1637182817.4945335, 1637182817.9371202, 1637182818.3453276, 1637182818.772536, 1637182819.1977081, 1637182819.6105945, 1637182820.0214715, 1637182820.5177562, 1637182832.2677565, 1637182832.7302797, 1637182833.142014, 1637182833.5590255, 1637182833.9786491, 1637182834.3949332, 1637182834.8099651, 1637182835.2229683, 1637182835.6262274, 1637182836.0358815, 1637182836.4505556, 1637182836.862931, 1637182837.311278, 1637182837.7170417, 1637182838.2205925, 1637182838.6422923, 1637182839.0562105, 1637182839.4665756, 1637182839.8641005, 1637182840.2923439, 1637182852.3924382, 1637182852.8039546, 1637182853.2144349, 1637182853.632433, 1637182854.0412989, 1637182854.4689991, 1637182854.8827899, 1637182855.286358, 1637182855.7059705, 1637182856.2298133, 1637182856.6653862, 1637182857.0935678, 1637182857.5053012, 1637182857.9746683, 1637182858.4446416, 1637182858.95731, 1637182859.4519687, 1637182859.8574183, 1637182860.2771943, 1637182860.6940775], "episode_lengths": [50, 50, 50, 49, 50, 50, 50, 50, 50, 50, 50, 50, 44, 50, 50, 50, 50, 50, 50, 50, 47, 50, 50, 50, 50, 50, 50, 50, 50, 50, 50, 50, 50, 50, 50, 50, 50, 50, 50, 50, 50, 50, 50, 50, 50, 50, 50, 50, 50, 50, 50, 50, 50, 50, 50, 50, 50, 50, 50, 50, 50], "episode_rewards": [-50.0, -50.0, -50.0, -48.0, -50.0, -50.0, -50.0, -50.0, -50.0, -50.0, -50.0, -50.0, -43.0, -50.0, -50.0, -50.0, -50.0, -50.0, -50.0, -50.0, -46.0, -50.0, -50.0, -50.0, -50.0, -50.0, -50.0, -50.0, -50.0, -50.0, -50.0, -50.0, -50.0, -50.0, -50.0, -50.0, -50.0, -50.0, -50.0, -50.0, -50.0, -50.0, -50.0, -50.0, -50.0, -50.0, -50.0, -50.0, -50.0, -50.0, -50.0, -50.0, -50.0, -50.0, -50.0, -50.0, -50.0, -50.0, -50.0, -50.0, -50.0], "episode_types": ["t", "t", "t", "t", "t", "t", "t", "t", "t", "t", "t", "t", "t", "t", "t", "t", "t", "t", "t", "t", "t", "t", "t", "t", "t", "t", "t", "t", "t", "t", "t", "t", "t", "t", "t", "t", "t", "t", "t", "t", "t", "t", "t", "t", "t", "t", "t", "t", "t", "t", "t", "t", "t", "t", "t", "t", "t", "t", "t", "t", "t"]}