{"initial_reset_timestamp": 1637182811.211214, "timestamps": [1637182820.5550246, 1637182820.9501154, 1637182821.3439174, 1637182821.7392144, 1637182822.1486104, 1637182822.7041278, 1637182823.2348065, 1637182823.7575514, 1637182824.3152502, 1637182824.823681, 1637182825.3315637, 1637182825.8439832, 1637182826.3500116, 1637182826.8480463, 1637182827.3831875, 1637182827.8813527, 1637182828.3938832, 1637182828.8889997, 1637182829.3930976, 1637182829.902014, 1637182840.4233348, 1637182840.973328, 1637182841.4870002, 1637182841.9897985, 1637182842.490318, 1637182842.9845097, 1637182843.4860387, 1637182843.980356, 1637182844.4828272, 1637182844.9790988, 1637182845.4866214, 1637182845.9770877, 1637182846.474495, 1637182846.9770553, 1637182847.5021532, 1637182848.0028114, 1637182848.5138817, 1637182849.0081575, 1637182849.5092602, 1637182850.0083385], "episode_lengths": [50, 50, 50, 50, 50, 50, 50, 50, 50, 50, 50, 50, 50, 50, 50, 50, 50, 50, 50, 50, 50, 50, 50, 50, 50, 50, 50, 50, 50, 50, 50, 50, 50, 50, 50, 50, 50, 50, 50, 50], "episode_rewards": [-50.0, -50.0, -50.0, -50.0, -50.0, -50.0, -50.0, -50.0, -50.0, -50.0, -50.0, -50.0, -50.0, -50.0, -50.0, -50.0, -50.0, -50.0, -50.0, -50.0, -50.0, -50.0, -50.0, -50.0, -50.0, -50.0, -50.0, -50.0, -50.0, -50.0, -50.0, -50.0, -50.0, -50.0, -50.0, -50.0, -50.0, -50.0, -50.0, -50.0], "episode_types": ["t", "t", "t", "t", "t", "t", "t", "t", "t", "t", "t", "t", "t", "t", "t", "t", "t", "t", "t", "t", "t", "t", "t", "t", "t", "t", "t", "t", "t", "t", "t", "t", "t", "t", "t", "t", "t", "t", "t", "t", "t"]}