{"initial_reset_timestamp": 1637459139.665987, "timestamps": [1637459144.7935205, 1637459145.3223271, 1637459146.0426352, 1637459146.747803, 1637459147.567215, 1637459148.2296438, 1637459153.974517, 1637459154.6285546, 1637459155.2781165, 1637459156.03656, 1637459156.6738598, 1637459157.3143096, 1637459158.1933317, 1637459165.0366335, 1637459167.598369, 1637459170.462985, 1637459172.9712892, 1637459175.7895372, 1637459178.328421, 1637459181.0592563, 1637459188.4509304, 1637459191.2812648, 1637459193.7500844, 1637459196.4946523, 1637459199.0506492, 1637459201.8336458, 1637459209.081421, 1637459211.6919982, 1637459214.437605, 1637459216.9755187, 1637459219.715696, 1637459222.2775323, 1637459225.0732615, 1637459232.4437313, 1637459235.274554, 1637459237.8365436, 1637459240.64413, 1637459243.2070076, 1637459245.986586, 1637459248.493819, 1637459255.981418, 1637459258.512734, 1637459261.2187178, 1637459263.7902787, 1637459266.294999, 1637459269.0296059, 1637459276.3529642, 1637459279.0760233, 1637459281.6257744, 1637459284.4372044, 1637459286.9516232, 1637459289.6976159, 1637459292.315525, 1637459299.847071, 1637459302.421282, 1637459305.2355807, 1637459307.7428586, 1637459310.4335775, 1637459312.9739864, 1637459315.69458, 1637459323.075727, 1637459325.6394246, 1637459328.3796546, 1637459330.9225662, 1637459333.6141684, 1637459336.07441, 1637459343.576604, 1637459345.1733913, 1637459346.4031394, 1637459349.0761616, 1637459350.9029238, 1637459352.9531815, 1637459355.7341573, 1637459357.652028, 1637459358.6500533, 1637459360.360833, 1637459365.975365, 1637459367.3792002, 1637459368.47156, 1637459369.9554884, 1637459371.050923, 1637459371.8732736, 1637459374.15292, 1637459376.8948405, 1637459377.9698446, 1637459379.4483254, 1637459382.1581962, 1637459383.1723785, 1637459389.6843219, 1637459392.4127088, 1637459395.076303, 1637459396.3202775, 1637459397.0278728, 1637459397.9373784, 1637459399.521946, 1637459401.594053, 1637459402.456383, 1637459403.4971397, 1637459406.0413141, 1637459415.5183885, 1637459416.6075664, 1637459417.8368807, 1637459420.5835705, 1637459421.2579641, 1637459423.3607562, 1637459425.0071673, 1637459425.7572155, 1637459426.4262784, 1637459428.1419766, 1637459430.0271156, 1637459430.6969173, 1637459432.4137046, 1637459441.942317, 1637459444.2836206, 1637459447.0070097, 1637459448.3541527, 1637459450.9246008, 1637459453.0907083, 1637459454.196573, 1637459456.007877, 1637459457.0842478, 1637459458.7759564, 1637459469.155754, 1637459471.7269979, 1637459472.4111993, 1637459475.1748054, 1637459476.195527, 1637459477.2934897, 1637459478.325237, 1637459479.8101232, 1637459480.707815, 1637459481.8176785, 1637459482.4649417, 1637459483.330704, 1637459484.8111594, 1637459485.429485, 1637459486.237921, 1637459487.4773257, 1637459499.4172018, 1637459500.8287241, 1637459501.7082124, 1637459502.5667193, 1637459503.6327326, 1637459504.7492754, 1637459505.9964356, 1637459507.9957795, 1637459509.5964217, 1637459510.6970801, 1637459511.8004413, 1637459513.0438726, 1637459514.187456, 1637459514.7656543, 1637459515.445167, 1637459517.3980057, 1637459523.0061285, 1637459523.8076358, 1637459524.7842994, 1637459525.9777477, 1637459526.6094391, 1637459527.483917, 1637459528.7195272, 1637459529.7862859, 1637459530.579726, 1637459531.3562508, 1637459532.0625017, 1637459533.083516, 1637459534.6105325, 1637459535.2841313, 1637459535.8931105, 1637459536.7814338, 1637459537.8363948, 1637459539.1164906, 1637459540.1064916, 1637459541.1015084, 1637459542.2863183, 1637459553.1973705, 1637459553.9507136, 1637459554.6834831, 1637459555.9814396, 1637459556.920962, 1637459557.8555338, 1637459558.772556, 1637459559.5802588, 1637459561.3132508, 1637459562.3619719, 1637459563.0353603, 1637459563.6584814, 1637459564.544192, 1637459565.8387008, 1637459566.65618, 1637459567.6467707, 1637459568.8385422, 1637459569.7526135, 1637459570.4998066, 1637459571.3644516, 1637459571.9704916, 1637459572.7912636, 1637459573.301626, 1637459574.2821355, 1637459586.1914744, 1637459587.7336526, 1637459588.7065403, 1637459589.4772644, 1637459590.632976, 1637459591.5085242, 1637459592.6414762, 1637459593.1527083, 1637459594.0420613, 1637459595.1114, 1637459596.086331, 1637459596.6184406, 1637459597.983246, 1637459598.7444265, 1637459599.722883, 1637459600.452321, 1637459601.099583, 1637459601.765614, 1637459602.3159473, 1637459603.4669614, 1637459604.019404, 1637459604.885945, 1637459605.8198807, 1637459606.6955438, 1637459607.4417758, 1637459618.5114088, 1637459619.1596599, 1637459620.5679412, 1637459621.2453663, 1637459622.1632726, 1637459623.0529096, 1637459623.8355992, 1637459624.567867, 1637459625.8364234, 1637459626.4659503, 1637459627.1194162, 1637459627.776688, 1637459628.715285, 1637459629.3031526, 1637459630.7142787, 1637459631.499558, 1637459632.4497137, 1637459633.362266, 1637459633.9658396, 1637459634.7176468, 1637459635.9574633, 1637459636.6041462, 1637459637.4241958, 1637459638.1939213, 1637459639.1101005, 1637459639.92866, 1637459652.3016565, 1637459652.9639785, 1637459653.5875673, 1637459654.3183377, 1637459654.8583913, 1637459655.3763242, 1637459656.4110134, 1637459657.185273, 1637459658.2677352, 1637459659.0613675, 1637459660.0122137, 1637459660.818762, 1637459661.619738, 1637459662.4502695, 1637459663.5890067, 1637459664.4378076, 1637459665.3865893, 1637459666.1338768, 1637459666.6625173, 1637459667.4829893, 1637459668.3171883, 1637459669.2303133, 1637459670.0669098, 1637459670.9102664, 1637459671.622509, 1637459672.656501, 1637459673.4533415, 1637459687.3573673, 1637459688.1982956, 1637459689.342916, 1637459690.3636553, 1637459691.203588, 1637459691.961896, 1637459693.0611818, 1637459693.902745, 1637459694.5012717, 1637459695.206245, 1637459697.095624, 1637459697.979227, 1637459698.6963346, 1637459699.45659, 1637459700.078795, 1637459700.7286756, 1637459701.8275568, 1637459702.8536634, 1637459703.7181094, 1637459704.4593098, 1637459705.5234907, 1637459706.5149238, 1637459707.8344276, 1637459708.8222973, 1637459721.6014624, 1637459722.310044, 1637459723.573348, 1637459724.6222303, 1637459725.7055337, 1637459726.3406987, 1637459727.0567193, 1637459727.5312214, 1637459728.4244478, 1637459729.4123046, 1637459730.1834822, 1637459730.9730852, 1637459731.7706058, 1637459732.687566, 1637459733.4373646, 1637459734.1613483, 1637459734.9909995, 1637459735.5647464, 1637459736.4992535, 1637459737.4972994, 1637459738.393523, 1637459739.2757485, 1637459740.0988495, 1637459740.8312552, 1637459741.5824192, 1637459742.1628156, 1637459742.8430858, 1637459743.6846645, 1637459744.2794418, 1637459756.5480623, 1637459757.1837044, 1637459758.200914, 1637459759.1164947, 1637459759.933671, 1637459761.1401255, 1637459761.843245, 1637459762.7170904, 1637459763.4664652, 1637459764.0892608, 1637459764.8979983, 1637459765.4179018, 1637459766.2268696, 1637459767.174201, 1637459768.0184252, 1637459768.803342, 1637459770.011394, 1637459770.7548654, 1637459771.4339626, 1637459772.2479944, 1637459772.90366, 1637459773.8572295, 1637459774.667513, 1637459775.5187383, 1637459776.20254, 1637459777.0970247, 1637459777.864687, 1637459778.5114853, 1637459792.0639231, 1637459792.8238294, 1637459793.698641, 1637459794.3225753, 1637459794.9911149, 1637459795.9857965, 1637459796.607731, 1637459797.3003438, 1637459798.0021694, 1637459798.701642, 1637459799.6798937, 1637459800.2709522, 1637459801.2552435, 1637459802.112364, 1637459802.7595248, 1637459803.4890268, 1637459804.5025027, 1637459805.4682298, 1637459806.231378, 1637459806.8739412, 1637459807.7202213, 1637459808.6007516, 1637459809.2786736, 1637459810.0062282, 1637459810.6832, 1637459811.4286418, 1637459812.2529132, 1637459813.196205, 1637459813.9922016, 1637459814.614043, 1637459829.1716874, 1637459829.6974475, 1637459830.496634, 1637459831.6690626, 1637459832.3683574, 1637459833.1490195, 1637459833.8598766, 1637459834.9532948, 1637459835.9853384, 1637459836.554678, 1637459837.3640637, 1637459838.0937653, 1637459838.9620147, 1637459839.645445, 1637459840.4856281, 