{"initial_reset_timestamp": 1637543700.8523104, "timestamps": [1637543706.1867929, 1637543706.6310747, 1637543707.2599068, 1637543707.8639724, 1637543708.4364588, 1637543709.0182648, 1637543714.7690926, 1637543715.3332028, 1637543716.119723, 1637543716.6742473, 1637543717.2018943, 1637543717.781075, 1637543718.180146, 1637543724.3324506, 1637543727.1935873, 1637543729.9242861, 1637543732.9510124, 1637543735.661745, 1637543738.5684464, 1637543741.2588375], "episode_lengths": [150, 150, 150, 150, 150, 150, 150, 150, 150, 150, 146, 150, 75, 150, 150, 150, 150, 150, 150, 150], "episode_rewards": [-150.0, -150.0, -150.0, -150.0, -150.0, -150.0, -150.0, -150.0, -150.0, -150.0, -145.0, -150.0, -74.0, -150.0, -150.0, -150.0, -150.0, -150.0, -150.0, -150.0], "episode_types": ["t", "t", "t", "t", "t", "t", "t", "t", "t", "t", "t", "t", "t", "t", "t", "t", "t", "t", "t", "t", "t"]}