{"initial_reset_timestamp": 1637543702.6735606, "timestamps": [1637543703.0955386, 1637543703.5659122, 1637543704.0160532, 1637543704.7056234, 1637543705.2157786, 1637543705.6584074, 1637543706.1054218, 1637543711.4971662, 1637543712.0502028, 1637543712.4903586, 1637543712.921641, 1637543713.2328947, 1637543713.6841695, 1637543714.1281488, 1637543714.6451616, 1637543720.4900374, 1637543720.9434004, 1637543721.667291, 1637543722.1819072, 1637543722.6893055, 1637543723.1377108, 1637543723.584721, 1637543724.0343437], "episode_lengths": [150, 150, 150, 150, 150, 150, 150, 150, 150, 150, 150, 66, 150, 150, 150, 54, 150, 150, 150, 150, 150, 150, 150], "episode_rewards": [-150.0, -150.0, -150.0, -150.0, -150.0, -150.0, -150.0, -150.0, -150.0, -150.0, -150.0, -65.0, -150.0, -150.0, -150.0, -53.0, -150.0, -150.0, -150.0, -150.0, -150.0, -150.0, -150.0], "episode_types": ["t", "t", "t", "t", "t", "t", "t", "t", "t", "t", "t", "t", "t", "t", "t", "t", "t", "t", "t", "t", "t", "t", "t"]}