{"initial_reset_timestamp": 1637464688.1118214, "timestamps": [1637464688.5166938, 1637464688.9214468, 1637464689.3354485, 1637464689.7352219, 1637464690.3883302, 1637464690.805977, 1637464691.2068715, 1637464697.2531354, 1637464697.6811957, 1637464698.0961838, 1637464698.513479, 1637464698.9397433, 1637464699.3526828, 1637464699.7683916, 1637464706.571508, 1637464707.0958455, 1637464707.498234, 1637464707.9145658, 1637464708.3227372, 1637464708.7694728, 1637464709.182687, 1637464729.1226375, 1637464729.5420656, 1637464729.9545612, 1637464730.3756146, 1637464730.7955, 1637464731.24236, 1637464731.6611252, 1637464751.1902761, 1637464751.5968475, 1637464752.0252542, 1637464752.4264224, 1637464752.8412216, 1637464753.261994, 1637464753.683782, 1637464773.3398647, 1637464773.761953, 1637464774.201883, 1637464774.626663, 1637464775.0474844, 1637464775.4607346, 1637464775.8768444, 1637464795.7074401, 1637464796.141053, 1637464796.5685418, 1637464796.998269, 1637464797.430263, 1637464797.8513117, 1637464798.260176, 1637464817.7110069, 1637464818.1369302, 1637464818.573451, 1637464819.0003517, 1637464819.4285092, 1637464819.8587842, 1637464820.270968, 1637464839.8359323, 1637464840.2741585, 1637464840.6936643, 1637464841.1202896, 1637464841.5612092, 1637464841.967115, 1637464842.3941963, 1637464861.8579264, 1637464862.1272962, 1637464862.4183617, 1637464862.7061117, 1637464863.0264506, 1637464863.287864, 1637464863.5815253, 1637464863.915919, 1637464864.1794238, 1637464864.4647593, 1637464864.7774646, 1637464865.0512755, 1637464865.357631, 1637464865.6621356, 1637464865.9669788, 1637464866.4753513, 1637464866.7774305, 1637464867.0436327, 1637464867.354165, 1637464867.6408827, 1637464867.9181368, 1637464868.1987522, 1637464868.5383682, 1637464868.8579907, 1637464888.5916457, 1637464888.9470057, 1637464889.408809, 1637464889.8387408, 1637464890.261487, 1637464890.6868958, 1637464891.1198053, 1637464891.5587604, 1637464911.3573637, 1637464911.6571863, 1637464911.9395905, 1637464912.249686, 1637464912.5628347, 1637464912.8200004, 1637464913.0851715, 1637464913.3635685, 1637464913.6540453, 1637464913.938936, 1637464914.1935625, 1637464914.4638777, 1637464914.7516072, 1637464915.049053, 1637464915.3624291, 1637464915.7322545, 1637464916.19937, 1637464916.5123138, 1637464916.7859302, 1637464917.077325, 1637464917.3793678, 1637464917.68262, 1637464917.9785185, 1637464918.269036, 1637464918.5585294, 1637464938.799323, 1637464939.0947523, 1637464939.3701906, 1637464939.6663175, 1637464939.9597862, 1637464940.222547, 1637464940.489647, 1637464940.7816658, 1637464941.0512795, 1637464941.3655005, 1637464941.6556082, 1637464941.9062395, 1637464942.1866858, 1637464942.4680347, 1637464942.7816722, 1637464943.0521743, 1637464943.600382, 1637464943.9384928, 1637464944.2478726, 1637464944.541786, 1637464944.8758552, 1637464945.1327624, 1637464945.5522478, 1637464945.8132238, 1637464946.0914154, 1637464965.579973, 1637464965.997563, 1637464966.303116, 1637464966.6186686, 1637464966.9056537, 1637464967.2398663, 1637464967.5326812, 1637464967.8281505, 1637464968.0885918, 1637464968.3690197, 1637464968.67752, 1637464969.0325687, 1637464969.3179748, 1637464969.5547388, 1637464969.887762, 1637464970.1325436, 1637464970.4501934, 1637464970.736844, 1637464971.1415002, 1637464971.5323622, 1637464971.8088217, 1637464972.107277, 1637464972.380816, 1637464992.1552348, 1637464992.4360807, 1637464992.7032542, 1637464993.0137691, 1637464993.4460254, 1637464993.8221476, 1637464994.0903068, 1637464994.3912685, 1637464994.6720307, 1637464994.9866643, 1637464995.363338, 1637464995.6526356, 1637464995.9347525, 1637464996.2503352, 1637464996.6314301, 1637464996.947417, 1637464997.2518072, 1637464997.557538, 1637464997.8383667, 1637464998.1400359, 1637464998.4487793, 1637464998.8736176, 1637465018.378455, 1637465018.6439946, 1637465018.9882658, 1637465019.2894135, 1637465019.554365, 1637465019.842725, 1637465020.1087341, 1637465020.4095225, 1637465020.8174343, 1637465021.2484307, 1637465021.5604327, 1637465021.8237972, 1637465022.1257262, 1637465022.4489567, 1637465022.7358823, 1637465023.0818422, 1637465023.3966007, 1637465023.6747482, 1637465023.972757, 1637465024.2624176, 1637465024.5190752, 1637465024.8243315, 1637465025.0878806, 1637465025.4264314, 1637465044.8078098, 1637465045.0634375, 1637465045.395363, 1637465045.6608624, 1637465045.9462707, 1637465046.2274017, 1637465046.4868774, 1637465046.7888412, 1637465047.0716422, 1637465047.3381755, 1637465047.6123667, 1637465047.9225202, 1637465048.3157275, 1637465048.7191296, 1637465048.9643312, 1637465049.2779412, 1637465049.5845566, 1637465049.8544207, 1637465050.1164281, 1637465050.5883195, 1637465050.833228, 1637465051.1357822, 1637465051.4507186, 1637465051.766262, 1637465052.0386493, 1637465071.61868, 1637465071.9168313, 1637465072.201322, 1637465072.487537, 1637465072.7656906, 1637465073.0642781, 1637465073.345002, 1637465073.6344774, 1637465073.9100218, 1637465074.1879203, 1637465074.4642923, 1637465074.7377305, 1637465075.0074809, 1637465075.2686164, 1637465075.5321107, 1637465075.9075818, 1637465076.3142295, 1637465076.6117125, 1637465076.9015696, 1637465077.1846292, 1637465077.4770613, 1637465077.9097793, 1637465078.2152984, 1637465078.4633584, 1637465078.7842371, 1637465079.0705733, 1637465098.6703007, 1637465098.9830365, 1637465099.2697353, 1637465099.5448842, 1637465099.8482344, 1637465100.1647913, 1637465100.4654882, 1637465100.7561998, 1637465101.030023, 1637465101.2981083, 1637465101.5945287, 1637465101.8716433, 1637465102.1317217, 1637465102.412442, 1637465102.714338, 1637465102.9950535, 1637465103.294241, 1637465103.7752094, 1637465104.1773577, 1637465104.4527254, 1637465104.7230287, 1637465105.020597, 1637465105.4154196, 1637465105.7020497, 1637465124.750072, 1637465125.1648293, 1637465125.7354183, 1637465126.0932333, 1637465126.3919134, 1637465126.720857, 1637465127.1028674, 1637465127.5336232, 1637465127.832197, 1637465128.099216, 1637465128.37528, 1637465128.80003, 1637465148.4863732, 1637465148.8390043, 1637465149.3533318, 1637465149.6234066, 1637465150.0459502, 1637465150.44864, 1637465150.6938531, 1637465150.9803495, 1637465151.3820024, 1637465151.8207095, 1637465171.3092234, 1637465171.7276623, 1637465172.0444782, 1637465172.4546587, 1637465172.880259, 1637465173.2725143, 1637465173.6985943, 1637465173.956887, 1637465174.3696034, 1637465193.8561592, 1637465194.2714584, 1637465194.6733296, 1637465195.0858152, 1637465195.425909, 1637465195.8329725, 1637465196.253974, 1637465196.659422, 1637465216.3157887, 1637465216.7494884, 1637465217.1656804, 1637465217.5926158, 1637465218.0358627, 1637465218.4759135, 1637465219.0287995, 1637465238.67017, 1637465239.1077788, 1637465239.5351415, 1637465239.954199, 1637465240.3728783, 1637465240.8448558, 1637465241.473389, 1637465260.7410634, 1637465261.182783, 1637465261.6425288, 1637465262.0984514, 1637465262.5323343, 1637465263.1209598, 1637465263.6449704, 1637465283.1378255, 1637465283.5988176, 1637465284.003786, 1637465284.414952, 1637465284.878248, 1637465285.557887, 1637465285.9835784, 1637465305.4681523, 1637465306.016767, 1637465306.4226027, 1637465306.8658779, 1637465307.5763593, 1637465307.9820971, 1637465308.406305, 1637465327.5039268, 1637465327.9047978, 1637465328.3124666, 1637465328.7373993, 1637465329.2093134, 1637465329.7995996, 1637465330.2062137, 1637465349.8260667, 1637465350.2491324, 1637465350.6554012, 1637465351.0955122, 1637465351.726869, 1637465352.1317594, 1637465352.5430403, 1637465371.702721, 1637465372.1220016, 1637465372.5399013, 1637465372.8946137, 1637465373.4732625, 1637465373.981515, 1637465374.4038448, 1637465374.823517, 1637465393.8507264, 1637465394.275317, 1637465394.698037, 1637465395.121439, 1637465395.7595186, 1637465396.1713185, 1637465396.5977046, 1637465415.9250617, 1637465416.3461378, 1637465416.7470152, 1637465417.3255823, 1637465417.8703415, 1637465418.2960856, 1637465418.719806, 1637465438.1088653, 1637465438.5348437, 1637465438.941123, 