{"initial_reset_timestamp": 1637464686.3511183, "timestamps": [1637464691.2871351, 1637464691.6874518, 1637464692.458849, 1637464693.1568563, 1637464693.8303094, 1637464694.4823458, 1637464699.8031714, 1637464700.4515023, 1637464701.312546, 1637464701.9525146, 1637464702.6026535, 1637464703.2551126, 1637464703.986413, 1637464710.0976994, 1637464712.9413033, 1637464715.4525516, 1637464718.2514951, 1637464720.8112528, 1637464723.5627222, 1637464726.1199305, 1637464733.3116024, 1637464736.0563226, 1637464738.5783203, 1637464741.3283088, 1637464743.79461, 1637464746.5384152, 1637464753.8644235, 1637464756.626747, 1637464759.146185, 1637464761.9221911, 1637464764.3743036, 1637464766.9301941, 1637464769.5222454, 1637464776.7572124, 1637464779.5470212, 1637464782.0407832, 1637464784.7429907, 1637464787.2802675, 1637464790.0442376, 1637464792.5631473, 1637464799.8388095, 1637464802.5767379, 1637464805.0772426, 1637464807.8408453, 1637464810.301992, 1637464813.0418346, 1637464820.3545442, 1637464823.0676827, 1637464825.5837018, 1637464828.38447, 1637464830.8994844, 1637464833.5658808, 1637464836.0249915, 1637464843.2348797, 1637464845.9740791, 1637464848.4832127, 1637464851.2135148, 1637464853.6683028, 1637464856.3919332, 1637464858.9238374, 1637464870.4927764, 1637464873.3678176, 1637464875.9420028, 1637464878.7769363, 1637464881.3087933, 1637464884.0849974, 1637464891.640834, 1637464894.4678388, 1637464897.036191, 1637464899.7973218, 1637464902.3672204, 1637464905.1474123, 1637464907.703703, 1637464919.4233546, 1637464922.3468168, 1637464924.8989265, 1637464927.7362788, 1637464930.2854168, 1637464933.107714, 1637464935.670103, 1637464947.7590804, 1637464950.574503, 1637464953.1230962, 1637464955.8913546, 1637464958.418657, 1637464961.144303, 1637464972.4829621, 1637464974.9703186, 1637464977.756497, 1637464980.3822007, 1637464983.253553, 1637464985.809183, 1637464988.5988815, 1637464999.8372836, 1637465002.2965186, 1637465005.0255408, 1637465007.5535436, 1637465010.2811775, 1637465012.7977834, 1637465015.5058835, 1637465027.2952032, 1637465029.810254, 1637465032.5629382, 1637465035.068648, 1637465037.78772, 1637465040.2979455, 1637465052.1316175, 1637465054.930354, 1637465057.4514847, 1637465060.174811, 1637465062.7313523, 1637465065.4353654, 1637465067.9412444, 1637465079.9429028, 1637465082.6864276, 1637465085.180654, 1637465087.983626, 1637465090.4804134, 1637465093.2725987, 1637465095.7722983, 1637465107.31458, 1637465110.0165064, 1637465112.4909763, 1637465115.2384672, 1637465117.7718878, 1637465120.5004444, 1637465128.8873022, 1637465131.6879737, 1637465134.2341504, 1637465136.9496498, 1637465139.443932, 1637465141.9805756, 1637465144.6125252, 1637465152.6799347, 1637465155.409594, 1637465157.8793602, 1637465160.620548, 1637465163.08757, 1637465165.814337, 1637465168.3267899, 1637465176.2191374, 1637465178.743443, 1637465181.5468285, 1637465184.096361, 1637465186.8430777, 1637465189.288376, 1637465196.7392004, 1637465199.503697, 1637465202.0083246, 1637465204.7470143, 1637465207.1868165, 1637465209.8712213, 1637465212.3818796, 1637465219.9885707, 1637465222.5058873, 1637465225.2356765, 1637465227.7805667, 1637465230.4470692, 1637465232.9422114, 1637465235.5637012, 1637465243.1079001, 1637465245.6038513, 1637465248.3496754, 1637465250.8727887, 1637465253.6235206, 1637465256.0824265, 1637465263.7242224, 1637465266.2287147, 1637465269.0545044, 1637465271.5365412, 1637465274.260473, 1637465276.7640035, 1637465279.192311, 1637465286.8554056, 1637465289.3909183, 1637465292.1256034, 1637465294.6143951, 1637465297.3414016, 1637465299.8202806, 1637465302.6283946, 1637465309.9921134, 1637465312.4993577, 1637465315.2539008, 1637465317.7290971, 1637465320.4622867, 1637465322.9063673, 1637465330.2981722, 1637465332.8237822, 1637465335.6803842, 1637465338.1657043, 1637465340.8715148, 1637465343.3844583, 1637465346.1714907, 1637465353.4218361, 1637465355.8858511, 1637465358.6669655, 1637465361.1534836, 1637465363.7890494, 1637465366.2001033, 1637465368.9018865, 1637465376.4119582, 1637465379.0749445, 1637465381.6014788, 1637465384.0644274, 1637465386.7980337, 1637465389.265014, 1637465396.6887002, 1637465399.166393, 1637465401.8732715, 1637465404.322055, 1637465407.0694442, 1637465409.5752873, 1637465412.330452, 1637465419.5651987, 1637465422.0129375, 1637465424.7748551, 1637465427.271289, 1637465430.0223641, 1637465432.514074, 1637465435.2532372, 1637465442.5871186, 1637465445.3499665, 1637465447.9055152, 1637465450.5467212, 1637465453.1119394, 1637465455.5540605, 1637465463.0536144, 1637465465.5287783, 1637465468.3093023, 1637465470.8162842, 1637465473.553231, 1637465476.00275, 1637465478.8416438, 1637465486.294047, 1637465488.8283653, 1637465491.4954433, 1637465493.9783447, 1637465496.639564, 1637465499.146667, 1637465501.8343756, 1637465509.7787986, 1637465512.49143, 1637465514.994422, 1637465517.7123892, 1637465520.3047674, 1637465523.1058204, 1637465530.279612, 1637465532.7588344, 1637465535.5199032, 1637465538.0130007, 1637465540.7580945, 1637465543.2964754, 1637465546.037775, 1637465553.5857484, 1637465556.296451, 1637465558.836868, 1637465561.52905, 1637465563.990444, 1637465566.706191, 1637465569.2246757, 1637465576.5711334, 1637465579.348675, 1637465581.7964091, 1637465584.591793, 1637465587.1454072, 1637465589.9324994, 1637465597.5219874, 1637465600.3947275, 1637465602.8514595, 1637465605.528141, 1637465608.0000517, 1637465610.8182817, 1637465613.351218, 1637465620.8413715, 1637465623.5563054, 1637465626.0868301, 1637465628.898951, 1637465631.3619971, 1637465634.06589, 1637465636.4681313, 1637465643.8346384, 1637465646.3414087, 1637465649.0487907, 1637465651.6058104, 1637465654.087852, 1637465656.809158, 1637465664.002468, 1637465666.7456079, 1637465669.2737308, 1637465672.113452, 1637465674.5936031, 1637465677.3185265, 1637465679.8232124, 1637465686.9838755, 1637465689.7136946, 1637465692.213503, 1637465694.991983, 1637465697.541719, 1637465700.1965048, 1637465702.6984272, 1637465710.0681982, 1637465712.6142185, 1637465715.47951, 1637465718.028541, 1637465720.7782214, 1637465723.3720078, 1637465730.6098795, 1637465733.4804251, 1637465736.0576105, 1637465738.8608415, 1637465741.4176478, 1637465744.227647, 1637465746.7805593, 1637465754.3173752, 1637465756.842196, 1637465759.6471744, 1637465762.1549392, 1637465764.8969264, 1637465767.36427, 1637465769.9338348, 1637465777.4489968, 1637465780.0100503, 1637465782.7846627, 1637465785.3929133, 1637465788.1641974, 1637465790.7013898, 1637465798.1629267, 1637465800.6386533, 1637465803.3113751, 1637465805.917245, 1637465808.4704623, 1637465811.1053338, 1637465813.5868926],