{"initial_reset_timestamp": 1637458437.177188, "timestamps": [1637458448.603933, 1637458449.015427, 1637458449.4317527, 1637458449.8848944, 1637458450.2954345, 1637458450.865014, 1637458451.5083113, 1637458452.0511665, 1637458452.5882657, 1637458453.1162314, 1637458453.6324413, 1637458454.1592436, 1637458454.690339, 1637458455.2096546, 1637458455.7456236, 1637458456.2628665, 1637458456.7834353, 1637458457.2890759, 1637458457.8212912, 1637458458.3340986, 1637458469.6232991, 1637458470.139292, 1637458470.6468568, 1637458471.1691449, 1637458471.6827862, 1637458472.207816, 1637458472.7198696, 1637458473.234012, 1637458473.7466893, 1637458474.2653592, 1637458474.7746975, 1637458475.292677, 1637458475.8409176, 1637458476.3632715, 1637458476.8699145, 1637458477.435439, 1637458477.9478948, 1637458478.4654157, 1637458479.0624108, 1637458479.5769048, 1637458490.8319323, 1637458491.3519864, 1637458491.8674355, 1637458492.3888118, 1637458492.8996599, 1637458493.4167564, 1637458493.9217792, 1637458494.4429593, 1637458494.9469397, 1637458495.46249, 1637458496.0137045, 1637458496.5532207, 1637458497.0718918, 1637458497.5858376, 1637458498.1035087, 1637458498.6185973, 1637458499.1240807, 1637458499.6399357, 1637458500.149184, 1637458500.6626625, 1637458512.2755294, 1637458512.8220901, 1637458513.3374202, 1637458513.8840632, 1637458514.4857945, 1637458515.006883, 1637458515.5221658, 1637458516.0378754, 1637458516.5450613, 1637458517.05879, 1637458517.5708926, 1637458518.0748215, 1637458518.5789163, 1637458519.0888205, 1637458519.5973372, 1637458520.114624, 1637458520.6191368, 1637458521.1318789, 1637458521.635483, 1637458522.166943, 1637458533.8640325, 1637458534.3805394, 1637458534.891834, 1637458535.4091744, 1637458535.9197907, 1637458536.43419, 1637458536.9769325, 1637458537.5147474, 1637458538.0272405, 1637458538.5486429, 1637458539.0637596, 1637458539.5741494, 1637458540.075784, 1637458540.584709, 1637458541.095496, 1637458541.642646, 1637458542.1626813, 1637458542.684348, 1637458543.1953566, 1637458543.7094955, 1637458554.8638248, 1637458555.3864725, 1637458555.90987, 1637458556.4207501, 1637458556.9410894, 1637458557.4868586, 1637458557.9956732, 1637458558.5167043, 1637458559.0340848, 1637458559.5519454, 1637458560.1095278, 1637458560.6217697, 1637458561.1404734, 1637458561.653503, 1637458562.1821945, 1637458562.6889973, 1637458563.2107718, 1637458563.7271445, 1637458564.251287, 1637458564.7587593, 1637458576.072899, 1637458576.599149, 1637458577.1266665, 1637458577.645954, 1637458578.1649005, 1637458578.712431, 1637458579.2241955, 1637458579.7343354, 1637458580.2457705, 1637458580.7519124, 1637458581.2651997, 1637458581.7785428, 1637458582.302198, 1637458582.822979, 1637458583.34172, 1637458583.8504782, 1637458584.3675315, 1637458584.8696392, 1637458585.374657, 1637458585.8795993, 1637458597.192219, 1637458597.7496755, 1637458598.2767308, 1637458598.8014052, 1637458599.3061085, 1637458599.817958, 1637458600.3221958, 1637458600.837444, 1637458601.3471286, 1637458601.8729463, 1637458602.3856847, 1637458602.9056616, 1637458603.4142985, 1637458603.9216678, 1637458604.432436, 1637458605.044131, 1637458605.5498354, 1637458606.0788143, 1637458606.6310053, 1637458607.1548367, 1637458618.378808, 1637458618.8588686, 1637458619.3690226, 1637458619.8853369, 1637458620.4039102, 1637458620.9045916, 1637458621.422585, 1637458621.960313, 1637458622.4725966, 1637458622.9958403, 1637458623.5039034, 1637458624.026194, 1637458624.536224, 1637458625.0938566, 1637458625.604404, 1637458626.1198711, 1637458626.6305764, 1637458627.1500826, 1637458627.6803045, 1637458628.2060032, 1637458639.4143643, 1637458639.9264512, 1637458640.532302, 1637458641.0456765, 1637458641.559907, 1637458642.0720668, 1637458642.593292, 1637458643.1538556, 1637458643.6721685, 1637458644.1877491, 1637458644.702409, 1637458645.219743, 1637458645.7440627, 1637458646.256145, 1637458646.7766356, 1637458647.3003445, 1637458647.8228319, 1637458648.3427725, 1637458648.8836982, 1637458649.3971674, 1637458661.3069272, 1637458662.5000114, 1637458663.6689715, 1637458664.8649201, 1637458666.0524142, 1637458667.240364, 1637458668.4284234, 1637458669.6040018, 1637458670.7366006, 1637458671.9110563, 1637458673.049581, 1637458674.2238758, 1637458675.3960392, 1637458676.5682175, 1637458677.7235246, 1637458678.5759938, 1637458679.754264, 1637458680.918438, 1637458682.0817368, 1637458683.2114475, 1637458684.0852208, 1637458695.500685, 1637458696.670362, 1637458697.7066233, 1637458698.8602853, 1637458699.9557555, 1637458701.1460793, 1637458701.851439, 1637458702.532725, 1637458703.5304499, 1637458704.7067614, 1637458705.5552225, 1637458706.6644783, 1637458707.6678748, 1637458708.6762867, 1637458709.7293863, 1637458710.4923036, 1637458711.2264264, 1637458711.9962537, 1637458712.6171281, 1637458713.7707973, 1637458714.868294, 1637458715.7733538, 1637458716.8534544, 1637458717.6709762, 1637458718.5482588, 1637458719.1455617, 1637458720.0187776, 1637458720.8417158, 1637458721.7398093, 1637458750.6065168, 1637458751.590271, 1637458752.674237, 1637458753.6121554, 1637458754.3651657, 1637458755.1105175, 1637458756.1512535, 1637458756.76268, 1637458757.8085492, 1637458758.6246314, 1637458759.4081929, 1637458760.0044641, 1637458760.776884, 1637458761.8628187, 1637458762.7894874, 1637458763.5145564, 1637458764.1518133, 1637458764.980268, 1637458765.8276858, 1637458766.6576726, 1637458767.316782, 1637458767.9068992, 1637458768.5945857, 1637458769.3918746, 1637458770.0231082, 1637458770.6391897, 1637458771.4074135, 1637458772.1504602, 1637458773.0128307, 1637458773.6674402, 1637458774.663038, 1637458775.3947, 1637458776.2063696, 1637458777.0208304, 1637458777.7261038, 1637458778.5894625, 1637458779.3655207, 1637458780.0027692, 1637458780.611834, 1637458807.6321478, 1637458808.6195595, 1637458809.3359282, 1637458809.9653614, 1637458810.75928, 1637458811.578995, 1637458812.4304585, 1637458813.074591, 1637458813.8286843, 1637458814.8049052, 1637458815.6326349, 1637458816.355599, 1637458817.158892, 1637458817.9231935, 1637458818.657678, 1637458819.388063, 1637458820.0205185, 1637458820.6080852, 1637458821.6173637, 1637458822.300187, 1637458823.1318378, 1637458824.1074185, 1637458824.7064042, 1637458825.4743812, 1637458826.2680411, 1637458827.0173383, 1637458827.5954475, 1637458828.3948605, 1637458829.2400184, 1637458829.991683, 1637458830.6772013, 1637458831.3718848, 1637458831.9966366, 1637458832.9775124, 1637458833.6881406, 1637458834.3112345, 1637458835.1675513, 1637458835.819483, 1637458836.5196779, 1637458837.1298401, 1637458837.81816, 1637458838.693436, 1637458839.3438423, 1637458839.98951, 1637458869.2625217, 1637458869.971242, 1637458870.6658247, 1637458871.3877978, 1637458871.9978776, 1637458872.8591435, 1637458873.6120775, 1637458874.303191, 1637458874.94057, 1637458875.5789344, 1637458876.241875, 1637458876.888833, 1637458877.731835, 1637458878.3606777, 1637458879.0588593, 1637458879.8544533, 1637458880.5878413, 1637458881.3598385, 1637458882.0873792, 1637458882.8870494, 1637458883.4916399, 1637458884.3270204, 1637458885.0289001, 1637458885.7596493, 1637458886.4491754, 1637458887.147124, 1637458887.8404918, 1637458888.5188785, 1637458889.1792884, 1637458889.815346, 1637458890.5553, 1637458891.4499743, 1637458892.0217993, 1637458892.649729, 1637458893.3900442, 1637458894.0596757, 1637458894.7330155, 1637458895.4270616, 1637458896.0304835, 1637458896.7649267, 1637458897.5600069, 1637458898.2721813, 1637458898.8967953, 1637458899.6296391, 1637458900.2685816, 1637458900.9093719, 1637458901.6099353, 1637458902.2981627, 1637458902.9989908, 1637458903.6517906, 1637458933.1213245, 1637458933.9083507, 1637458934.8573587, 1637458935.5611203, 1637458936.2097092, 1637458936.848228, 1637458937.5275357, 1637458938.135612, 1637458938.8529115, 1637458939.6638658, 1637458940.3942006, 1637458941.1293423, 1637458941.665296, 1637458942.370871, 1637458943.102433, 1637458943.666922, 1637458944.6097398, 1637458945.3672528, 1637458946.083767, 