{"initial_reset_timestamp": 1637181683.9594808, "timestamps": [1637181684.3881543, 1637181684.8163805, 1637181685.2101336, 1637181685.615006, 1637181686.0396478, 1637181686.4469063, 1637181686.8643234, 1637181687.265263, 1637181687.726078, 1637181688.1188304, 1637181688.5214918, 1637181688.924118, 1637181689.3200278, 1637181689.7218573, 1637181690.1321588, 1637181690.5520217, 1637181690.9683075, 1637181691.3841448, 1637181691.7982936, 1637181692.2264369, 1637181692.635234, 1637181704.3014662, 1637181704.7671099, 1637181705.2061183, 1637181705.614002, 1637181706.02078, 1637181706.4393108, 1637181706.8461545, 1637181707.258564, 1637181707.6586626, 1637181708.0616512, 1637181708.465938, 1637181708.8694215, 1637181709.3032112, 1637181709.7165222, 1637181710.1234894, 1637181710.6327567, 1637181711.04659, 1637181711.4769776, 1637181711.9032524, 1637181712.3770726, 1637181724.507131, 1637181724.909324, 1637181725.3080192, 1637181725.7421942, 1637181726.1485853, 1637181726.5649886, 1637181726.966664, 1637181727.3788874, 1637181727.7790825, 1637181728.1763005, 1637181728.5819988, 1637181728.9815185, 1637181729.3967366, 1637181729.793185, 1637181730.2032704, 1637181730.658046, 1637181731.0798638, 1637181731.4922216, 1637181731.9008753, 1637181732.316617], "episode_lengths": [50, 50, 50, 49, 50, 50, 50, 50, 50, 50, 50, 50, 44, 50, 50, 50, 50, 50, 50, 50, 47, 50, 50, 50, 50, 50, 50, 50, 50, 50, 50, 50, 50, 50, 50, 50, 50, 50, 50, 50, 50, 50, 50, 50, 50, 50, 50, 50, 50, 50, 50, 50, 50, 50, 50, 50, 50, 50, 50, 50, 50], "episode_rewards": [-50.0, -50.0, -50.0, -48.0, -50.0, -50.0, -50.0, -50.0, -50.0, -50.0, -50.0, -50.0, -43.0, -50.0, -50.0, -50.0, -50.0, -50.0, -50.0, -50.0, -46.0, -50.0, -50.0, -50.0, -50.0, -50.0, -50.0, -50.0, -50.0, -50.0, -50.0, -50.0, -50.0, -50.0, -50.0, -50.0, -50.0, -50.0, -50.0, -50.0, -50.0, -50.0, -50.0, -50.0, -50.0, -50.0, -50.0, -50.0, -50.0, -50.0, -50.0, -50.0, -50.0, -50.0, -50.0, -50.0, -50.0, -50.0, -50.0, -50.0, -50.0], "episode_types": ["t", "t", "t", "t", "t", "t", "t", "t", "t", "t", "t", "t", "t", "t", "t", "t", "t", "t", "t", "t", "t", "t", "t", "t", "t", "t", "t", "t", "t", "t", "t", "t", "t", "t", "t", "t", "t", "t", "t", "t", "t", "t", "t", "t", "t", "t", "t", "t", "t", "t", "t", "t", "t", "t", "t", "t", "t", "t", "t", "t", "t"]}