{"initial_reset_timestamp": 1637181683.602758, "timestamps": [1637181692.6799273, 1637181693.079236, 1637181693.4794319, 1637181693.8717244, 1637181694.2551703, 1637181694.820731, 1637181695.3674343, 1637181695.8855493, 1637181696.4365926, 1637181696.9522078, 1637181697.4554455, 1637181697.9523294, 1637181698.449405, 1637181698.9509273, 1637181699.4553, 1637181699.9506295, 1637181700.446485, 1637181700.9511435, 1637181701.4651628, 1637181701.9760058, 1637181712.5050175, 1637181713.046339, 1637181713.5448146, 1637181714.051746, 1637181714.5545166, 1637181715.057502, 1637181715.5930128, 1637181716.0986354, 1637181716.6257393, 1637181717.118708, 1637181717.6161246, 1637181718.1252441, 1637181718.635415, 1637181719.1280043, 1637181719.6416392, 1637181720.0944614, 1637181720.5943398, 1637181721.0862987, 1637181721.582625, 1637181722.0712304], "episode_lengths": [50, 50, 50, 50, 50, 50, 50, 50, 50, 50, 50, 50, 50, 50, 50, 50, 50, 50, 50, 50, 50, 50, 50, 50, 50, 50, 50, 50, 50, 50, 50, 50, 50, 50, 50, 34, 50, 50, 50, 50], "episode_rewards": [-50.0, -50.0, -50.0, -50.0, -50.0, -50.0, -50.0, -50.0, -50.0, -50.0, -50.0, -50.0, -50.0, -50.0, -50.0, -50.0, -50.0, -50.0, -50.0, -50.0, -50.0, -50.0, -50.0, -50.0, -50.0, -50.0, -50.0, -50.0, -50.0, -50.0, -50.0, -50.0, -50.0, -50.0, -50.0, -33.0, -50.0, -50.0, -50.0, -50.0], "episode_types": ["t", "t", "t", "t", "t", "t", "t", "t", "t", "t", "t", "t", "t", "t", "t", "t", "t", "t", "t", "t", "t", "t", "t", "t", "t", "t", "t", "t", "t", "t", "t", "t", "t", "t", "t", "t", "t", "t", "t", "t", "t"]}