{"initial_reset_timestamp": 1637186298.7843099, "timestamps": [1637186299.2249968, 1637186299.6337492, 1637186300.0493612, 1637186300.4549272, 1637186300.8720691, 1637186301.2684748, 1637186301.6746173, 1637186302.1618414, 1637186302.5834217, 1637186303.029869, 1637186303.439945, 1637186303.8419652, 1637186304.2717762, 1637186304.6721795, 1637186305.0901074, 1637186305.4959402, 1637186305.8928618, 1637186306.316778, 1637186306.714063, 1637186307.1354723, 1637186307.558705, 1637186319.3527677, 1637186319.799484, 1637186320.196606, 1637186320.6094055, 1637186321.0149872, 1637186321.423668, 1637186321.8335109, 1637186322.233908, 1637186322.6490054, 1637186323.0563254, 1637186323.4759638, 1637186323.8829768, 1637186324.3011193, 1637186324.720712, 1637186325.237328, 1637186325.662003, 1637186326.08754, 1637186326.5017467, 1637186326.8996432, 1637186327.3187363, 1637186339.6650534, 1637186340.0817182, 1637186340.4980338, 1637186340.9142387, 1637186341.3285854, 1637186341.7332013, 1637186342.1405973, 1637186342.5587914, 1637186342.9700253, 1637186343.4035244, 1637186343.823446, 1637186344.2310665, 1637186344.6469064, 1637186345.082039, 1637186345.5496054, 1637186345.9496691, 1637186346.3627033, 1637186346.7811897, 1637186347.1837628, 1637186347.5863612], "episode_lengths": [50, 50, 50, 49, 50, 50, 50, 50, 50, 50, 50, 50, 44, 50, 50, 50, 50, 50, 50, 50, 47, 50, 50, 50, 50, 50, 50, 50, 50, 50, 50, 50, 50, 50, 50, 50, 50, 50, 50, 50, 50, 50, 50, 50, 50, 50, 50, 50, 50, 50, 50, 50, 50, 50, 50, 50, 50, 50, 50, 50, 50], "episode_rewards": [-50.0, -50.0, -50.0, -48.0, -50.0, -50.0, -50.0, -50.0, -50.0, -50.0, -50.0, -50.0, -43.0, -50.0, -50.0, -50.0, -50.0, -50.0, -50.0, -50.0, -46.0, -50.0, -50.0, -50.0, -50.0, -50.0, -50.0, -50.0, -50.0, -50.0, -50.0, -50.0, -50.0, -50.0, -50.0, -50.0, -50.0, -50.0, -50.0, -50.0, -50.0, -50.0, -50.0, -50.0, -50.0, -50.0, -50.0, -50.0, -50.0, -50.0, -50.0, -50.0, -50.0, -50.0, -50.0, -50.0, -50.0, -50.0, -50.0, -50.0, -50.0], "episode_types": ["t", "t", "t", "t", "t", "t", "t", "t", "t", "t", "t", "t", "t", "t", "t", "t", "t", "t", "t", "t", "t", "t", "t", "t", "t", "t", "t", "t", "t", "t", "t", "t", "t", "t", "t", "t", "t", "t", "t", "t", "t", "t", "t", "t", "t", "t", "t", "t", "t", "t", "t", "t", "t", "t", "t", "t", "t", "t", "t", "t", "t"]}