{"initial_reset_timestamp": 1637186298.4091501, "timestamps": [1637186307.5928736, 1637186307.9912546, 1637186308.3976388, 1637186308.798589, 1637186309.1937716, 1637186309.7637117, 1637186310.3163815, 1637186310.844727, 1637186311.4114046, 1637186311.9289365, 1637186312.444075, 1637186312.94919, 1637186313.4583468, 1637186313.9629078, 1637186314.470888, 1637186314.9664655, 1637186315.4706511, 1637186315.980721, 1637186316.4761767, 1637186316.959022, 1637186327.4563057, 1637186328.0017898, 1637186328.5411756, 1637186329.0303056, 1637186329.532723, 1637186330.021001, 1637186330.5234966, 1637186331.0192602, 1637186331.51995, 1637186332.1118727, 1637186332.6150737, 1637186333.1099062, 1637186333.6315134, 1637186334.1195717, 1637186334.620654, 1637186335.1170797, 1637186335.6143541, 1637186336.1141663, 1637186336.624368, 1637186337.110968], "episode_lengths": [50, 50, 50, 50, 50, 50, 50, 50, 50, 50, 50, 50, 50, 50, 50, 50, 50, 50, 50, 50, 50, 50, 50, 50, 50, 50, 50, 50, 50, 50, 50, 50, 50, 50, 50, 50, 50, 50, 50, 50], "episode_rewards": [-50.0, -50.0, -50.0, -50.0, -50.0, -50.0, -50.0, -50.0, -50.0, -50.0, -50.0, -50.0, -50.0, -50.0, -50.0, -50.0, -50.0, -50.0, -50.0, -50.0, -50.0, -50.0, -50.0, -50.0, -50.0, -50.0, -50.0, -50.0, -50.0, -50.0, -50.0, -50.0, -50.0, -50.0, -50.0, -50.0, -50.0, -50.0, -50.0, -50.0], "episode_types": ["t", "t", "t", "t", "t", "t", "t", "t", "t", "t", "t", "t", "t", "t", "t", "t", "t", "t", "t", "t", "t", "t", "t", "t", "t", "t", "t", "t", "t", "t", "t", "t", "t", "t", "t", "t", "t", "t", "t", "t", "t"]}