{"initial_reset_timestamp": 1637182946.2849662, "timestamps": [1637182955.6596644, 1637182956.0766556, 1637182956.4878554, 1637182956.8850098, 1637182957.289617, 1637182957.856799, 1637182958.3982387, 1637182958.9376361, 1637182959.5194213, 1637182960.0436149, 1637182960.55625, 1637182961.0767565, 1637182961.6003785, 1637182962.1206343, 1637182962.632314, 1637182963.1565762, 1637182963.6738307, 1637182964.1876721, 1637182964.696554, 1637182965.215762, 1637182975.882339, 1637182976.4182682, 1637182976.9625027, 1637182977.4808319, 1637182977.9888556, 1637182978.5185633, 1637182979.2231345, 1637182979.7529488, 1637182980.2737112, 1637182980.784669, 1637182981.2899988, 1637182981.8023646, 1637182982.320812, 1637182982.8334439, 1637182983.341168, 1637182983.8548725, 1637182984.37743, 1637182984.8774958, 1637182985.3954704, 1637182985.9003818], "episode_lengths": [50, 50, 50, 50, 50, 50, 50, 50, 50, 50, 50, 50, 50, 50, 50, 50, 50, 50, 50, 50, 50, 50, 50, 50, 50, 50, 50, 50, 50, 50, 50, 50, 50, 50, 50, 50, 50, 50, 50, 50], "episode_rewards": [-50.0, -50.0, -50.0, -50.0, -50.0, -50.0, -50.0, -50.0, -50.0, -50.0, -50.0, -50.0, -50.0, -50.0, -50.0, -50.0, -50.0, -50.0, -50.0, -50.0, -50.0, -50.0, -50.0, -50.0, -50.0, -50.0, -50.0, -50.0, -50.0, -50.0, -50.0, -50.0, -50.0, -50.0, -50.0, -50.0, -50.0, -50.0, -50.0, -50.0], "episode_types": ["t", "t", "t", "t", "t", "t", "t", "t", "t", "t", "t", "t", "t", "t", "t", "t", "t", "t", "t", "t", "t", "t", "t", "t", "t", "t", "t", "t", "t", "t", "t", "t", "t", "t", "t", "t", "t", "t", "t", "t", "t"]}