{"initial_reset_timestamp": 1637182946.6735017, "timestamps": [1637182947.1198244, 1637182947.5388389, 1637182947.9705613, 1637182948.3963, 1637182948.8247957, 1637182949.2608614, 1637182949.6736557, 1637182950.1009958, 1637182950.5155401, 1637182950.9684057, 1637182951.3887265, 1637182951.8195243, 1637182952.2342336, 1637182952.6558042, 1637182953.072836, 1637182953.480814, 1637182953.8956661, 1637182954.3457315, 1637182954.7697692, 1637182955.1930785, 1637182955.6109512, 1637182967.6254694, 1637182968.0599945, 1637182968.5286033, 1637182968.9468505, 1637182969.378183, 1637182969.815339, 1637182970.2414076, 1637182970.656519, 1637182971.0846684, 1637182971.5079713, 1637182971.9347718, 1637182972.3647203, 1637182972.784344, 1637182973.2027097, 1637182973.6321125, 1637182974.048282, 1637182974.4820945, 1637182974.895112, 1637182975.315245, 1637182975.7451718, 1637182988.3152041, 1637182988.73552, 1637182989.144523, 1637182989.5759706, 1637182990.0114286, 1637182990.4473379, 1637182990.8714437, 1637182991.3038375, 1637182991.7304416, 1637182992.1605332, 1637182992.5928671, 1637182993.0207224, 1637182993.4610863, 1637182993.881192, 1637182994.3083396, 1637182994.7789943, 1637182995.2078176, 1637182995.6373272, 1637182996.0627089, 1637182996.482055], "episode_lengths": [50, 50, 50, 49, 50, 50, 50, 50, 50, 50, 50, 50, 44, 50, 50, 50, 50, 50, 50, 50, 47, 50, 50, 50, 50, 50, 50, 50, 50, 50, 50, 50, 50, 50, 50, 50, 50, 50, 50, 50, 50, 50, 50, 50, 50, 50, 50, 50, 50, 50, 50, 50, 50, 50, 50, 50, 50, 50, 50, 50, 50], "episode_rewards": [-50.0, -50.0, -50.0, -48.0, -50.0, -50.0, -50.0, -50.0, -50.0, -50.0, -50.0, -50.0, -43.0, -50.0, -50.0, -50.0, -50.0, -50.0, -50.0, -50.0, -46.0, -50.0, -50.0, -50.0, -50.0, -50.0, -50.0, -50.0, -50.0, -50.0, -50.0, -50.0, -50.0, -50.0, -50.0, -50.0, -50.0, -50.0, -50.0, -50.0, -50.0, -50.0, -50.0, -50.0, -50.0, -50.0, -50.0, -50.0, -50.0, -50.0, -50.0, -50.0, -50.0, -50.0, -50.0, -50.0, -50.0, -50.0, -50.0, -50.0, -50.0], "episode_types": ["t", "t", "t", "t", "t", "t", "t", "t", "t", "t", "t", "t", "t", "t", "t", "t", "t", "t", "t", "t", "t", "t", "t", "t", "t", "t", "t", "t", "t", "t", "t", "t", "t", "t", "t", "t", "t", "t", "t", "t", "t", "t", "t", "t", "t", "t", "t", "t", "t", "t", "t", "t", "t", "t", "t", "t", "t", "t", "t", "t", "t"]}