{"initial_reset_timestamp": 1637530575.8699033, "timestamps": [1637530576.3751786, 1637530576.944316, 1637530577.4690244, 1637530577.9826665, 1637530578.5136302, 1637530579.0291533, 1637530579.5755076, 1637530585.430884, 1637530585.9463599, 1637530586.4550436, 1637530586.960279, 1637530587.3160872, 1637530587.8832512, 1637530588.3819122, 1637530588.9011161, 1637530595.069843, 1637530595.5735152, 1637530596.0633936, 1637530596.6095946, 1637530597.175465, 1637530597.740274, 1637530598.308529, 1637530598.865754, 1637530618.674526, 1637530619.16201, 1637530619.727943, 1637530620.2171533, 1637530620.7138329, 1637530621.2080247, 1637530621.7169385, 1637530640.9758825, 1637530641.4873362, 1637530641.992494, 1637530642.5033019, 1637530643.006214, 1637530643.5379074, 1637530644.034552, 1637530664.3514402, 1637530664.8462362, 1637530665.3333373, 1637530665.8200212, 1637530666.3135383, 1637530666.8791716, 1637530667.5240557, 1637530688.0931377, 1637530688.6287491, 1637530689.1834192, 1637530689.7710125, 1637530690.263741, 1637530690.7719202, 1637530691.2897933, 1637530711.9544766, 1637530712.4466681, 1637530712.9899197, 1637530713.5111551, 1637530713.9822104, 1637530714.4840803, 1637530714.9886603, 1637530737.7285964, 1637530738.24873, 1637530738.8184214, 1637530739.3489218, 1637530739.7877219, 1637530740.2681851, 1637530740.764016, 1637530764.0859153, 1637530764.5835648, 1637530765.1392765, 1637530765.6777923, 1637530766.231901, 1637530766.5541105, 1637530767.0495374, 1637530767.545388, 1637530791.5514796, 1637530792.0284557, 1637530792.5403185, 1637530793.0823038, 1637530793.590001, 1637530794.0697496, 1637530794.581546, 1637530819.3206506, 1637530819.8122222, 1637530820.2935088, 1637530820.7909188, 1637530821.3295252, 1637530821.8795648, 1637530822.3806083, 1637530845.963361, 1637530846.4889936, 1637530846.9775531, 1637530847.510179, 1637530848.0191875, 1637530848.5237322, 1637530849.0678504, 1637530873.4720128, 1637530874.0330637, 1637530874.5507278, 1637530875.046282, 1637530875.530725, 1637530876.0019186, 1637530876.5541277, 1637530900.9073496, 1637530901.4485319, 1637530901.9823625, 1637530902.519487, 1637530903.0039065, 1637530903.549945, 1637530903.9576073, 1637530904.4700232, 1637530929.3585045, 1637530929.848403, 1637530930.3472965, 1637530930.8894339, 1637530931.386318, 1637530931.866132, 1637530932.3627152, 1637530957.0441267, 1637530957.6098773, 1637530958.1196766, 1637530958.6304228, 1637530959.1222978, 1637530959.6787777, 1637530960.1723645, 1637530985.8917155, 1637530986.3978665, 1637530986.8628983, 1637530987.3577528, 1637530987.9142737, 1637530988.4754376, 1637530989.024794, 1637531014.5895813, 1637531015.0953248, 1637531015.5903976, 1637531016.0782716, 1637531016.6342757, 1637531017.1780348, 1637531017.7299936, 1637531043.8064764, 1637531044.370866, 1637531044.8753881, 1637531045.351947, 1637531045.8492806, 1637531046.477723, 1637531046.9740252, 1637531073.4293327, 1637531073.8651059, 1637531074.4162695, 1637531074.9718444, 1637531075.5096965, 1637531076.0299206, 1637531076.530181, 1637531077.0292473, 1637531103.3674722, 1637531103.8845422, 1637531104.4240937, 1637531104.9292219, 1637531105.540031, 1637531106.0479746, 1637531106.5658283, 1637531132.6357026, 1637531133.1875317, 1637531133.696691, 1637531134.19867, 1637531134.762186, 1637531135.235523, 1637531135.7008445, 1637531136.2530258, 1637531162.236931, 1637531162.8162487, 1637531163.3494794, 1637531163.8511386, 1637531164.364363, 1637531165.031734, 1637531165.5694873, 1637531191.1155312, 1637531191.6692076, 1637531192.1925306, 1637531192.7096076, 1637531193.2466488, 1637531193.7400315, 1637531194.2137043, 1637531220.516397, 1637531220.997645, 1637531221.5299308, 1637531222.0810091, 1637531222.4268565, 1637531222.976459, 1637531223.4995596, 1637531223.9850178, 1637531250.379476, 1637531250.877138, 1637531251.354535, 1637531251.835233, 1637531252.313916, 1637531252.8288615, 1637531253.369767, 1637531279.4540153, 1637531280.004541, 1637531280.5270772, 1637531281.0018113, 1637531281.5184736, 1637531282.002823, 1637531282.5546262, 1637531309.4360824, 1637531310.0187209, 1637531310.5577428, 1637531311.1270795, 1637531311.680768, 1637531312.2572145, 1637531312.7462604, 1637531338.390068, 1637531338.889454, 1637531339.3616955, 1637531339.8609107, 1637531340.3525827, 1637531340.8608706, 1637531341.3642783, 1637531367.0678215, 1637531367.6290724, 1637531368.1823256, 1637531368.737777, 1637531369.2835264, 1637531369.8648608, 1637531370.3931305, 1637531395.8856633, 1637531396.3974085, 1637531396.8956282, 1637531397.4326534, 1637531397.9338977, 1637531398.4240623, 1637531398.9225483, 1637531424.7691464, 1637531425.2904851, 1637531425.8498368, 1637531426.265543, 1637531426.7514966, 1637531427.2643123, 1637531427.7512522, 1637531428.2067244, 1637531454.0105305, 1637531454.4463627, 1637531454.9346657, 1637531455.4120767, 1637531455.9038084, 1637531456.443264, 1637531456.946942, 1637531482.2597575, 1637531482.755871, 1637531483.2453349, 1637531483.7458143, 1637531484.2421782, 1637531484.7609985, 1637531485.2549627, 1637531511.2454362, 1637531511.760912, 1637531512.282526, 1637531512.8360856, 1637531513.3432682, 1637531513.8397176, 1637531514.315912, 1637531514.7745209, 1637531540.4981446, 1637531541.0021238, 1637531541.4909978, 1637531541.9963398, 1637531542.5233378, 1637531543.093403, 1637531543.6471348, 1637531569.8178308, 1637531570.3121302, 1637531570.8023095, 1637531571.2901642, 1637531571.7884762, 1637531572.2663717, 1637531572.82027, 1637531598.9547246, 1637531599.4635067, 1637531599.9316404, 1637531600.4215298, 1637531600.8329318, 1637531601.353657, 1637531601.816154, 1637531602.3200135, 1637531627.6455529, 1637531628.1318607, 1637531628.785488, 1637531629.2698514, 1637531629.7546508, 1637531630.2283134, 1637531630.7389512, 1637531656.2186177, 1637531656.7267504, 1637531657.21502, 1637531657.7511098, 1637531658.3145204, 1637531658.8745933, 1637531659.393535, 1637531684.8019803, 1637531685.2885525, 1637531685.9460073, 1637531686.4568396, 1637531687.0997376, 1637531687.604207, 1637531688.00472, 1637531712.9631834, 1637531713.500548, 1637531714.0639918, 1637531714.4400702, 1637531714.9350502, 1637531715.4476078, 1637531715.9230957, 1637531716.4415357, 1637531742.3565261, 1637531742.8510792, 1637531743.3639874, 1637531743.868454, 1637531744.386774, 1637531744.8927402, 1637531745.386626, 1637531770.8733404, 1637531771.386587, 1637531771.855025, 1637531772.3431888, 1637531772.842376, 1637531773.4141376, 1637531773.9771361, 1637531799.90953, 1637531800.3943572, 1637531800.9053664, 1637531801.4133854, 1637531801.9208796, 1637531802.4575257, 1637531803.021129, 1637531828.6861737, 1637531829.2107222, 1637531829.6991627, 1637531830.1934762, 1637531830.7296507, 1637531831.2414534, 1637531831.7219195, 1637531857.728398, 1637531858.2840397, 1637531858.780945, 1637531859.276694, 1637531859.8302302, 1637531860.3702333, 1637531860.8404744, 1637531885.6266644, 1637531886.1010146, 1637531886.6553915, 1637531887.1298223, 1637531887.5481098, 1637531888.0187144, 1637531888.5208974, 1637531888.9976676, 1637531914.8062103, 1637531915.2903657, 1637531915.7814353, 1637531916.2776654, 1637531916.7878842, 1637531917.1667469, 1637531917.7218034, 1637531918.2491574],