{"initial_reset_timestamp": 1637463332.5208383, "timestamps": [1637463337.6242046, 1637463338.1612742, 1637463338.8994048, 1637463339.6235235, 1637463340.2868927, 1637463340.9399562, 1637463346.3240423, 1637463347.187908, 1637463347.844194, 1637463348.4858437, 1637463349.2396195, 1637463349.894928, 1637463350.5249708, 1637463357.2128918, 1637463360.0020103, 1637463362.4939654, 1637463365.2983527, 1637463367.9166276, 1637463370.663104, 1637463373.2163, 1637463380.6352482, 1637463383.1600223, 1637463385.947353, 1637463388.475547, 1637463391.3524573, 1637463393.8184037, 1637463400.9684863, 1637463403.7877507, 1637463406.3809085, 1637463409.1462307, 1637463411.6572616, 1637463413.5534241, 1637463416.0118375, 1637463423.0717754, 1637463425.7603168, 1637463428.2861955, 1637463431.0277438, 1637463433.5805345, 1637463436.3596196, 1637463438.93236, 1637463446.4740124, 1637463448.9975705, 1637463451.7498581, 1637463454.3054883, 1637463457.0552506, 1637463459.5394638, 1637463462.4003735, 1637463469.8024516, 1637463472.3992448, 1637463475.246635, 1637463477.7812068, 1637463480.5427356, 1637463483.084783, 1637463490.7404501, 1637463493.2738378, 1637463496.1121557, 1637463498.640202, 1637463501.3603098, 1637463503.8796582, 1637463506.5926309, 1637463513.4870353, 1637463516.0080538, 1637463518.87051, 1637463521.3552449, 1637463524.1761208, 1637463526.6471198, 1637463529.4755225, 1637463536.3746789, 1637463539.0050058, 1637463541.6153035, 1637463544.138975, 1637463546.9091618, 1637463549.4619095, 1637463552.1898887, 1637463559.6933746, 1637463562.5226138, 1637463565.0804894, 1637463567.926605, 1637463570.4303224, 1637463573.2186763, 1637463580.9507277, 1637463583.705957, 1637463586.165246, 1637463587.234232, 1637463590.0652635, 1637463592.563865, 1637463595.3124585, 1637463597.7798176, 1637463604.7703896, 1637463607.4194615, 1637463610.0382972, 1637463612.7650557, 1637463615.344638, 1637463618.1270735, 1637463619.2573085, 1637463626.9392426, 1637463628.6760643, 1637463631.2290323, 1637463634.067361, 1637463636.6440864, 1637463639.489781, 1637463642.089291, 1637463649.681503, 1637463652.213892, 1637463654.9521844, 1637463657.5245137, 1637463660.304779, 1637463662.826764, 1637463665.630278, 1637463673.0598547, 1637463675.7375803, 1637463678.6481159, 1637463681.296106, 1637463684.203898, 1637463686.8576798, 1637463689.740598, 1637463697.4421546, 1637463700.4017782, 1637463703.036446, 1637463705.928984, 1637463708.5604534, 1637463711.4344661, 1637463718.9477293, 1637463721.86379, 1637463724.5766912, 1637463727.455915, 1637463730.071409, 1637463732.9416666, 1637463735.5363743, 1637463743.5017142, 1637463746.1501167, 1637463749.1334746, 1637463751.7396348, 1637463754.7078419, 1637463757.3880315, 1637463760.28108, 1637463768.1074553, 1637463770.9969506, 1637463773.6092823, 1637463776.4717228, 1637463779.0936632, 1637463781.974794, 1637463789.7509918, 1637463792.6233234, 1637463795.3217576, 1637463798.2212734, 1637463800.8272207, 1637463803.6584048, 1637463806.2711189, 1637463814.1737509, 1637463816.9290586, 1637463819.7132533, 1637463822.4045851, 1637463824.9978895, 1637463827.8673348, 1637463830.5615413, 1637463838.413558, 1637463841.1027517, 1637463843.922652, 1637463846.5134366, 1637463849.423355, 1637463852.0174663, 1637463860.1055195, 1637463862.7614348, 1637463865.681611, 1637463868.2881641, 1637463871.2491524, 1637463873.8777108, 1637463876.7525318, 1637463884.4713402, 1637463887.3521967, 1637463889.9999714, 1637463892.9069202, 1637463895.5290573, 1637463898.4355052, 1637463901.0593739, 1637463908.9539127, 1637463911.6200073, 1637463914.4943001, 1637463917.163234, 1637463920.0792742, 1637463922.6958735, 1637463932.6774275, 1637463935.3094587, 1637463938.1472216, 1637463940.7732315, 1637463943.5873225, 1637463946.250294, 1637463949.1346262, 1637463958.135463, 1637463960.7640765, 1637463963.6672347, 1637463966.3389487, 1637463969.230364, 1637463971.9385147, 1637463974.8206053, 1637463986.0160298, 1637463988.6475744, 1637463991.5939152, 1637463994.1886423, 1637463997.0133607, 1637463999.6538925, 1637464011.6518877, 1637464014.513924, 1637464017.0881226, 1637464019.9204268, 1637464022.5254834, 1637464025.3454485, 1637464027.9711726, 1637464041.303764, 1637464043.9074547, 1637464046.7681775, 1637464049.4433222, 1637464052.3426485, 1637464054.940341, 1637464057.806756, 1637464072.2123573, 1637464075.1206546, 1637464077.7091753, 1637464080.6672187, 1637464083.3139122, 1637464086.1786752, 1637464100.0866306, 1637464102.9639654, 1637464105.606045, 1637464108.4679358, 1637464111.0735774, 1637464113.981313, 1637464116.5975895, 1637464130.5969818, 1637464133.1692922, 1637464136.081462, 1637464138.7018375, 1637464141.7702525, 1637464144.451877, 1637464147.3463864, 1637464161.081728, 1637464163.9278407, 1637464166.599954, 1637464169.4856236, 1637464172.0663445, 1637464174.9766285, 1637464188.8898704, 1637464191.7693732, 1637464194.4296865, 1637464197.312742, 1637464199.886001, 1637464202.7659175, 1637464205.3728707, 1637464219.8074296, 1637464222.4986658, 1637464225.2446766, 1637464228.0667312, 1637464230.752979, 1637464233.4934654, 1637464236.191286, 1637464249.995582, 1637464252.7726755, 1637464255.5079212, 1637464258.306891, 1637464261.06645, 1637464263.7988615, 1637464278.6336112, 1637464281.221911, 1637464284.1004193, 1637464286.7492642, 1637464289.675193, 1637464292.391407, 1637464295.320593, 1637464310.0881984, 1637464312.9494255, 1637464315.5779583, 1637464318.544186, 1637464321.1617408, 1637464324.0700157, 1637464326.700973, 1637464341.3647761, 1637464344.2392886, 1637464346.8485575, 1637464349.7522783, 1637464352.4076068, 1637464355.3423758, 1637464370.6730182, 1637464373.5806246, 1637464376.2302544, 1637464379.1211941, 1637464381.7794952, 1637464384.6706898, 1637464387.2677205, 1637464402.1919825, 1637464405.0030086, 1637464407.7027516, 1637464410.5777936, 1637464413.262814, 1637464416.0888846, 1637464418.7329328, 1637464432.8789418, 1637464435.4866095, 1637464438.3427954, 1637464441.0245073, 1637464443.9108047, 1637464446.518532, 1637464460.9616828, 1637464463.5958803, 1637464466.4768972, 1637464469.0813966, 1637464471.917167, 1637464474.492121, 1637464477.3171687, 1637464491.486453, 1637464494.3983538, 1637464497.0249422, 1637464499.9562793, 1637464502.6536672, 1637464505.5627356, 1637464508.1451051, 1637464523.5541234, 1637464526.2399132, 1637464529.0271084, 1637464531.7098765, 1637464534.458889, 1637464537.0466673, 1637464552.3400304, 1637464555.2300353, 1637464557.8446295, 1637464560.6847665, 1637464563.305727, 1637464566.166558, 1637464568.8003824, 1637464584.759659, 1637464587.6300306, 1637464590.2426498, 1637464593.179338, 1637464595.8666544, 1637464598.778043, 1637464601.4435403],