{"initial_reset_timestamp": 1637457757.4328306, "timestamps": [1637457768.9715762, 1637457769.417925, 1637457769.82457, 1637457770.2371953, 1637457770.640325, 1637457771.2274284, 1637457771.7737105, 1637457772.3195107, 1637457772.8578753, 1637457773.3877115, 1637457773.9248376, 1637457774.470764, 1637457774.9882946, 1637457775.499761, 1637457776.016783, 1637457776.5386202, 1637457777.0594845, 1637457777.5897372, 1637457778.1150396, 1637457778.6319764, 1637457789.7476199, 1637457790.2850163, 1637457790.805879, 1637457791.3399794, 1637457791.8513207, 1637457792.3637166, 1637457792.8817406, 1637457793.4028437, 1637457793.9195807, 1637457794.4392881, 1637457794.974157, 1637457795.4925516, 1637457796.0198944, 1637457796.5472329, 1637457797.1060023, 1637457797.6233394, 1637457798.1372695, 1637457798.6567864, 1637457799.1653843, 1637457799.6748464, 1637457811.5299973, 1637457812.68566, 1637457813.8200479, 1637457814.964993, 1637457816.1293087, 1637457817.296941, 1637457818.4371357, 1637457819.5711274, 1637457820.73231, 1637457821.8936095, 1637457823.02721, 1637457824.170709, 1637457825.3059118, 1637457826.4441712, 1637457827.5545223, 1637457828.689338, 1637457829.800145, 1637457830.927048, 1637457832.085287, 1637457833.2252698, 1637457845.4796333, 1637457846.678427, 1637457847.813492, 1637457848.947363, 1637457850.0874314, 1637457851.24709, 1637457852.4144168, 1637457853.5841675, 1637457854.7238986, 1637457855.9006944, 1637457857.0890458, 1637457858.2672505, 1637457859.4056334, 1637457860.43527, 1637457861.62808, 1637457862.7994652, 1637457863.9577088, 1637457864.9354181, 1637457866.1179547, 1637457866.9416935, 1637457867.8935575, 1637457879.1256845, 1637457879.841355, 1637457880.6034544, 1637457881.4255805, 1637457882.2998927, 1637457883.0165272, 1637457883.64669, 1637457884.286569, 1637457884.9822993, 1637457885.7101781, 1637457886.4438014, 1637457887.104822, 1637457887.8002584, 1637457888.8113596, 1637457889.5405009, 1637457890.5828962, 1637457891.2790542, 1637457891.9639661, 1637457892.875646, 1637457893.4649496, 1637457894.1612916, 1637457894.8781712, 1637457895.6719203, 1637457896.3152862, 1637457896.9761865, 1637457897.7426069, 1637457898.3791227, 1637457899.1296408, 1637457899.8446496, 1637457900.7656748, 1637457901.4751947, 1637457902.3644755, 1637457902.9565327, 1637457903.692354, 1637457904.426925, 1637457905.2341943, 1637457905.8596275, 1637457906.824036, 1637457907.5542796, 1637457908.30949, 1637457909.1305022, 1637457909.9373376, 1637457921.6130145, 1637457922.7595825, 1637457923.423736, 1637457924.3426485, 1637457925.4826913, 1637457926.2070549, 1637457927.1535194, 1637457928.3629827, 1637457929.387249, 1637457930.5535805, 1637457931.2262366, 1637457931.9684227, 1637457932.849314, 1637457933.6616662, 1637457934.4762414, 1637457935.2797368, 1637457936.1968489, 1637457937.2326725, 1637457938.2969663, 1637457939.0963683, 1637457939.765426, 1637457940.496299, 1637457941.618984, 1637457942.3329937, 1637457943.1242037, 1637457944.0459695, 1637457945.2110057, 1637457946.466292, 1637457958.0653348, 1637457959.2602382, 1637457960.431081, 1637457961.592504, 1637457962.8231091, 1637457963.9748933, 1637457965.1451945, 1637457966.3273585, 1637457967.5618255, 1637457968.724897, 1637457969.5159662, 1637457970.7041733, 1637457971.878491, 1637457973.0391028, 1637457974.2329304, 1637457975.4050434, 1637457976.582165, 1637457977.7525077, 1637457978.926329, 1637457980.0720809, 1637457981.2393107, 1637458004.8680236, 1637458006.0593739, 1637458007.295924, 1637458008.5344093, 1637458009.7813299, 1637458010.9383001, 1637458012.1061614, 1637458013.2508798, 1637458014.3872194, 1637458015.5376706, 1637458016.715889, 1637458017.875727, 1637458019.034189, 1637458020.208209, 1637458021.3946927, 1637458022.5673723, 1637458023.7604513, 1637458024.9255264, 1637458026.068898, 1637458027.2666378, 1637458045.7071486, 1637458046.8493218, 1637458048.0473151, 1637458049.261839, 1637458050.4436505, 1637458051.6429048, 1637458052.8517957, 1637458053.9972668, 1637458055.1394436, 1637458056.3197415, 1637458057.4840212, 1637458058.66318, 1637458059.8402917, 1637458061.019334, 1637458062.2081513, 1637458063.35242, 1637458064.5576835, 1637458065.7268775, 1637458066.8755145, 1637458068.1380851, 1637458098.1960788, 1637458099.3589995, 1637458100.560708, 1637458101.7419016, 1637458102.95954, 1637458104.1253657, 1637458105.316739, 1637458106.4952404, 1637458107.6603153, 1637458108.836921, 1637458110.0277174, 1637458111.200857, 1637458112.4061177, 1637458113.5439193, 1637458114.6992514, 1637458115.8544254, 1637458117.0350413, 1637458118.1767437, 1637458119.3268175, 1637458120.4985101, 1637458150.5761237, 1637458151.160082, 1637458151.8738823, 1637458152.5639822, 1637458153.300655, 1637458154.0038247, 1637458154.6208637, 1637458155.4212825, 1637458156.0418084, 1637458156.7111537, 1637458157.4034486, 1637458158.0730317, 1637458158.692028, 1637458159.2686899, 1637458159.8660135, 1637458160.487949, 1637458161.1633365, 1637458161.8205738, 1637458162.375043, 1637458162.9855514, 1637458163.647966, 1637458164.4021757, 1637458165.2155366, 1637458165.875232, 1637458166.5861125, 1637458167.2138407, 1637458167.9232876, 1637458168.6704059, 1637458169.2145903, 1637458169.8416724, 1637458170.5710566, 1637458171.250338, 1637458171.947006, 1637458172.5528803, 1637458173.2278402, 1637458173.8634102, 1637458174.5143697, 1637458175.1518044, 1637458175.8566349, 1637458176.5293741, 1637458177.2715878, 1637458178.0287516, 1637458178.6166954, 1637458179.2718177, 1637458179.89237, 1637458180.5756233, 1637458181.3013878, 1637458181.959491, 1637458182.5049498, 1637458183.0897393, 1637458183.6603098, 1637458184.327439, 1637458184.9755952, 1637458185.587914, 1637458186.3856332, 1637458187.045716, 1637458217.284541, 1637458217.9946043, 1637458218.7262416, 1637458219.4658747, 1637458220.0984778, 1637458220.8259935, 1637458221.5671368, 1637458222.267435, 1637458223.0043416, 1637458223.7958446, 1637458224.4492757, 1637458225.3433187, 1637458226.0065796, 1637458226.675794, 1637458227.4378166, 1637458228.0643098, 1637458228.6802402, 1637458229.346454, 1637458229.9665325, 1637458230.6291683, 1637458231.4405448, 1637458232.1332028, 1637458232.8458698, 1637458233.5178661, 1637458234.1854725, 1637458234.9062462, 1637458235.5804894, 1637458236.2493641, 1637458236.9006689, 1637458237.5595067, 1637458238.2111788, 1637458238.8706825, 1637458239.6162488, 1637458240.237657, 1637458240.8824642, 1637458241.5556846, 1637458242.2891204, 1637458242.8813472, 1637458243.5776873, 1637458244.175884, 1637458244.8741443, 1637458245.486823, 1637458246.1546054, 1637458246.775459, 1637458247.5430486, 1637458248.390628, 1637458248.9724808, 1637458249.6488044, 1637458250.4175436, 1637458251.0866308, 1637458281.6002495, 1637458282.3628113, 1637458283.0885906, 1637458283.8256276, 1637458284.506443, 1637458285.128039, 1637458285.7190292, 1637458286.3796785, 1637458286.9923177, 1637458287.611028, 1637458288.3414578, 1637458289.0374513, 1637458289.7960575, 1637458290.4244437, 1637458291.0956411, 1637458291.7513998, 1637458292.3632553, 1637458293.0500267, 1637458293.7126446, 1637458294.2554612, 1637458294.9567516, 1637458295.7070951, 1637458296.3400722, 1637458297.0346766, 1637458297.7753959, 1637458298.4218464, 1637458299.1065252, 1637458299.7415905, 1637458300.350376, 1637458300.94061, 1637458301.5917795, 1637458302.2056222, 1637458302.9220285, 1637458303.5660863, 1637458304.2585857, 1637458304.9726853, 1637458305.602224, 1637458306.2676194, 1637458306.9726176, 1637458307.587734, 1637458308.1570084, 1637458308.9153914, 1637458309.601537, 1637458310.2237468, 1637458310.8223324, 1637458311.5620127, 1637458312.2689645, 1637458312.893692, 1637458313.6091487, 1637458314.2612836, 1637458314.907987, 1637458315.6668649, 1637458316.3447423, 1637458317.0194716, 1637458346.2152624, 1637458346.8027542, 1637458347.4562862, 1637458348.2585728, 1637458348.9067802, 1637458349.5388017, 1637458350.1236577, 1637458350.7829783, 1637458351.3540246, 1637458351.9506938, 