{"initial_reset_timestamp": 1637216522.5307221, "timestamps": [1637216522.8891504, 1637216523.2532516, 1637216523.6242542, 1637216524.0000181, 1637216524.3442836, 1637216524.6862216, 1637216525.0517354, 1637216525.4011495, 1637216525.791209, 1637216526.1447616, 1637216526.4993677, 1637216526.8491423, 1637216527.2007856, 1637216527.548535, 1637216527.9048407, 1637216528.2616653, 1637216528.624883, 1637216528.9959126, 1637216529.3759265, 1637216529.7367065, 1637216530.1177633, 1637216540.5948753, 1637216540.9946926, 1637216541.3487058, 1637216541.6892483, 1637216542.0351388, 1637216542.3821113, 1637216542.7320566, 1637216543.0754595, 1637216543.424874, 1637216543.7695844, 1637216544.1216269, 1637216544.4695623, 1637216544.8207974, 1637216545.1691828, 1637216545.604104, 1637216545.9787846, 1637216546.3272228, 1637216546.6835356, 1637216547.031776, 1637216547.4060652, 1637216558.2308583, 1637216558.5969498, 1637216558.950669, 1637216559.2932365, 1637216559.640202, 1637216560.0161393, 1637216560.3748047, 1637216560.7402122, 1637216561.1873112, 1637216561.5374138, 1637216561.8929949, 1637216562.2452261, 1637216562.6073995, 1637216563.022369, 1637216563.381665, 1637216563.7352433, 1637216564.0852363, 1637216564.4411783, 1637216564.806425, 1637216565.159403, 1637216597.8646653, 1637216598.2277353, 1637216598.5957735, 1637216598.9488425, 1637216599.3032112, 1637216599.674759, 1637216600.036562, 1637216600.4037666, 1637216600.8093755, 1637216601.159596, 1637216601.509499, 1637216601.8920891, 1637216602.2493343, 1637216602.59988, 1637216602.9550781, 1637216603.312087, 1637216603.6576827, 1637216603.9997458, 1637216604.3497362, 1637216604.7086394, 1637216642.5157962, 1637216642.8812222, 1637216643.227732, 1637216643.5666049, 1637216643.9179943, 1637216644.2723043, 1637216644.6101863, 1637216644.9558246, 1637216645.3112445, 1637216645.663624, 1637216646.067127, 1637216646.424226, 1637216646.7793806, 1637216647.1137445, 1637216647.4818258, 1637216647.8297162, 1637216648.2214952, 1637216648.6589463, 1637216649.0024066, 1637216649.381309, 1637216684.1221232, 1637216684.4553962, 1637216684.8046994, 1637216685.1297023, 1637216685.4507444, 1637216685.8090065, 1637216686.2027857, 1637216686.5243394, 1637216686.8486545, 1637216687.174505, 1637216687.530419, 1637216687.8578475, 1637216688.2032611, 1637216688.5384507, 1637216688.9034765, 1637216689.214665, 1637216689.5315924, 1637216689.8924925, 1637216690.2327535, 1637216690.612173, 1637216690.9472036, 1637216691.263939, 1637216691.5921402, 1637216691.9640992, 1637216692.321135, 1637216692.6406467, 1637216692.9670315, 1637216693.2853894, 1637216693.6153922, 1637216693.9541764, 1637216694.294727, 1637216694.6291628, 1637216694.9592474, 1637216695.2952716, 1637216695.641859, 1637216695.992851, 1637216696.3384304, 1637216696.6495895, 1637216696.9989293, 1637216697.340862, 1637216730.8526137, 1637216731.1953063, 1637216731.5134254, 1637216731.8487694, 1637216732.1678684, 1637216732.4893289, 1637216732.825532, 1637216733.1423721, 1637216733.478331, 1637216733.7989264, 1637216734.1268315, 1637216734.4616864, 1637216734.8213525, 1637216735.1737454, 1637216735.5169976, 1637216735.8992023, 1637216736.2455273, 1637216736.7231283, 1637216737.0623872, 1637216737.4205015, 1637216737.786247, 1637216738.1160562, 1637216738.451482, 1637216738.7818198, 1637216739.1212747, 1637216739.439646, 1637216739.7756178, 1637216740.1234443, 1637216740.450204, 1637216740.8007646, 1637216741.1357675, 1637216741.468988, 1637216741.797135, 1637216742.1178463, 1637216742.4664936, 1637216742.7987113, 1637216743.1378615, 1637216743.4663265, 1637216743.892332, 1637216744.203854, 1637216744.5443215, 1637216744.8792486, 1637216777.6504455, 1637216777.9746225, 1637216778.303791, 1637216778.6322024, 1637216778.9540117, 1637216779.2793097, 1637216779.6046994, 1637216779.9261296, 1637216780.3727713, 1637216780.714886, 1637216781.0493267, 1637216781.366428, 1637216781.7095842, 1637216782.0297234, 1637216782.3584497, 1637216782.7016103, 1637216783.0827916, 1637216783.4160366, 1637216783.7491162, 1637216784.0822277, 1637216784.4098802, 1637216784.7445383, 1637216785.0693614, 1637216785.4077737, 1637216785.7600899, 1637216786.1002378, 1637216786.4537063, 1637216786.7848213, 1637216787.1385756, 1637216787.4609368, 1637216787.791485, 1637216788.1125646, 1637216788.4360647, 1637216788.7637553, 1637216789.0809844, 1637216789.4055665, 1637216789.727916, 1637216790.051027, 1637216790.4293573, 1637216790.777672, 1637216791.0954354, 1637216791.4178379, 1637216791.7580729, 1637216792.092787, 1637216792.4236903, 1637216792.7636313, 1637216793.0809667, 1637216793.5018678, 1637216793.8348792, 1637216794.1673741, 1637216794.5119216, 1637216794.8439918, 1637216795.162936, 1637216795.494904, 1637216795.8314095, 1637216796.1602366, 1637216796.4955592, 1637216796.8639998, 1637216797.1876047, 1637216797.5122323, 1637216797.8442268, 1637216798.1787245, 1637216798.5171413, 1637216798.85066, 1637216799.1723354, 1637216799.5650558, 1637216799.904281, 1637216800.224463, 1637216833.4875124, 1637216833.8237216, 1637216834.1542873, 1637216834.4857109, 1637216834.8070948, 1637216835.1329067, 1637216835.4573236, 1637216835.7936573, 1637216836.1113346, 1637216836.430979, 1637216836.7640154, 1637216837.0835598, 1637216837.3972251, 1637216837.9434266, 1637216838.2683358, 1637216838.6049857, 1637216838.927449, 1637216839.241434, 1637216839.5665717, 1637216839.8837538, 1637216840.2035275, 1637216840.5242078, 1637216840.8665576, 1637216841.1816747, 1637216841.4993532, 1637216841.8571792, 1637216842.1884856, 1637216842.5110443, 1637216842.8410714, 1637216843.1626716, 1637216843.4850445, 1637216843.8308954, 1637216844.2591596, 1637216844.5916862, 1637216844.9765453, 1637216845.3001878, 1637216845.6304429, 1637216845.977449, 1637216846.298173, 1637216846.6221929, 1637216846.9667943, 1637216847.2897992, 1637216847.6126182, 1637216847.9495265, 1637216848.2704203, 1637216848.5927417, 1637216848.9307797, 1637216849.25125, 1637216849.5842338, 1637216849.930641, 1637216850.256787, 1637216850.5933414, 1637216851.0605912, 1637216851.3798065, 1637216851.7194204, 1637216852.103069, 1637216852.4254253, 1637216852.7496352, 1637216853.0926397, 1637216853.4144382, 1637216853.746413, 1637216854.0804424, 1637216854.404265, 1637216854.7776022, 1637216855.101624, 1637216855.4262717, 1637216855.751988, 1637216856.0789504, 1637216856.403457, 1637216889.556319, 1637216889.9120784, 1637216890.3131423, 1637216890.6536462, 1637216890.973981, 1637216891.2921503, 1637216891.625071, 1637216891.9470098, 1637216892.2731001, 1637216892.6091592, 1637216892.923767, 1637216893.2513168, 1637216893.5716884, 1637216893.884963, 1637216894.2062907, 1637216894.5373416, 1637216894.8643777, 1637216895.3073406, 1637216895.6303039, 1637216895.9683974, 1637216896.294883, 1637216896.6268404, 1637216896.9508553, 1637216897.2970748, 1637216897.7017317],