{"initial_reset_timestamp": 1637216522.2104774, "timestamps": [1637216530.1468933, 1637216530.5991447, 1637216530.9301758, 1637216531.2699394, 1637216531.6087196, 1637216532.1343136, 1637216532.6228943, 1637216533.0907075, 1637216533.592548, 1637216534.0326009, 1637216534.4829557, 1637216534.9447172, 1637216535.3992052, 1637216535.8314962, 1637216536.2756488, 1637216536.723949, 1637216537.163427, 1637216537.6025152, 1637216538.0386972, 1637216538.4938245, 1637216547.5301733, 1637216548.0314243, 1637216548.4647737, 1637216548.9002683, 1637216549.3353581, 1637216549.7684805, 1637216550.2167222, 1637216550.6639817, 1637216551.0965042, 1637216551.52852, 1637216551.9671109, 1637216552.4025016, 1637216552.8467417, 1637216553.411915, 1637216553.8531497, 1637216554.2835498, 1637216554.7217524, 1637216555.1613333, 1637216555.6161728, 1637216556.057195, 1637216566.3676534, 1637216567.897322, 1637216569.4158084, 1637216570.9577913, 1637216572.486034, 1637216574.059778, 1637216575.583071, 1637216577.139914, 1637216578.7282238, 1637216580.287274, 1637216581.8496706, 1637216583.3877447, 1637216584.9119544, 1637216586.5013928, 1637216588.0312784, 1637216589.573287, 1637216591.1053898, 1637216592.6678703, 1637216594.199157, 1637216595.735211, 1637216605.1001961, 1637216606.6311138, 1637216607.7926328, 1637216609.201183, 1637216610.7344737, 1637216612.3132951, 1637216613.4150336, 1637216614.9782498, 1637216615.8901598, 1637216616.9619904, 1637216618.3335323, 1637216619.1552298, 1637216620.0695992, 1637216620.938822, 1637216621.7913716, 1637216622.5794754, 1637216624.0634174, 1637216624.7479753, 1637216625.583313, 1637216626.445964, 1637216627.1884453, 1637216628.08536, 1637216628.8488605, 1637216629.576218, 1637216630.3618906, 1637216631.204659, 1637216631.8713117, 1637216632.6509795, 1637216633.3993146, 1637216634.366274, 1637216635.0185895, 1637216635.7508373, 1637216636.6344554, 1637216637.4511092, 1637216638.318537, 1637216639.2428787, 1637216639.9551597, 1637216649.3863065, 1637216650.4967175, 1637216651.3386676, 1637216652.1750937, 1637216653.5555625, 1637216655.0927095, 1637216656.4559536, 1637216657.9987051, 1637216658.9587715, 1637216660.0671775, 1637216661.3063161, 1637216662.5481515, 1637216664.0902088, 1637216665.252741, 1637216666.7648642, 1637216667.5048664, 1637216668.3576386, 1637216669.2307358, 1637216670.7763321, 1637216672.0791113, 1637216673.2596824, 1637216674.8242521, 1637216676.3442001, 1637216677.8781507, 1637216678.8913212, 1637216680.0159404, 1637216681.5284932, 1637216698.1648548, 1637216699.7894852, 1637216701.3633938, 1637216702.979113, 1637216704.5538065, 1637216706.0935388, 1637216707.6400502, 1637216708.8515756, 1637216710.415651, 1637216711.9591985, 1637216713.513912, 1637216715.056374, 1637216716.6141336, 1637216718.162193, 1637216719.710244, 1637216721.2602875, 1637216722.3469458, 1637216723.8821433, 1637216725.4548244, 1637216727.0503004, 1637216728.5994153, 1637216746.1272604, 1637216747.6567695, 1637216749.1843162, 1637216750.7465556, 1637216752.277268, 1637216753.8004146, 1637216755.3379595, 1637216756.8757737, 1637216758.441677, 1637216760.029539, 1637216761.5814402, 1637216763.108404, 1637216764.627453, 1637216766.181605, 1637216767.7250729, 1637216769.2569094, 1637216770.9085047, 1637216772.4599724, 1637216774.006184, 1637216775.5243468, 1637216801.4679303, 1637216802.9825943, 1637216804.5197854, 1637216806.0510783, 1637216807.6157315, 1637216809.1590083, 1637216810.7217562, 1637216812.289048, 1637216813.8508766, 1637216815.4297874, 1637216816.9885476, 1637216818.6060212, 1637216820.247207, 1637216821.8371525, 1637216823.4328847, 1637216824.9987957, 1637216826.5552955, 1637216828.1283765, 1637216829.789963, 1637216831.367963, 1637216857.6590586, 1637216859.2504117, 1637216860.8161933, 1637216862.36028, 1637216863.909339, 1637216865.4465225, 1637216867.0275517, 1637216868.6436827, 1637216870.196296, 1637216871.7434528, 1637216873.2845194, 1637216874.8326452, 1637216876.3813114, 1637216877.927247, 1637216879.5449905, 1637216881.1774836, 1637216882.7367477, 1637216884.2999125, 1637216885.8589654, 1637216887.4014142], "episode_lengths": [50, 50, 50, 50, 50, 50, 50, 50, 50, 50, 50, 50, 50, 50, 50, 50, 50, 50, 50, 50, 50, 50, 50, 50, 50, 50, 50, 50, 50, 50, 50, 50, 50, 50, 50, 50, 50, 50, 50, 50, 50, 50, 50, 50, 50, 50, 50, 50, 50, 50, 50, 50, 50, 50, 50, 50, 50, 50, 50, 50, 17, 50, 35, 46, 50, 50, 33, 50, 25, 32, 44, 21, 25, 22, 23, 19, 49, 16, 22, 23, 18, 20, 19, 18, 20, 22, 15, 19, 18, 27, 14, 18, 24, 18, 22, 23, 17, 18, 31, 22, 22, 42, 50, 43, 50, 27, 33, 38, 36, 50, 36, 50, 18, 23, 23, 50, 40, 35, 50, 50, 50, 28, 34, 50, 50, 50, 50, 50, 50, 50, 50, 36, 50, 50, 50, 50, 50, 50, 50, 50, 32, 50, 50, 50, 50, 50, 50, 50, 50, 50, 50, 50, 50, 50, 50, 50, 50, 50, 50, 50, 50, 50, 50, 50, 50, 50, 50, 50, 50, 50, 50, 50, 50, 50, 50, 50, 50, 50, 50, 50, 50, 50, 50, 50, 50, 50, 50, 50, 50, 50, 50, 50, 50, 50, 50, 50, 50, 50, 50, 50, 50, 50, 50, 50, 50], "episode_rewards": [-50.0, -50.0, -50.0, -50.0, -50.0, -50.0, -50.0, -50.0, -50.0, -50.0, -50.0, -50.0, -50.0, -50.0, -50.0, -50.0, -50.0, -50.0, -50.0, -50.0, -50.0, -50.0, -50.0, -50.0, -50.0, -50.0, -50.0, -50.0, -50.0, -50.0, -50.0, -50.0, -50.0, -50.0, -50.0, -50.0, -50.0, -50.0, -50.0, -50.0, -50.0, -50.0, -50.0, -50.0, -50.0, -50.0, -50.0, -50.0, -50.0, -50.0, -50.0, -50.0, -50.0, -50.0, -50.0, -50.0, -50.0, -50.0, -50.0, -50.0, -16.0, -50.0, -34.0, -45.0, -50.0, -49.0, -32.0, -50.0, -24.0, -31.0, -43.0, -20.0, -24.0, -21.0, -22.0, -18.0, -48.0, -15.0, -21.0, -22.0, -17.0, -19.0, -18.0, -17.0, -19.0, -21.0, -14.0, -18.0, -17.0, -26.0, -13.0, -17.0, -23.0, -17.0, -21.0, -22.0, -16.0, -17.0, -30.0, -21.0, -21.0, -41.0, -50.0, -42.0, -50.0, -26.0, -32.0, -37.0, -35.0, -50.0, -35.0, -50.0, -17.0, -22.0, -22.0, -50.0, -39.0, -34.0, -50.0, -50.0, -50.0, -27.0, -33.0, -50.0, -50.0, -50.0, -50.0, -50.0, -50.0, -50.0, -50.0, -35.0, -50.0, -50.0, -50.0, -50.0, -50.0, -50.0, -50.0, -50.0, -31.0, -50.0, -50.0, -50.0, -50.0, -50.0, -50.0, -50.0, -50.0, -50.0, -50.0, -50.0, -50.0, -50.0, -50.0, -50.0, -50.0, -50.0, -50.0, -50.0, -50.0, -50.0, -50.0, -50.0, -50.0, -50.0, -50.0, -50.0, -50.0, -50.0, -50.0, -50.0, -50.0, -50.0, -50.0, -50.0, -50.0, -50.0, -50.0, -50.0, -50.0, -50.0, -50.0, -50.0, -50.0, -50.0, -50.0, -50.0, -50.0, -50.0, -50.0, -50.0, -50.0, -50.0, -50.0, -50.0, -50.0, -50.0, -50.0, -50.0, -50.0, -50.0, -50.0, -50.0, -50.0], "episode_types": ["t", "t", "t", "t", "t", "t", "t", "t", "t", "t", "t", "t", "t", "t", "t", "t", "t", "t", "t", "t", "t", "t", "t", "t", "t", "t", "t", "t", "t", "t", "t", "t", "t", "t", "t", "t", "t", "t", "t", "t", "t", "t", "t", "t", "t", "t", "t", "t", "t", "t", "t", "t", "t", "t", "t", "t", "t", "t", "t", "t", "t", "t", "t", "t", "t", "t", "t", "t", "t", "t", "t", "t", "t", "t", "t", "t", "t", "t", "t", "t", "t", "t", "t", "t", "t", "t", "t", "t", "t", "t", "t", "t", "t", "t", "t", "t", "t", "t", "t", "t", "t", "t", "t", "t", "t", "t", "t", "t", "t", "t", "t", "t", "t", "t", "t", "t", "t", "t", "t", "t", "t", "t", "t", "t", "t", "t", "t", "t", "t", "t", "t", "t", "t", "t", "t", "t", "t", "t", "t", "t", "t", "t", "t", "t", "t", "t", "t", "t", "t", "t", "t", "t", "t", "t", "t", "t", "t", "t", "t", "t", "t", "t", "t", "t", "t", "t", "t", "t", "t", "t", "t", "t", "t", "t", "t", "t", "t", "t", "t", "t", "t", "t", "t", "t", "t", "t", "t", "t", "t", "t", "t", "t", "t", "t", "t", "t", "t", "t", "t", "t", "t", "t", "t", "t", "t", "t"]}