{"initial_reset_timestamp": 1637461562.3957882, "timestamps": [1637461562.7955503, 1637461563.216096, 1637461563.6229637, 1637461564.0264187, 1637461564.4320858, 1637461564.8532774, 1637461565.2750754, 1637461571.0037699, 1637461571.4154258, 1637461571.8414683, 1637461572.352629, 1637461572.7675369, 1637461573.175467, 1637461573.5793087, 1637461579.810233, 1637461580.2342396, 1637461580.688177, 1637461581.0951102, 1637461581.5896568, 1637461582.0090086, 1637461582.4231637, 1637461601.5172906, 1637461601.9673924, 1637461602.398403, 1637461602.8075652, 1637461603.2465754, 1637461603.6691508, 1637461604.0869446, 1637461623.1456184, 1637461623.568004, 1637461624.0007021, 1637461624.4155583, 1637461624.8465168, 1637461625.2769322, 1637461625.7248259, 1637461644.6208186, 1637461645.0549328, 1637461645.488729, 1637461645.907986, 1637461646.3129442, 1637461646.7197528, 1637461647.153465, 1637461666.3289857, 1637461666.751474, 1637461667.1597593, 1637461667.5763884, 1637461667.99224, 1637461668.4066076, 1637461668.8452246, 1637461687.8492017, 1637461688.2552214, 1637461688.6509404, 1637461689.061086, 1637461689.4516137, 1637461689.8823166, 1637461690.3005283, 1637461709.313764, 1637461709.7151089, 1637461710.1247094, 1637461710.5602899, 1637461710.9833791, 1637461711.4132602, 1637461711.8394015, 1637461731.0885456, 1637461731.5057523, 1637461731.924807, 1637461732.3757803, 1637461732.795033, 1637461733.2093184, 1637461733.6362386, 1637461752.777485, 1637461753.2037704, 1637461753.614988, 1637461754.053902, 1637461754.4635277, 1637461754.8739789, 1637461755.3179967, 1637461774.0622354, 1637461774.479957, 1637461774.9068818, 1637461775.3608594, 1637461775.769445, 1637461776.1918774, 1637461776.6713476, 1637461795.8762033, 1637461796.125402, 1637461796.4192162, 1637461796.6934102, 1637461797.0439892, 1637461797.4612825, 1637461797.7601137, 1637461798.177703, 1637461798.4810736, 1637461798.915635, 1637461799.3112357, 1637461818.4835348, 1637461818.7503395, 1637461819.0343616, 1637461819.303688, 1637461819.5780046, 1637461819.8433223, 1637461820.1296766, 1637461820.431567, 1637461820.7105412, 1637461820.9847307, 1637461821.2757406, 1637461821.5837557, 1637461821.839175, 1637461822.1667583, 1637461822.4751272, 1637461822.7257805, 1637461823.0178893, 1637461823.318366, 1637461823.6038759, 1637461823.896525, 1637461824.1798294, 1637461824.421799, 1637461824.7334008, 1637461825.0047488, 1637461825.3077962, 1637461825.5795815, 1637461825.8554268, 1637461826.1196952, 1637461844.9576163, 1637461845.2083035, 1637461845.501208, 1637461845.7800536, 1637461846.065727, 1637461846.3329122, 1637461846.6212273, 1637461846.875558, 1637461847.1988628, 1637461847.4717512, 1637461847.7806458, 1637461848.0569892, 1637461848.4436376, 1637461848.7328854, 1637461848.9798484, 1637461849.301894, 1637461849.578222, 1637461849.8588173, 1637461850.1464283, 1637461850.4407187, 1637461850.7018328, 1637461850.975815, 1637461851.2808752, 1637461851.5654485, 1637461851.8902357, 1637461852.1624808, 1637461852.4460747, 1637461871.3572614, 1637461871.623859, 1637461871.875992, 1637461872.1816425, 1637461872.4722273, 1637461872.7282786, 1637461872.9888458, 1637461873.2913017, 1637461873.5652819, 1637461873.848739, 1637461874.1352222, 1637461874.384509, 1637461874.6737509, 1637461874.9737647, 1637461875.2641768, 1637461875.5343523, 1637461875.8122628, 1637461876.095969, 1637461876.3713734, 1637461876.6294248, 1637461876.9276948, 1637461877.2180023, 1637461877.503374, 1637461877.7912886, 1637461878.0944002, 1637461878.3888917, 1637461878.6382, 1637461878.9152472, 1637461879.19845, 1637461879.4940913, 1637461879.7446969, 1637461898.7604778, 1637461899.0260046, 1637461899.3000512, 1637461899.5851552, 1637461899.8442163, 1637461900.1112506, 1637461900.3852859, 1637461900.681616, 1637461900.9567187, 1637461901.23171, 1637461901.5342858, 1637461901.8235807, 1637461902.112526, 1637461902.4076645, 1637461902.6823313, 1637461902.9391446, 1637461903.207662, 1637461903.4574816, 1637461903.721489, 1637461904.0037553, 1637461904.2669997, 1637461904.5403776, 1637461904.8362412, 1637461905.1288662, 1637461905.4190497, 1637461905.6752107, 1637461905.9503474, 1637461906.209062, 1637461906.5106716, 1637461906.9056814, 1637461907.1737907, 1637461907.4478273, 1637461926.419002, 1637461926.707438, 1637461926.9697764, 1637461927.2221215, 1637461927.4858108, 1637461927.7463639, 1637461928.0428195, 1637461928.313766, 1637461928.5911298, 1637461928.8774023, 1637461929.153663, 1637461929.422924, 1637461929.6752179, 1637461929.9542453, 1637461930.2293108, 1637461930.5278313, 1637461930.7832742, 1637461931.04544, 1637461931.350357, 1637461931.6266747, 1637461931.9019601, 1637461932.2094696, 1637461932.4779093, 1637461932.7370784, 1637461933.0060453, 1637461933.3889375, 1637461933.6646411, 1637461933.9508219, 1637461934.2112906, 1637461934.4899304, 1637461934.7358685, 1637461934.9881508, 1637461935.2850778, 1637461935.5643308, 1637461935.9048054, 1637461955.0054533, 1637461955.264383, 1637461955.5389588, 1637461955.809044, 1637461956.0847075, 1637461956.352928, 1637461956.6211028, 1637461956.8615167, 1637461957.1467261, 1637461957.425721, 1637461957.691804, 1637461957.9733484, 1637461958.2309105, 1637461958.500398, 1637461958.788369, 1637461959.0326557, 1637461959.2910357, 1637461959.5561538, 1637461959.8188245, 1637461960.178872, 1637461960.434936, 1637461960.7220285, 1637461960.9973283, 1637461961.293394, 1637461961.5687265, 1637461961.8635957, 1637461962.153967, 1637461962.4457333, 1637461962.7765512, 1637461963.0377722, 1637461963.307002, 1637461963.5642858, 1637461963.8475535, 1637461964.1045105, 1637461964.3546603, 1637461964.6160507, 1637461964.8745408, 1637461983.9658566, 1637461984.2301536, 1637461984.5163374, 1637461984.763721, 1637461985.034726, 1637461985.2961395, 1637461985.5605621, 1637461985.8654792, 1637461986.1483989, 1637461986.4027221, 1637461986.6868703, 1637461986.9444342, 1637461987.216455, 1637461987.4956477, 1637461987.771985, 1637461988.0400753, 1637461988.2879603, 1637461988.557319, 1637461988.8332574, 1637461989.0674608, 1637461989.3628933, 1637461989.6181748, 1637461989.9363675, 1637461990.2147264, 1637461990.4777367, 1637461990.7545645, 1637461991.0292768, 1637461991.3201425, 1637461991.5953135, 1637461991.96192, 1637461992.3153143, 1637461992.5883558, 1637461992.846857, 1637461993.0914297, 1637462011.871313, 1637462012.1230392, 1637462012.3803284, 1637462012.651903, 1637462012.913266, 1637462013.194704, 1637462013.449048, 1637462013.6985023, 1637462013.9830322, 1637462014.233113, 1637462014.4848528, 1637462014.752537, 1637462015.020576, 1637462015.2739856, 1637462015.535012, 1637462015.8034298, 1637462016.060201, 1637462016.312369, 1637462016.5889337, 1637462016.8658519, 1637462017.1399922, 1637462017.4152334, 1637462017.694325, 1637462017.9582741, 1637462018.246646, 1637462018.5163093, 1637462018.7837684, 1637462019.0222225, 1637462019.3046572, 1637462019.5859122, 1637462019.8258796, 1637462020.0841148, 1637462020.3505635, 1637462020.5946782, 1637462020.876427, 1637462021.1259692, 1637462021.3983405, 1637462021.6542544, 1637462021.912634, 1637462022.177973, 1637462022.5173893, 1637462022.7821903, 1637462041.6015236, 1637462041.8621361, 1637462042.1369643, 1637462042.4104118, 1637462042.681915, 1637462042.9539685, 1637462043.2183237, 1637462043.4858053, 1637462043.7409682, 1637462043.9970636, 1637462044.363861, 1637462044.6475031, 1637462044.931891, 1637462045.2166314],