{"initial_reset_timestamp": 1637461560.5701237, "timestamps": [1637461565.3636293, 1637461565.7967885, 1637461566.5473912, 1637461567.2154598, 1637461567.861245, 1637461568.4824057, 1637461573.6568043, 1637461574.283774, 1637461574.9130266, 1637461575.5328526, 1637461576.1538868, 1637461576.7725816, 1637461577.401295, 1637461583.6287115, 1637461586.2186735, 1637461588.7326121, 1637461591.2699926, 1637461593.8125093, 1637461596.377664, 1637461598.8908846, 1637461606.075783, 1637461608.7035182, 1637461611.2304602, 1637461613.8282692, 1637461616.370463, 1637461618.9184985, 1637461626.1249828, 1637461628.70581, 1637461631.2750585, 1637461633.8149538, 1637461636.34546, 1637461638.8378756, 1637461641.321713, 1637461648.3217866, 1637461650.9603026, 1637461653.5334797, 1637461656.1402924, 1637461658.6487775, 1637461661.2010279, 1637461663.7519886, 1637461670.7898018, 1637461673.3899887, 1637461675.9687827, 1637461678.5298824, 1637461681.12224, 1637461683.730629, 1637461690.6878698, 1637461693.2856498, 1637461695.8535786, 1637461698.3768404, 1637461700.8793697, 1637461703.4618542, 1637461705.9843698, 1637461713.0202866, 1637461715.514548, 1637461717.1430128, 1637461719.8493245, 1637461722.5021625, 1637461725.0592368, 1637461727.5959764, 1637461734.6364524, 1637461737.1972132, 1637461739.7493107, 1637461742.2958882, 1637461744.9600656, 1637461747.4698012, 1637461749.9997349, 1637461757.064432, 1637461759.5819206, 1637461762.0872657, 1637461764.6667178, 1637461767.2293878, 1637461769.76213, 1637461776.8807392, 1637461779.416955, 1637461782.0122476, 1637461784.6052434, 1637461787.1643624, 1637461789.7559912, 1637461792.3052895, 1637461800.2954967, 1637461802.8751733, 1637461805.4250178, 1637461808.033922, 1637461810.6368709, 1637461813.2740824, 1637461815.8225312, 1637461827.9175065, 1637461830.3963075, 1637461832.983424, 1637461835.6390421, 1637461838.161021, 1637461840.7071774, 1637461852.6353023, 1637461855.1893854, 1637461857.68378, 1637461860.2073104, 1637461862.802778, 1637461865.4201586, 1637461867.9592993, 1637461880.743721, 1637461883.306698, 1637461885.8808565, 1637461888.4678228, 1637461890.984871, 1637461893.511286, 1637461896.0740163, 1637461909.26171, 1637461911.8463616, 1637461914.4639502, 1637461917.0414577, 1637461919.6158555, 1637461922.1989121, 1637461936.1085987, 1637461938.6990266, 1637461941.3076024, 1637461943.855646, 1637461946.45616, 1637461948.9676368, 1637461951.5652304, 1637461965.855339, 1637461968.4316332, 1637461971.0731897, 1637461973.6305425, 1637461976.183664, 1637461978.7091167, 1637461981.3007932, 1637461994.8359818, 1637461997.4355707, 1637461999.970067, 1637462002.583383, 1637462005.128908, 1637462007.6642203, 1637462022.9832036, 1637462025.5123997, 1637462028.1056979, 1637462030.6228306, 1637462033.1561437, 1637462035.7060454, 1637462038.2538075], "episode_lengths": [127, 150, 150, 150, 150, 150, 150, 150, 150, 150, 150, 150, 150, 150, 150, 150, 150, 150, 150, 150, 150, 150, 150, 150, 150, 150, 150, 150, 150, 150, 150, 150, 150, 150, 150, 150, 150, 150, 150, 150, 150, 150, 150, 150, 150, 150, 150, 150, 150, 150, 150, 150, 150, 150, 150, 90, 150, 150, 150, 150, 147, 150, 150, 150, 150, 150, 150, 150, 150, 150, 150, 150, 150, 150, 150, 150, 150, 150, 150, 150, 150, 150, 150, 150, 150, 150, 150, 150, 150, 150, 150, 150, 150, 150, 150, 150, 150, 150, 150, 150, 150, 150, 150, 150, 150, 150, 150, 150, 150, 150, 150, 150, 150, 150, 150, 150, 150, 150, 150, 150, 150, 150, 150, 150, 150, 150, 150, 150, 150, 150, 150, 150, 150, 150, 150, 150, 150, 150, 150, 150], "episode_rewards": [-126.0, -150.0, -150.0, -150.0, -150.0, -150.0, -150.0, -150.0, -150.0, -150.0, -150.0, -150.0, -150.0, -150.0, -150.0, -150.0, -150.0, -150.0, -150.0, -150.0, -150.0, -150.0, -150.0, -150.0, -150.0, -150.0, -150.0, -150.0, -150.0, -150.0, -150.0, -150.0, -150.0, -150.0, -150.0, -150.0, -150.0, -150.0, -150.0, -150.0, -150.0, -150.0, -150.0, -150.0, -150.0, -150.0, -150.0, -150.0, -150.0, -150.0, -150.0, -150.0, -150.0, -150.0, -150.0, -89.0, -150.0, -150.0, -150.0, -150.0, -146.0, -150.0, -150.0, -150.0, -150.0, -150.0, -150.0, -150.0, -150.0, -150.0, -150.0, -150.0, -150.0, -150.0, -150.0, -150.0, -150.0, -150.0, -150.0, -150.0, -150.0, -150.0, -150.0, -150.0, -150.0, -150.0, -150.0, -150.0, -150.0, -150.0, -150.0, -150.0, -150.0, -150.0, -150.0, -150.0, -150.0, -150.0, -150.0, -150.0, -150.0, -150.0, -150.0, -150.0, -150.0, -150.0, -150.0, -150.0, -150.0, -150.0, -150.0, -150.0, -150.0, -150.0, -150.0, -150.0, -150.0, -150.0, -150.0, -150.0, -150.0, -150.0, -150.0, -150.0, -150.0, -150.0, -150.0, -150.0, -150.0, -150.0, -150.0, -150.0, -150.0, -150.0, -150.0, -150.0, -150.0, -150.0, -150.0, -150.0], "episode_types": ["t", "t", "t", "t", "t", "t", "t", "t", "t", "t", "t", "t", "t", "t", "t", "t", "t", "t", "t", "t", "t", "t", "t", "t", "t", "t", "t", "t", "t", "t", "t", "t", "t", "t", "t", "t", "t", "t", "t", "t", "t", "t", "t", "t", "t", "t", "t", "t", "t", "t", "t", "t", "t", "t", "t", "t", "t", "t", "t", "t", "t", "t", "t", "t", "t", "t", "t", "t", "t", "t", "t", "t", "t", "t", "t", "t", "t", "t", "t", "t", "t", "t", "t", "t", "t", "t", "t", "t", "t", "t", "t", "t", "t", "t", "t", "t", "t", "t", "t", "t", "t", "t", "t", "t", "t", "t", "t", "t", "t", "t", "t", "t", "t", "t", "t", "t", "t", "t", "t", "t", "t", "t", "t", "t", "t", "t", "t", "t", "t", "t", "t", "t", "t", "t", "t", "t", "t", "t", "t", "t", "t"]}