{"initial_reset_timestamp": 1637616347.6780689, "timestamps": [1637616348.1916122, 1637616348.712717, 1637616349.251058, 1637616349.7902663, 1637616350.3102982, 1637616350.8383129, 1637616351.3941143, 1637616357.5243783, 1637616358.0399916, 1637616358.579326, 1637616359.1049283, 1637616359.482758, 1637616360.0097947, 1637616360.5389473, 1637616361.0720606, 1637616367.5047567, 1637616368.021958, 1637616368.5726295, 1637616369.0939567, 1637616369.6536942, 1637616370.1780367, 1637616370.740055, 1637616371.277853, 1637616395.7792482, 1637616396.3119977, 1637616396.8310208, 1637616397.3606439, 1637616397.887701, 1637616398.4281394, 1637616398.9674, 1637616422.4496598, 1637616422.980082, 1637616423.5338867, 1637616424.0583642, 1637616424.6035156, 1637616425.1455824, 1637616425.6750128, 1637616449.6541557, 1637616450.2015293, 1637616450.715762, 1637616451.2321336, 1637616451.7587533, 1637616452.2891257, 1637616452.8221889, 1637616476.8637915, 1637616477.3872778, 1637616477.91846, 1637616478.4808185, 1637616479.007863, 1637616479.5325677, 1637616480.0581243, 1637616503.8110142, 1637616504.3558257, 1637616504.8900232, 1637616505.4041667, 1637616505.9432304, 1637616506.4809873, 1637616507.0195305, 1637616531.3245747, 1637616531.8587375, 1637616532.4000056, 1637616532.9268358, 1637616533.4602132, 1637616533.9972436, 1637616534.5276198, 1637616558.6008246, 1637616559.1313164, 1637616559.6523676, 1637616560.179392, 1637616560.7094476, 1637616561.243395, 1637616561.759537, 1637616585.763988, 1637616586.3030732, 1637616586.831823, 1637616587.3774471, 1637616587.907646, 1637616588.4535363, 1637616588.9840403, 1637616613.3609297, 1637616613.9096816, 1637616614.4392982, 1637616614.9954815, 1637616615.5892677, 1637616616.141337, 1637616616.671103, 1637616640.9092975, 1637616641.4452605, 1637616641.9746563, 1637616642.5157366, 1637616643.0486865, 1637616643.5912333, 1637616644.1214395, 1637616667.9422843, 1637616668.4698515, 1637616669.0051906, 1637616669.5435777, 1637616670.0931368, 1637616670.6316981, 1637616671.1725945, 1637616695.259371, 1637616695.7944272, 1637616696.3161411, 1637616696.8482604, 1637616697.3849041, 1637616697.9169867, 1637616698.4452255, 1637616722.7029235, 1637616723.143098, 1637616723.6801934, 1637616724.2222114, 1637616724.7697861, 1637616725.2899792, 1637616725.7317815, 1637616726.2459013, 1637616750.4069595, 1637616750.9273725, 1637616751.4502487, 1637616751.9724245, 1637616752.5178204, 1637616753.009457, 1637616753.5374095, 1637616777.4141312, 1637616777.9643471, 1637616778.4946818, 1637616778.92615, 1637616779.472303, 1637616780.0284555, 1637616780.5665157, 1637616781.120208, 1637616805.8857443, 1637616806.4257715, 1637616806.965636, 1637616807.4860404, 1637616808.0123568, 1637616808.596787, 1637616809.1282465, 1637616834.81918, 1637616835.2520156, 1637616835.783455, 1637616836.3050897, 1637616836.8204205, 1637616837.3553245, 1637616837.903645, 1637616838.4078348, 1637616865.5043554, 1637616866.034775, 1637616866.5749278, 1637616867.0826678, 1637616867.624455, 1637616868.147195, 1637616868.678693, 1637616897.0917614, 1637616897.6663773, 1637616898.2021801, 1637616898.7285476, 1637616899.2482357, 1637616899.7574234, 1637616900.131935, 1637616900.6533008, 1637616928.227743, 1637616928.677135, 1637616929.145814, 1637616929.7800927, 1637616930.310155, 1637616930.7948723, 1637616931.2214165, 1637616931.6379075, 1637616932.165194, 1637616960.8025153, 1637616961.279995, 1637616961.8192747, 1637616962.2576573, 1637616962.6628265, 1637616963.1870098, 1637616963.7404773, 1637616964.195441, 1637616964.6379373, 1637616992.9640794, 1637616993.5042655, 1637616993.9009004, 1637616994.4617631, 1637616994.9849427, 1637616995.468192, 1637616995.8563635, 1637616996.2313285, 1637616996.7157547, 1637617024.7442842, 1637617025.2749062, 1637617025.7889733, 1637617026.2902708, 1637617026.7031226, 1637617027.182461, 1637617027.5117657, 1637617027.839792, 1637617028.1517828, 1637617028.4982436, 1637617028.9275105, 1637617029.3666723, 1637617058.2982452, 1637617058.6039462, 1637617059.0934036, 1637617059.6587002, 1637617060.0847268, 1637617060.6275728, 1637617061.0104792, 1637617061.433269, 1637617061.9005105, 1637617062.4149845, 1637617091.861811, 1637617092.2211347, 1637617092.7498624, 1637617093.188737, 1637617093.580666, 1637617094.002581, 1637617094.413815, 1637617094.7933068, 1637617095.1342382, 1637617095.4851692, 1637617095.8550591, 1637617096.2987535, 1637617124.714376, 1637617125.097619, 1637617125.4368517, 1637617125.9563358, 1637617126.4892273, 1637617126.807784, 1637617127.2007928, 1637617127.5389533, 1637617127.9770334, 1637617128.3951313, 1637617128.8590863, 1637617129.2421045, 1637617158.3100586, 1637617158.8051214, 1637617159.1463635, 1637617159.4866636, 1637617159.8343594, 1637617160.2219653, 1637617160.5764256, 1637617161.013904, 1637617161.3453436, 1637617161.6630886, 1637617162.1759367, 1637617162.5978434, 1637617162.9903257, 1637617192.0222294, 1637617192.5576499, 1637617192.8954527, 1637617193.423186, 1637617193.7614152, 1637617194.277367, 1637617194.9293993, 1637617195.3393939, 1637617195.864838, 1637617196.1792336, 1637617226.1554575, 1637617226.585305, 1637617227.0054684, 1637617227.3993351, 1637617227.773226, 1637617228.0918372, 1637617228.4841135, 1637617228.809831, 1637617229.191759, 1637617229.585737, 1637617230.0838861, 1637617230.3944566, 1637617230.7422664, 1637617231.111076, 1637617231.4964092, 1637617261.250717, 1637617261.5639749, 1637617261.8998127, 1637617262.2497482, 1637617262.587181, 1637617262.9590855, 1637617263.2673314, 1637617263.6308017, 1637617263.993907, 1637617264.4453356, 1637617264.8479517, 1637617265.357947, 1637617265.6928425, 1637617266.1222558, 1637617266.556373, 1637617296.8905547, 1637617297.2314625, 1637617297.6104853, 1637617297.9140296, 1637617298.304266, 1637617298.862903, 1637617299.180285, 1637617299.535086, 1637617299.8833969, 1637617300.2930903, 1637617300.6597872, 1637617301.078955, 1637617301.4907615, 1637617301.8806853, 1637617302.236423, 1637617302.6469188, 1637617332.885246, 1637617333.190338, 1637617333.5715969, 1637617333.9213045, 1637617334.2507885, 1637617334.5605645, 1637617334.8951411, 1637617335.265862, 1637617335.5768166, 1637617335.9712052, 1637617336.2845767, 1637617336.6649115, 1637617337.0811808, 1637617337.379615, 1637617337.732549, 1637617338.0561724, 1637617338.523157, 1637617338.8864958, 1637617339.1814373, 1637617368.9216158, 1637617369.2503564, 1637617369.597277, 1637617369.9123402, 1637617370.2506194, 1637617370.5981412, 1637617370.8956292, 1637617371.2266161, 1637617371.6107583, 1637617372.1154387, 1637617372.4800296, 1637617372.8662047, 1637617373.2388015, 1637617373.6348033, 1637617373.9452243, 1637617374.3040154, 1637617374.6644137, 1637617375.0439272, 1637617404.5096083, 1637617404.8997576, 1637617405.234553, 1637617405.5523612, 1637617405.9352624, 1637617406.2670977, 1637617406.603423, 1637617406.9829154, 1637617407.3041656, 1637617407.6802132, 1637617408.0094593, 1637617408.378465, 1637617408.682114, 1637617408.9946778, 1637617409.2959235, 1637617409.6256387, 1637617409.9246368, 1637617410.2308574, 1637617410.6888018, 1637617411.13098, 1637617411.4301207, 1637617411.8407829, 1637617442.7733552, 1637617443.1527946, 1637617443.503523, 1637617443.829658, 1637617444.1704311, 1637617444.4859126, 1637617444.8042493, 1637617445.1448224, 1637617445.4562504, 1637617445.7845612, 1637617446.184898, 1637617446.6060252, 1637617446.9781072, 1637617447.4501603, 1637617447.8913014, 1637617448.2474432, 1637617448.5925355, 1637617448.9059634, 1637617449.2078786, 1637617480.4516325, 1637617480.7573407, 1637617481.0480747, 1637617481.366055, 1637617481.7379894, 1637617482.0811276, 1637617482.4059722, 1637617482.7620938, 1637617483.0464716, 1637617483.439723, 1637617483.7651305, 1637617484.096155, 1637617484.3901262, 1637617484.883996, 1637617485.2593539, 1637617485.6129396, 1637617485.9385855, 1637617486.3032765, 1637617486.6306217, 1637617486.9801807, 1637617487.2822256, 1637617487.6304467,