{"initial_reset_timestamp": 1637444913.9850898, "timestamps": [1637444914.3645976, 1637444914.7465906, 1637444915.1640973, 1637444915.5870683, 1637444915.9793134, 1637444916.3769097, 1637444916.7586064, 1637444922.0828862, 1637444922.4762151, 1637444922.8609262, 1637444923.2584574, 1637444923.6428125, 1637444924.0365396, 1637444924.4263222, 1637444930.2981913, 1637444930.6875436, 1637444931.0966794, 1637444931.4853196, 1637444931.864343, 1637444932.3219724, 1637444932.7077215, 1637444966.212957, 1637444966.5924835, 1637444967.0051017, 1637444967.4007897, 1637444967.791473, 1637444968.1792288, 1637444968.559471, 1637445001.9182348, 1637445002.3018336, 1637445002.7466164, 1637445003.151875, 1637445003.5536592, 1637445003.9494193, 1637445004.3438687, 1637445038.2343855, 1637445038.6176124, 1637445039.0132117, 1637445039.3974657, 1637445039.7758954, 1637445040.195422, 1637445040.577874, 1637445074.8756177, 1637445075.2624757, 1637445075.6422873, 1637445076.046461, 1637445076.4549925, 1637445076.8684893, 1637445077.255627, 1637445112.0092912, 1637445112.418692, 1637445112.7504067, 1637445113.1435397, 1637445113.5302215, 1637445113.9091916, 1637445114.3212414, 1637445114.6397276, 1637445149.149513, 1637445149.5842695, 1637445149.983284, 1637445150.3807552, 1637445150.7769065, 1637445151.1797888, 1637445151.5666215, 1637445185.8229163, 1637445186.2165186, 1637445186.609163, 1637445186.992086, 1637445187.3816159, 1637445187.7735896, 1637445188.1730871, 1637445221.9424193, 1637445222.3225691, 1637445222.7120166, 1637445223.1079588, 1637445223.4910057, 1637445223.8960762, 1637445224.2959466, 1637445258.4762995, 1637445258.8564692, 1637445259.2513013, 1637445259.6911478, 1637445260.071161, 1637445260.4496818, 1637445260.8484821, 1637445294.5751965, 1637445294.9855466, 1637445295.3707924, 1637445295.7567852, 1637445296.1463358, 1637445296.53081, 1637445296.9131758, 1637445331.348948, 1637445331.7359407, 1637445332.1466086, 1637445332.5325294, 1637445332.9357421, 1637445333.374584, 1637445333.7151377, 1637445368.5749059, 1637445368.9729514, 1637445369.3540533, 1637445369.7329953, 1637445370.1429856, 1637445370.4516327, 1637445370.844898, 1637445371.2400908, 1637445406.5163138, 1637445406.9006622, 1637445407.2930691, 1637445407.6930463, 1637445408.0360472, 1637445408.4256022, 1637445408.8151188, 1637445445.1106577, 1637445445.4955661, 1637445445.881654, 1637445446.2726889, 1637445446.648191, 1637445447.02698, 1637445447.4628816, 1637445484.8777237, 1637445485.2846816, 1637445485.6810873, 1637445486.0712018, 1637445486.4506953, 1637445486.8856192, 1637445487.3026693, 1637445524.8992808, 1637445525.3326435, 1637445525.7580967, 1637445526.1520514, 1637445526.5310366, 1637445526.9100997, 1637445527.3247368, 1637445566.18117, 1637445566.5603616, 1637445566.8852262, 1637445567.268843, 1637445567.64501, 1637445568.058375, 1637445568.5239916, 1637445568.9279847, 1637445607.6151056, 1637445608.0093293, 1637445608.403161, 1637445608.8150277, 1637445609.2316816, 1637445609.6339307, 1637445610.0358834, 1637445648.11034, 1637445648.4988015, 1637445648.8788898, 1637445649.2701867, 1637445649.6579382, 1637445650.055234, 1637445650.4262009, 1637445688.8474963, 1637445689.2752392, 1637445689.6665761, 1637445690.0578167, 1637445690.450094, 1637445690.8303971, 1637445691.1496844, 1637445691.534071, 1637445729.5359244, 1637445729.9165714, 1637445730.3117206, 1637445730.7061164, 1637445731.1055768, 1637445731.5055926, 1637445731.901822, 1637445771.2221532, 1637445771.6098158, 1637445771.9893715, 1637445772.3780394, 1637445772.7622733, 1637445773.1619766, 1637445773.5528939, 1637445812.0387528, 1637445812.4291143, 1637445812.832114, 1637445813.217678, 1637445813.6151705, 1637445814.014228, 1637445814.4462602, 1637445852.5691721, 1637445852.9565651, 1637445853.3483067, 1637445853.7320886, 1637445854.1435833, 1637445854.5386693, 1637445854.920646, 1637445893.6563795, 1637445894.0891485, 1637445894.4380949, 1637445894.8245595, 1637445895.220486, 1637445895.6141148, 1637445896.0456412, 1637445934.9329188, 1637445935.3657513, 1637445935.8117757, 1637445936.2388222, 1637445936.672962, 1637445937.0610871, 1637445937.4485474, 1637445977.7721436, 1637445978.1580307, 1637445978.563011, 1637445978.862291, 1637445979.2711675, 1637445979.6624231, 1637445980.1660376, 1637445980.559532, 1637446021.652717, 1637446022.049771, 1637446022.447968, 1637446022.8540936, 1637446023.2457178, 1637446023.6375513, 1637446024.0602837, 1637446064.7061481, 1637446065.0976226, 1637446065.481768, 1637446065.873014, 1637446066.2961078, 1637446066.8021367, 1637446067.1908646, 1637446108.6619072, 1637446109.0633361, 1637446109.467351, 1637446109.8739057, 1637446110.2782352, 1637446110.6666043, 1637446111.0868886, 1637446152.681776, 1637446153.0762258, 1637446153.4601934, 1637446153.8410494, 1637446154.2365625, 1637446154.634184, 1637446155.0525882, 1637446196.159511, 1637446196.5461328, 1637446196.9321177, 1637446197.318671, 1637446197.6999106, 1637446198.107906, 1637446198.5083535, 1637446239.8161747, 1637446240.2025151, 1637446240.5947468, 1637446241.0002522, 1637446241.3876135, 1637446241.8041332, 1637446242.1829047, 1637446242.5759566, 1637446283.576355, 1637446283.9714885, 1637446284.3625402, 1637446284.7503283, 1637446285.1414027, 1637446285.5223415, 1637446285.9001708, 1637446327.345889, 1637446327.735188, 1637446328.129081, 1637446328.5240011, 1637446328.9361417, 1637446329.3262062, 1637446329.6544838, 1637446330.035129, 1637446371.7002282, 1637446372.099666, 1637446372.5042202, 1637446372.889613, 1637446373.2812374, 1637446373.8390229, 1637446374.1530867, 1637446374.539371, 1637446416.5180893, 1637446416.903629, 1637446417.3165505, 1637446417.6999502, 1637446418.1807806, 1637446418.5717041, 1637446418.9688263, 1637446461.5508847, 1637446461.987003, 1637446462.3761282, 1637446462.7170796, 1637446463.1075282, 1637446463.4909265, 1637446463.8835638, 1637446505.8330429, 1637446506.2471154, 1637446506.640763, 1637446507.0549595, 1637446507.4018898, 1637446507.7860212, 1637446508.179275, 1637446549.470409, 1637446549.8606634, 1637446550.165726, 1637446550.5514557, 1637446550.9491332, 1637446551.343423, 1637446551.7230985, 1637446552.1008105, 1637446594.6497889, 1637446595.039202, 1637446595.4251537, 1637446595.825226, 1637446596.223467, 1637446596.602133, 1637446596.9989367, 1637446638.2609472, 1637446638.6502979, 1637446639.0594225, 1637446639.4693267, 1637446639.8542333, 1637446640.2447865, 1637446640.6374164, 1637446682.887815, 1637446683.278209, 1637446683.6666803, 1637446684.1878858, 1637446684.575989, 1637446684.9584682, 1637446685.348943, 1637446726.6510663, 1637446727.0510623, 1637446727.4783957, 1637446727.8846676, 1637446728.2839906, 1637446728.6814208, 1637446729.0900388, 1637446770.573408, 1637446770.9673905, 1637446771.2746243, 1637446771.6558156, 1637446772.039742, 1637446772.419957, 1637446772.9331436, 1637446773.329956],