{"initial_reset_timestamp": 1637444729.307389, "timestamps": [1637444732.3856735, 1637444732.823284, 1637444733.4670205, 1637444734.1283312, 1637444734.7221603, 1637444735.3244371, 1637444740.1995115, 1637444740.793725, 1637444741.37854, 1637444741.9437776, 1637444742.5138993, 1637444743.1012142, 1637444743.6777995], "episode_lengths": [150, 150, 150, 150, 141, 150, 150, 150, 150, 150, 150, 150, 150], "episode_rewards": [-150.0, -150.0, -150.0, -150.0, -140.0, -150.0, -150.0, -150.0, -150.0, -150.0, -150.0, -150.0, -150.0], "episode_types": ["t", "t", "t", "t", "t", "t", "t", "t", "t", "t", "t", "t", "t", "t"]}