{"initial_reset_timestamp": 1637444729.5214574, "timestamps": [1637444729.9156995, 1637444730.302322, 1637444730.6807673, 1637444731.0656235, 1637444731.4397602, 1637444731.9306314, 1637444732.3126776, 1637444737.6442223, 1637444738.042808, 1637444738.4256966, 1637444738.8076897, 1637444739.2162929, 1637444739.5982893, 1637444740.0945399, 1637444745.9071941, 1637444746.2952473, 1637444746.6895092, 1637444747.0936015, 1637444747.4865882, 1637444747.8722963, 1637444748.3297055], "episode_lengths": [150, 150, 150, 150, 150, 150, 150, 150, 150, 150, 150, 150, 150, 150, 150, 150, 150, 150, 150, 150, 150], "episode_rewards": [-150.0, -150.0, -150.0, -150.0, -150.0, -150.0, -150.0, -150.0, -150.0, -150.0, -150.0, -150.0, -150.0, -150.0, -150.0, -150.0, -150.0, -150.0, -150.0, -150.0, -150.0], "episode_types": ["t", "t", "t", "t", "t", "t", "t", "t", "t", "t", "t", "t", "t", "t", "t", "t", "t", "t", "t", "t", "t"]}