{"initial_reset_timestamp": 1637615515.6628494, "timestamps": [1637615516.176543, 1637615516.6934125, 1637615517.2296178, 1637615517.787798, 1637615518.3204215, 1637615518.842152, 1637615519.3763287, 1637615525.3132963, 1637615525.836095, 1637615526.3802838, 1637615526.9074552, 1637615527.275756, 1637615527.8272505, 1637615528.389123, 1637615528.9379632, 1637615535.3483305, 1637615535.865956, 1637615536.4178517, 1637615536.943629, 1637615537.5362523, 1637615538.0786736, 1637615538.6424148, 1637615539.1850853, 1637615563.1979349, 1637615563.7281804, 1637615564.288738, 1637615564.792045, 1637615565.3227887, 1637615565.8435066, 1637615566.3807843, 1637615589.8451629, 1637615590.3842187, 1637615590.8775988, 1637615591.402407, 1637615591.9472528, 1637615592.4918737, 1637615592.9920273, 1637615616.9833534, 1637615617.5243778, 1637615618.0420058, 1637615618.5632842, 1637615619.10007, 1637615619.6298726, 1637615620.1575534, 1637615644.4125924, 1637615644.9413571, 1637615645.4752896, 1637615645.9975111, 1637615646.539083, 1637615647.0634568, 1637615647.6194007, 1637615672.5619392, 1637615673.0983963, 1637615673.5013134, 1637615674.1376083, 1637615674.6611376, 1637615675.211273, 1637615675.618173, 1637615676.1481285, 1637615701.9865828, 1637615702.521206, 1637615703.0477016, 1637615703.5454032, 1637615704.0579891, 1637615704.5488634, 1637615705.0614126, 1637615732.132181, 1637615732.6610456, 1637615733.0972018, 1637615733.6199663, 1637615734.150468, 1637615734.6756904, 1637615735.185766, 1637615762.1044827, 1637615762.5208788, 1637615762.912976, 1637615763.3775182, 1637615763.8505967, 1637615764.3668368, 1637615764.7993777, 1637615765.1483421, 1637615765.663439, 1637615766.1094213, 1637615793.5980594, 1637615794.1230392, 1637615794.654699, 1637615795.028088, 1637615795.3937292, 1637615795.8001783, 1637615796.2224097, 1637615796.6508543, 1637615797.2016191, 1637615824.209221, 1637615824.7356274, 1637615825.250305, 1637615825.7922363, 1637615826.3141, 1637615826.8420858, 1637615827.477435, 1637615854.13135, 1637615854.6372805, 1637615855.1422324, 1637615855.6379437, 1637615856.1610155, 1637615856.6569479, 1637615857.1649895, 1637615884.7570162, 1637615885.2627108, 1637615885.7832744, 1637615886.2828562, 1637615886.8079908, 1637615887.3028517, 1637615887.8175106, 1637615915.4400911, 1637615915.9383245, 1637615916.4517117, 1637615916.9579444, 1637615917.4628723, 1637615917.97176, 1637615918.479317, 1637615946.9192295, 1637615947.2998888, 1637615947.8285627, 1637615948.1407933, 1637615948.641307, 1637615949.1742318, 1637615949.6819308, 1637615950.1944366, 1637615979.746197, 1637615980.1152334, 1637615980.6452403, 1637615981.0183344, 1637615981.5600436, 1637615982.0897102, 1637615982.4430258, 1637615982.969153, 1637615983.4968812, 1637616010.5667005, 1637616010.9874487, 1637616011.3995378, 1637616011.9046333, 1637616012.1968443, 1637616012.5164409, 1637616012.895232, 1637616013.321805, 1637616013.8450956, 1637616014.2188783, 1637616014.6829016, 1637616015.0329854, 1637616043.2492657, 1637616043.7285843, 1637616044.0721314, 1637616044.3496258, 1637616044.6939745, 1637616045.0196428, 1637616045.3476212, 1637616045.843776, 1637616046.1956115, 1637616046.6770997, 1637616047.0126748, 1637616047.4701302, 1637616047.7939835, 1637616048.187804, 1637616076.819593, 1637616077.2011647, 1637616077.637297, 1637616078.02463, 1637616078.3619606, 1637616078.6378574, 1637616078.9857104, 1637616079.397085, 1637616079.7722714, 1637616080.1888716, 1637616080.4811103, 1637616080.9195855, 1637616081.3187711, 1637616081.738418, 1637616082.171547, 1637616082.5488377, 1637616112.5124972, 1637616112.8716013, 1637616113.221007, 1637616113.564776, 1637616113.9688406, 1637616114.4859738, 1637616114.8215618, 1637616115.2071874, 1637616115.534012, 1637616115.8554845, 1637616116.1878653, 1637616116.6724193, 1637616117.0074797, 1637616117.3638713, 1637616117.7604342, 1637616148.0959063, 1637616148.4781277, 1637616148.8768756, 1637616149.2327476, 1637616149.558944, 1637616149.8475816, 1637616150.1943839, 1637616150.532065, 1637616150.8697245, 1637616151.3399227, 1637616151.6554883, 1637616152.1970685, 1637616152.578234, 1637616152.9510634, 1637616153.2986016, 1637616153.7029617, 1637616183.767413, 1637616184.132365, 1637616184.4868162, 1637616185.0633526, 1637616185.3950367, 1637616185.7192447, 1637616186.0395205, 1637616186.4596035, 1637616186.8222961, 1637616187.223317, 1637616187.6321368, 1637616187.9745462, 1637616188.392052, 1637616188.6705132, 1637616189.0031517, 1637616189.4178336, 1637616219.8188577, 1637616220.1659424, 1637616220.5140014, 1637616220.8730965, 1637616221.3189318, 1637616221.6302001, 1637616221.9663856, 1637616222.285643, 1637616222.7110884, 1637616223.0782242, 1637616223.3952255, 1637616223.800927, 1637616224.1603475, 1637616224.48399, 1637616224.8968692, 1637616225.253324, 1637616225.68996, 1637616226.091407, 1637616257.187281, 1637616257.59501, 1637616258.0505035, 1637616258.4188194, 1637616258.7557485, 1637616259.0993047, 1637616259.4109623, 1637616259.7945652, 1637616260.1395178, 1637616260.4637237, 1637616260.807023, 1637616261.1145442, 1637616261.432638, 1637616261.8560112, 1637616262.1825328, 1637616262.5649543, 1637616262.851671, 1637616263.2392042, 1637616293.3382864, 1637616293.688436, 1637616294.0686307, 1637616294.3394983, 1637616294.6412916, 1637616294.9282992, 1637616295.2481897, 1637616295.6208415, 1637616295.9990103, 1637616296.3392384, 1637616296.675873, 1637616296.979071, 1637616297.3524516, 1637616297.6809127, 1637616297.939227, 1637616298.2607284, 1637616298.554007, 1637616298.835733, 1637616299.164835, 1637616299.5813277, 1637616299.918471, 1637616300.2546005, 1637616330.653325, 1637616330.9349232, 1637616331.227103, 1637616331.5374455, 1637616331.8868756, 1637616332.2853177, 1637616332.6521204, 1637616332.9561093, 1637616333.2833335, 1637616333.6827376, 1637616333.98831, 1637616334.2980955, 1637616334.5881991, 1637616334.89657, 1637616335.2863395, 1637616335.7382193, 1637616336.0880585, 1637616336.4012635, 1637616336.7068224, 1637616337.0189013, 1637616337.3387012, 1637616337.664622], "episode_lengths": [150, 150, 150, 150, 150, 150, 150, 150, 150, 150, 150, 66, 150, 150, 150, 54, 150, 150, 150, 150, 150, 150, 150, 150, 150, 150, 139, 150, 150, 150, 139, 150, 133, 150, 150, 150, 134, 150, 150, 150, 150, 150, 150, 150, 150, 150, 150, 150, 150, 150, 150, 150, 150, 83, 146, 150, 150, 85, 150, 150, 150, 150, 133, 150, 122, 150, 150, 150, 107, 150, 150, 150, 150, 142, 80, 79, 125, 88, 150, 99, 58, 148, 109, 150, 150, 150, 63, 67, 88, 94, 100, 150, 150, 150, 150, 150, 150, 150, 150, 150, 150, 150, 150, 150, 150, 150, 150, 150, 150, 150, 150, 150, 150, 150, 150, 150, 150, 150, 150, 150, 150, 78, 150, 44, 150, 150, 150, 150, 150, 76, 150, 75, 150, 150, 54, 150, 150, 82, 94, 96, 130, 30, 48, 67, 102, 137, 69, 117, 61, 73, 129, 58, 24, 54, 52, 51, 141, 65, 120, 41, 115, 48, 83, 35, 69, 88, 65, 51, 22, 59, 84, 67, 87, 31, 104, 77, 91, 46, 74, 76, 60, 56, 48, 82, 150, 45, 73, 49, 43, 51, 134, 51, 66, 77, 55, 69, 66, 59, 42, 29, 60, 48, 46, 126, 25, 150, 70, 47, 57, 86, 46, 72, 55, 115, 49, 41, 41, 99, 63, 84, 91, 52, 60, 28, 44, 82, 55, 53, 53, 66, 54, 39, 46, 44, 100, 67, 36, 73, 51, 42, 40, 58, 104, 70, 87, 77, 62, 58, 54, 57, 34, 73, 53, 37, 47, 35, 37, 89, 42, 70, 27, 70, 33, 58, 67, 22, 33, 32, 39, 69, 75, 50, 52, 37, 71, 45, 20, 39, 32, 25, 46, 80, 44, 39, 36, 26, 32, 41, 53, 79, 53, 32, 46, 82, 37, 39, 32, 38, 76, 49, 55, 39, 41, 31, 38, 49],