{"initial_reset_timestamp": 1637638335.2045417, "timestamps": [1637638337.7068746, 1637638338.1544752, 1637638338.8396962, 1637638339.443999, 1637638339.9119153, 1637638340.4976404, 1637638341.0896132, 1637638345.2800872, 1637638345.8620465, 1637638346.4271574, 1637638346.9853723, 1637638347.5414772, 1637638348.0991704, 1637638353.3728218, 1637638357.1673658, 1637638360.8729787, 1637638364.5218143, 1637638368.199694, 1637638372.0402386, 1637638375.883647, 1637638383.2184615, 1637638387.5895193, 1637638392.323741, 1637638396.0099378, 1637638399.6283202, 1637638403.249364, 1637638407.0426414, 1637638414.6323047, 1637638418.3928423, 1637638422.2020104, 1637638425.9703968, 1637638429.5778465, 1637638433.460512, 1637638436.1318378, 1637638442.4238884, 1637638446.3504026, 1637638448.9769466, 1637638452.9320543, 1637638456.3611014, 1637638460.1947505, 1637638462.6731477, 1637638466.439341, 1637638474.0309904, 1637638477.9348907, 1637638481.830199, 1637638485.6864882, 1637638489.5453851, 1637638493.4881978, 1637638501.0709178, 1637638502.55975, 1637638506.5760512, 1637638508.5400777, 1637638512.3465538, 1637638516.1106293, 1637638518.3750396, 1637638522.1188807, 1637638524.9113195, 1637638531.962271, 1637638534.2301128, 1637638535.870425, 1637638538.1151547, 1637638539.3947613, 1637638543.3606172, 1637638545.444726, 1637638546.7992344, 1637638550.5992231, 1637638554.6257536, 1637638562.4247336, 1637638564.9835157, 1637638569.1317606, 1637638571.957374, 1637638573.2742333, 1637638577.3351564, 1637638579.997416, 1637638581.9093788, 1637638584.3620462, 1637638585.7148213, 1637638587.865677, 1637638589.18042, 1637638596.7775514, 1637638600.7551715, 1637638604.6703796, 1637638608.656401, 1637638612.6887746, 1637638616.6566389, 1637638624.3184204, 1637638628.095071, 1637638631.8978097, 1637638635.6823385, 1637638639.6044135, 1637638643.4097354, 1637638646.9223955, 1637638654.5720007, 1637638657.9031286, 1637638661.8212705, 1637638665.724687, 1637638668.3910477, 1637638670.8326542, 1637638673.7609665, 1637638677.6078296, 1637638678.5896096, 1637638685.3908045, 1637638686.4137695, 1637638687.6635125, 1637638690.0042882, 1637638691.544946, 1637638692.478203, 1637638694.1463594, 1637638695.284117, 1637638696.0657377, 1637638696.8801694, 1637638697.856668, 1637638699.261792, 1637638700.0407286, 1637638701.1339562, 1637638701.809523, 1637638702.7710493, 1637638703.6304393, 1637638705.202178, 1637638705.9962928, 1637638707.1829762, 1637638708.2639751, 1637638709.2234788, 1637638710.1735466, 1637638711.1337638, 1637638711.8380883, 1637638713.1130426, 1637638714.109855, 1637638723.1297722, 1637638724.0180824, 1637638724.851695, 1637638725.7837865, 1637638726.812035, 1637638728.1581333, 1637638729.580191, 1637638730.4444766, 1637638731.5394466, 1637638732.8883069, 1637638734.1443667, 1637638735.096973, 1637638737.5806243, 1637638738.8403351, 1637638739.6587105, 1637638741.0802357, 1637638742.2360337, 1637638743.9626029, 1637638744.9996006, 1637638746.0448098, 1637638747.347339, 1637638748.3572502, 1637638750.2598126, 1637638751.4484515, 1637638761.5994024, 1637638763.2103481, 1637638764.1091979, 1637638764.9131856, 1637638766.2350476, 1637638767.8672054, 1637638768.689634, 1637638769.5862777, 1637638770.3416743, 1637638771.3385937, 1637638772.2425783, 1637638773.1864243, 1637638774.933477, 1637638775.8799405, 1637638777.210005, 1637638778.360123, 1637638779.744304, 1637638780.7652395, 1637638781.940462, 1637638783.022085, 1637638784.1742725, 1637638785.0602396, 1637638785.9769197, 1637638786.794996, 1637638788.0916, 1637638789.8043773, 1637638800.2198038, 1637638801.401987, 1637638802.429356, 1637638803.6595354, 1637638805.425491, 1637638806.7199001, 1637638807.358352, 1637638808.244595, 1637638809.8981047, 1637638810.9770489, 1637638812.1672382, 1637638813.3798144, 1637638814.5282798, 1637638815.406671, 1637638816.445391, 1637638817.77619], "episode_lengths": [150, 150, 150, 150, 98, 150, 150, 150, 150, 150, 150, 150, 150, 150, 150, 150, 150, 150, 150, 150, 150, 150, 150, 150, 150, 150, 150, 150, 150, 150, 150, 144, 148, 101, 91, 150, 98, 150, 128, 143, 88, 142, 150, 150, 150, 150, 150, 150, 150, 52, 150, 71, 150, 150, 88, 150, 110, 131, 83, 57, 79, 42, 150, 77, 44, 144, 148, 150, 91, 150, 98, 43, 150, 95, 66, 87, 44, 72, 42, 150, 150, 150, 150, 150, 150, 150, 150, 150, 150, 150, 150, 139, 150, 125, 150, 150, 100, 90, 105, 145, 31, 57, 33, 43, 85, 55, 30, 59, 39, 24, 25, 32, 48, 24, 37, 19, 30, 26, 52, 23, 40, 36, 31, 32, 32, 21, 45, 32, 43, 28, 25, 30, 35, 48, 49, 27, 35, 44, 42, 29, 90, 41, 25, 49, 39, 62, 34, 34, 45, 33, 68, 41, 62, 55, 28, 25, 45, 57, 25, 28, 21, 31, 27, 28, 61, 30, 45, 38, 47, 32, 39, 35, 38, 28, 29, 24, 44, 60, 60, 37, 32, 38, 56, 41, 17, 26, 57, 35, 38, 40, 38, 27, 33, 42], "episode_rewards": [-150.0, -150.0, -150.0, -150.0, -97.0, -150.0, -150.0, -150.0, -150.0, -150.0, -150.0, -150.0, -150.0, -150.0, -150.0, -150.0, -150.0, -150.0, -150.0, -150.0, -150.0, -150.0, -150.0, -150.0, -150.0, -150.0, -150.0, -150.0, -150.0, -150.0, -150.0, -143.0, -147.0, -100.0, -90.0, -150.0, -97.0, -150.0, -127.0, -142.0, -87.0, -141.0, -150.0, -150.0, -150.0, -150.0, -150.0, -150.0, -150.0, -51.0, -150.0, -70.0, -150.0, -150.0, -87.0, -150.0, -109.0, -130.0, -82.0, -56.0, -78.0, -41.0, -150.0, -76.0, -43.0, -143.0, -147.0, -150.0, -90.0, -150.0, -97.0, -42.0, -150.0, -94.0, -65.0, -86.0, -43.0, -71.0, -41.0, -150.0, -150.0, -150.0, -150.0, -150.0, -150.0, -150.0, -150.0, -150.0, -150.0, -150.0, -150.0, -138.0, -150.0, -124.0, -150.0, -150.0, -99.0, -89.0, -104.0, -144.0, -30.0, -56.0, -32.0, -42.0, -84.0, -54.0, -29.0, -58.0, -38.0, -23.0, -24.0, -31.0, -47.0, -23.0, -36.0, -18.0, -29.0, -25.0, -51.0, -22.0, -39.0, -35.0, -30.0, -31.0, -31.0, -20.0, -44.0, -31.0, -42.0, -27.0, -24.0, -29.0, -34.0, -47.0, -48.0, -26.0, -34.0, -43.0, -41.0, -28.0, -89.0, -40.0, -24.0, -48.0, -38.0, -61.0, -33.0, -33.0, -44.0, -32.0, -67.0, -40.0, -61.0, -54.0, -27.0, -24.0, -44.0, -56.0, -24.0, -27.0, -20.0, -30.0, -26.0, -27.0, -60.0, -29.0, -44.0, -37.0, -46.0, -31.0, -38.0, -34.0, -37.0, -27.0, -28.0, -23.0, -43.0, -59.0, -59.0, -36.0, -31.0, -37.0, -55.0, -40.0, -16.0, -25.0, -56.0, -34.0, -37.0, -39.0, -37.0, -26.0, -32.0, -41.0], "episode_types": ["t", "t", "t", "t", "t", "t", "t", "t", "t", "t", "t", "t", "t", "t", "t", "t", "t", "t", "t", "t", "t", "t", "t", "t", "t", "t", "t", "t", "t", "t", "t", "t", "t", "t", "t", "t", "t", "t", "t", "t", "t", "t", "t", "t", "t", "t", "t", "t", "t", "t", "t", "t", "t", "t", "t", "t", "t", "t", "t", "t", "t", "t", "t", "t", "t", "t", "t", "t", "t", "t", "t", "t", "t", "t", "t", "t", "t", "t", "t", "t", "t", "t", "t", "t", "t", "t", "t", "t", "t", "t", "t", "t", "t", "t", "t", "t", "t", "t", "t", "t", "t", "t", "t", "t", "t", "t", "t", "t", "t", "t", "t", "t", "t", "t", "t", "t", "t", "t", "t", "t", "t", "t", "t", "t", "t", "t", "t", "t", "t", "t", "t", "t", "t", "t", "t", "t", "t", "t", "t", "t", "t", "t", "t", "t", "t", "t", "t", "t", "t", "t", "t", "t", "t", "t", "t", "t", "t", "t", "t", "t", "t", "t", "t", "t", "t", "t", "t", "t", "t", "t", "t", "t", "t", "t", "t", "t", "t", "t", "t", "t", "t", "t", "t", "t", "t", "t", "t", "t", "t", "t", "t", "t", "t", "t", "t"]}