{"initial_reset_timestamp": 1637638335.3987536, "timestamps": [1637638335.731915, 1637638336.0600138, 1637638336.3690073, 1637638336.6769843, 1637638336.9968965, 1637638337.3067703, 1637638337.6293821, 1637638343.0521111, 1637638343.3769681, 1637638343.6996028, 1637638344.0113916, 1637638344.3173275, 1637638344.622164, 1637638344.9323726, 1637638350.310484, 1637638350.678295, 1637638350.99797, 1637638351.3240397, 1637638351.6466868, 1637638351.9647253, 1637638352.2675042, 1637638379.0825615, 1637638379.3989213, 1637638379.725178, 1637638380.0353408, 1637638380.3529801, 1637638380.6610854, 1637638380.9828446, 1637638409.1540532, 1637638409.4662833, 1637638409.8048866, 1637638410.1336188, 1637638410.4487379, 1637638410.761281, 1637638411.1020596, 1637638438.388496, 1637638438.7336266, 1637638439.0724595, 1637638439.391781, 1637638439.702085, 1637638440.0272055, 1637638440.3564484, 1637638468.8689373, 1637638469.2068465, 1637638469.5146635, 1637638469.8289564, 1637638470.152192, 1637638470.5036697, 1637638470.8464375, 1637638498.3978877, 1637638498.7193727, 1637638499.047442, 1637638499.3752737, 1637638499.6833074, 1637638500.014546, 1637638500.3402257, 1637638528.0539737, 1637638528.3667817, 1637638528.6908782, 1637638529.0113122, 1637638529.3266497, 1637638529.6443048, 1637638529.9557765, 1637638559.1117353, 1637638559.4253967, 1637638559.7413075, 1637638560.0566144, 1637638560.3819737, 1637638560.692847, 1637638561.0038545, 1637638591.3160143, 1637638591.6305928, 1637638591.9580076, 1637638592.2744272, 1637638592.5932474, 1637638592.9121428, 1637638593.2321239, 1637638621.2989573, 1637638621.615971, 1637638621.9392445, 1637638622.2686098, 1637638622.5871232, 1637638622.910979, 1637638623.2502158, 1637638650.5335042, 1637638650.853559, 1637638651.1919718, 1637638651.516703, 1637638651.8388777, 1637638652.1683686, 1637638652.4806354, 1637638681.0229433, 1637638681.3531165, 1637638681.5951993, 1637638681.9290626, 1637638682.161149, 1637638682.4242923, 1637638682.664113, 1637638682.8935528, 1637638683.1789796, 1637638683.5063357, 1637638683.7499819, 1637638684.0046785, 1637638684.25568, 1637638684.5028903, 1637638716.17261, 1637638716.3998516, 1637638716.6514063, 1637638716.8625722, 1637638717.082496, 1637638717.3295417, 1637638717.5664508, 1637638717.8012524, 1637638718.044557, 1637638718.2880065, 1637638718.5343575, 1637638718.7557414, 1637638718.9949777, 1637638719.2182546, 1637638719.4436135, 1637638719.7166634, 1637638719.9364645, 1637638720.1816742, 1637638720.3900046, 1637638720.6357427, 1637638720.8775134, 1637638721.1027527, 1637638721.325131, 1637638721.5854912, 1637638721.892112, 1637638722.1096675, 1637638722.3242753, 1637638753.6423583, 1637638753.856543, 1637638754.0939152, 1637638754.3511007, 1637638754.5711076, 1637638754.8022742, 1637638755.0207624, 1637638755.2490847, 1637638755.4840565, 1637638755.7069027, 1637638755.961552, 1637638756.1918836, 1637638756.422293, 1637638756.6487687, 1637638756.97726, 1637638757.1912966, 1637638757.4193912, 1637638757.650551, 1637638757.9064813, 1637638758.1330538, 1637638758.3542056, 1637638758.5911372, 1637638758.830196, 1637638759.0702786, 1637638759.2894533, 1637638759.5630515, 1637638759.7704737, 1637638759.9899235, 1637638760.226838, 1637638760.446707, 1637638792.6378598, 1637638792.8551738, 1637638793.081808, 1637638793.311362, 1637638793.536439, 1637638793.8020108, 1637638794.047148, 1637638794.3107293, 1637638794.5797787, 1637638794.8071299, 1637638795.0827599, 1637638795.2980309, 1637638795.519247, 1637638795.7311335, 1637638795.966947, 1637638796.2000632, 1637638796.4305682, 1637638796.6458824, 1637638796.9084067, 1637638797.1362815, 1637638797.384799, 1637638797.6026902, 1637638797.8404777, 1637638798.0656984, 1637638798.3104918, 1637638798.5795593, 1637638798.7900767, 1637638799.0387716, 1637638799.2738326, 1637638799.5226014], "episode_lengths": [150, 150, 150, 150, 150, 150, 150, 150, 150, 150, 150, 150, 150, 150, 150, 150, 150, 150, 150, 150, 150, 150, 150, 150, 150, 150, 150, 150, 150, 150, 150, 150, 150, 150, 150, 150, 150, 150, 150, 150, 150, 150, 150, 150, 150, 150, 150, 150, 150, 150, 150, 150, 150, 150, 150, 150, 150, 150, 150, 150, 150, 150, 150, 150, 150, 150, 150, 150, 150, 150, 150, 150, 150, 150, 150, 150, 150, 150, 150, 150, 150, 150, 150, 150, 150, 150, 150, 150, 150, 150, 150, 95, 150, 50, 150, 41, 63, 52, 25, 63, 150, 37, 59, 50, 58, 22, 40, 27, 20, 25, 58, 42, 42, 36, 42, 59, 20, 34, 23, 28, 77, 41, 41, 23, 46, 53, 17, 36, 63, 50, 27, 25, 51, 33, 40, 31, 30, 31, 26, 26, 42, 27, 49, 32, 30, 29, 42, 26, 29, 39, 57, 37, 19, 38, 22, 38, 28, 69, 16, 30, 22, 27, 25, 26, 29, 31, 34, 35, 36, 38, 51, 27, 56, 24, 27, 24, 30, 35, 29, 25, 30, 29, 43, 22, 32, 31, 39, 63, 26, 37, 41, 30], "episode_rewards": [-150.0, -150.0, -150.0, -150.0, -150.0, -150.0, -150.0, -150.0, -150.0, -150.0, -150.0, -150.0, -150.0, -150.0, -150.0, -150.0, -150.0, -150.0, -150.0, -150.0, -150.0, -150.0, -150.0, -150.0, -150.0, -150.0, -150.0, -150.0, -150.0, -150.0, -150.0, -150.0, -150.0, -150.0, -150.0, -150.0, -150.0, -150.0, -150.0, -150.0, -150.0, -150.0, -150.0, -150.0, -150.0, -150.0, -150.0, -150.0, -150.0, -150.0, -150.0, -150.0, -150.0, -150.0, -150.0, -150.0, -150.0, -150.0, -150.0, -150.0, -150.0, -150.0, -150.0, -150.0, -150.0, -150.0, -150.0, -150.0, -150.0, -150.0, -150.0, -150.0, -150.0, -150.0, -150.0, -150.0, -150.0, -150.0, -150.0, -150.0, -150.0, -150.0, -150.0, -150.0, -150.0, -150.0, -150.0, -150.0, -150.0, -150.0, -150.0, -94.0, -150.0, -49.0, -150.0, -40.0, -62.0, -51.0, -24.0, -62.0, -150.0, -36.0, -58.0, -49.0, -57.0, -21.0, -39.0, -26.0, -19.0, -24.0, -57.0, -41.0, -41.0, -35.0, -41.0, -58.0, -19.0, -33.0, -22.0, -27.0, -76.0, -40.0, -40.0, -22.0, -45.0, -52.0, -16.0, -35.0, -62.0, -49.0, -26.0, -24.0, -50.0, -32.0, -39.0, -30.0, -29.0, -30.0, -25.0, -25.0, -41.0, -26.0, -48.0, -31.0, -29.0, -28.0, -41.0, -25.0, -28.0, -38.0, -56.0, -36.0, -18.0, -37.0, -21.0, -37.0, -27.0, -68.0, -15.0, -29.0, -21.0, -26.0, -24.0, -25.0, -28.0, -30.0, -33.0, -34.0, -35.0, -37.0, -50.0, -26.0, -55.0, -23.0, -26.0, -23.0, -29.0, -34.0, -28.0, -24.0, -29.0, -28.0, -42.0, -21.0, -31.0, -30.0, -38.0, -62.0, -25.0, -36.0, -40.0, -29.0], "episode_types": ["t", "t", "t", "t", "t", "t", "t", "t", "t", "t", "t", "t", "t", "t", "t", "t", "t", "t", "t", "t", "t", "t", "t", "t", "t", "t", "t", "t", "t", "t", "t", "t", "t", "t", "t", "t", "t", "t", "t", "t", "t", "t", "t", "t", "t", "t", "t", "t", "t", "t", "t", "t", "t", "t", "t", "t", "t", "t", "t", "t", "t", "t", "t", "t", "t", "t", "t", "t", "t", "t", "t", "t", "t", "t", "t", "t", "t", "t", "t", "t", "t", "t", "t", "t", "t", "t", "t", "t", "t", "t", "t", "t", "t", "t", "t", "t", "t", "t", "t", "t", "t", "t", "t", "t", "t", "t", "t", "t", "t", "t", "t", "t", "t", "t", "t", "t", "t", "t", "t", "t", "t", "t", "t", "t", "t", "t", "t", "t", "t", "t", "t", "t", "t", "t", "t", "t", "t", "t", "t", "t", "t", "t", "t", "t", "t", "t", "t", "t", "t", "t", "t", "t", "t", "t", "t", "t", "t", "t", "t", "t", "t", "t", "t", "t", "t", "t", "t", "t", "t", "t", "t", "t", "t", "t", "t", "t", "t", "t", "t", "t", "t", "t", "t", "t", "t", "t", "t", "t", "t", "t", "t", "t"]}