{"initial_reset_timestamp": 1637638300.384088, "timestamps": [1637638302.9065094, 1637638303.3499963, 1637638304.0184116, 1637638304.6012623, 1637638305.1903934, 1637638305.7723036], "episode_lengths": [150, 150, 150, 150, 150, 150], "episode_rewards": [-150.0, -150.0, -150.0, -150.0, -150.0, -150.0], "episode_types": ["t", "t", "t", "t", "t", "t", "t"]}