{"initial_reset_timestamp": 1637638300.582788, "timestamps": [1637638300.894547, 1637638301.224369, 1637638301.5627604, 1637638301.8948762, 1637638302.2193983, 1637638302.5248716, 1637638302.8344576], "episode_lengths": [150, 150, 150, 150, 150, 150, 150], "episode_rewards": [-150.0, -150.0, -150.0, -150.0, -150.0, -150.0, -150.0], "episode_types": ["t", "t", "t", "t", "t", "t", "t"]}