{"initial_reset_timestamp": 1637541571.2898698, "timestamps": [1637541571.8113992, 1637541572.3003368, 1637541572.778131, 1637541573.2720888, 1637541573.745568, 1637541574.2349527, 1637541574.7733283, 1637541580.4026709, 1637541580.8799388, 1637541581.3873696, 1637541581.92736, 1637541582.296967, 1637541582.7926736, 1637541583.2854567, 1637541583.766583, 1637541589.8394053, 1637541590.3142688, 1637541590.7937253, 1637541591.2846751, 1637541591.7931492, 1637541592.280614, 1637541592.7506385, 1637541593.2456355, 1637541613.257886, 1637541613.7367182, 1637541614.2249727, 1637541614.7053578, 1637541615.1909745, 1637541615.7405834, 1637541616.298601, 1637541637.2654157, 1637541637.8133342, 1637541638.3252015, 1637541638.8638186, 1637541639.358422, 1637541639.9271753, 1637541640.4452217, 1637541660.6040554, 1637541661.1677442, 1637541661.7002807, 1637541662.2243538, 1637541662.699715, 1637541663.1937833, 1637541663.739659, 1637541685.1252367, 1637541685.6637034, 1637541686.2106793, 1637541686.753633, 1637541687.3066614, 1637541687.8450212, 1637541688.357392, 1637541708.664087, 1637541709.1473172, 1637541709.6429558, 1637541710.1245346, 1637541710.5679622, 1637541711.053971, 1637541711.5609307, 1637541733.566815, 1637541734.0491865, 1637541734.582231, 1637541735.0496776, 1637541735.4782102, 1637541735.9819813, 1637541736.5202124, 1637541760.4756508, 1637541760.945229, 1637541761.337226, 1637541761.8733232, 1637541762.4153876, 1637541762.746133, 1637541763.277869, 1637541763.8096292, 1637541786.4310913, 1637541786.9084868, 1637541787.3970535, 1637541787.8706105, 1637541788.374741, 1637541788.8317285, 1637541789.2946332, 1637541812.4673734, 1637541812.9351335, 1637541813.4361458, 1637541814.0023358, 1637541814.4857068, 1637541814.979113, 1637541815.459911, 1637541838.8365328, 1637541839.3522546, 1637541839.9315255, 1637541840.4649663, 1637541840.9489596, 1637541841.468186, 1637541842.0173008, 1637541865.5008972, 1637541865.9906812, 1637541866.4868183, 1637541867.063556, 1637541867.5854273, 1637541868.1580768, 1637541868.6958878, 1637541892.648326, 1637541893.1987793, 1637541893.7384717, 1637541894.2664597, 1637541894.7563002, 1637541895.2483659, 1637541895.6069548, 1637541896.0733523, 1637541921.4984386, 1637541922.0620754, 1637541922.547558, 1637541923.0213323, 1637541923.5554078, 1637541924.1070812, 1637541924.6466584, 1637541950.8075671, 1637541951.3667214, 1637541951.9275115, 1637541952.4520736, 1637541952.9811454, 1637541953.498428, 1637541953.983371, 1637541979.0835202, 1637541979.6131492, 1637541980.1661222, 1637541980.6527357, 1637541981.134661, 1637541981.6352162, 1637541982.1173828, 1637542007.3671374, 1637542007.8421912, 1637542008.3480566, 1637542008.9064925, 1637542009.4136488, 1637542009.8977041, 1637542010.415809, 1637542036.1104481, 1637542036.5994384, 1637542037.086008, 1637542037.514277, 1637542038.001417, 1637542038.4873185, 1637542038.973146, 1637542064.5190527, 1637542064.9004378, 1637542065.4554818, 1637542065.9661696, 1637542066.4490137, 1637542067.027116, 1637542067.5173433, 1637542067.990347, 1637542094.1954868, 1637542094.6695986, 1637542095.156045, 1637542095.638079, 1637542096.1530378, 1637542096.6306894, 1637542097.1112328, 1637542122.0749886, 1637542122.6116743, 1637542123.1533084, 1637542123.6876857, 1637542124.2330537, 1637542124.6535947, 1637542125.0872328, 1637542125.561924, 1637542150.5602043, 1637542151.1066475, 1637542151.640161, 1637542152.1170807, 1637542152.5981297, 1637542153.084449, 1637542153.7296648, 1637542178.9434748, 1637542179.4745393, 1637542179.9607353, 1637542180.480651, 1637542181.0217414, 1637542181.57435, 1637542182.1122177, 1637542207.4309213, 1637542207.914644, 1637542208.4137256, 1637542208.8945022, 1637542209.2015605, 1637542209.6649973, 1637542210.1536515, 1637542210.7072866, 1637542236.7362337, 1637542237.269263, 1637542237.7652938, 1637542238.2621439, 1637542238.8001308, 1637542239.325256, 1637542239.8697095, 1637542266.0062642, 1637542266.5081742, 1637542267.0362153, 1637542267.5741897, 1637542268.1083536, 1637542268.6526551, 1637542269.2172303, 1637542294.9944303, 1637542295.542538, 1637542296.062567, 1637542296.561307, 1637542297.0367315, 1637542297.5246425, 1637542297.9972234, 1637542323.397383, 1637542323.8771803, 1637542324.3722425, 1637542324.8570726, 1637542325.393749, 1637542325.95265, 1637542326.4555814, 1637542351.828796, 1637542352.2939706, 1637542352.8561964, 1637542353.401618, 1637542353.934853, 1637542354.4278457, 1637542354.983415, 1637542380.9686322, 1637542381.465692, 1637542381.9332042, 1637542382.4350626, 1637542382.9111507, 1637542383.4934323, 1637542383.970769, 1637542410.0119798, 1637542410.515518, 1637542410.999873, 1637542411.3907206, 1637542411.861566, 1637542412.365124, 1637542412.8426237, 1637542413.2651274, 1637542439.241125, 1637542439.6464016, 1637542440.1497614, 1637542440.6592996, 1637542441.2043753, 1637542441.6803966, 1637542442.1702993, 1637542468.2770934, 1637542468.766318, 1637542469.25895, 1637542469.7549753, 1637542470.2418325, 1637542470.7171082, 1637542471.1813529, 1637542497.2723408, 1637542497.797599, 1637542498.3214505, 1637542498.7779474, 1637542499.274113, 1637542499.8361948, 1637542500.2967625, 1637542500.709337, 1637542526.111847, 1637542526.6724334, 1637542527.209585, 1637542527.7463682, 1637542528.2317278, 1637542528.842033, 1637542529.3566403, 1637542555.1854553, 1637542555.6789272, 1637542556.2372026, 1637542556.7658975, 1637542557.3151152, 1637542557.7975097, 1637542558.2867932, 1637542584.198894, 1637542584.6997008, 1637542585.1871915, 1637542585.8260963, 1637542586.2940657, 1637542586.8026035, 1637542587.2732599, 1637542587.856925, 1637542614.5824175, 1637542615.0733466, 1637542615.5877364, 1637542616.0772061, 1637542616.6575918, 1637542617.2092423, 1637542617.7678971, 1637542643.5372438, 1637542644.0461907, 1637542644.585802, 1637542645.1581726, 1637542645.6518388, 1637542646.1427033, 1637542646.6392908, 1637542673.1013832, 1637542673.6070151, 1637542674.080272, 1637542674.5636134, 1637542675.0592222, 1637542675.59232, 1637542676.0482183, 1637542701.67849, 1637542702.2059832, 1637542702.672139, 1637542703.0175683, 1637542703.4842517, 1637542703.9745452, 1637542704.4619725, 1637542704.9633214, 1637542730.6972816, 1637542731.2240508, 1637542731.7163215, 1637542732.2206466, 1637542732.7039797, 1637542733.1661482, 1637542733.663063, 1637542759.2135267, 1637542759.680861, 1637542760.1710212, 1637542760.7143734, 1637542761.260399, 1637542761.7510445, 1637542762.257477, 1637542788.0394752, 1637542788.5426433, 1637542789.102441, 1637542789.6593976, 1637542790.203648, 1637542790.7498672, 1637542791.2925558, 1637542817.7564075, 1637542818.2959938, 1637542818.7630534, 1637542819.3573322, 1637542819.8466465, 1637542820.3521461, 1637542820.900021, 1637542845.8581345, 1637542846.3462303, 1637542846.8379056, 1637542847.3579814, 1637542847.8468168, 1637542848.3234851, 1637542848.8001163, 1637542874.85778, 1637542875.3497107, 1637542875.8464248, 1637542876.372242, 1637542876.8147285, 1637542877.3140388, 1637542877.812976, 1637542878.300347, 1637542904.165848, 1637542904.7175887, 1637542905.2119367, 1637542905.7098484, 1637542906.2179897, 1637542906.597259, 1637542907.0997536, 1637542907.659551],