{"initial_reset_timestamp": 1637568953.9957545, "timestamps": [1637568954.429922, 1637568954.8357463, 1637568955.2726002, 1637568955.713366, 1637568956.1563935, 1637568956.5757763, 1637568956.996309, 1637568962.386548, 1637568962.8220851, 1637568963.2666016, 1637568963.7183628, 1637568964.1628327, 1637568964.6254525, 1637568965.0259082, 1637568970.9329216, 1637568971.3483443, 1637568971.958785, 1637568972.3579502, 1637568972.7643597, 1637568973.161835, 1637568973.5619428, 1637569033.69293, 1637569034.1005104, 1637569034.531779, 1637569034.9340212, 1637569035.288368, 1637569035.745119, 1637569036.1388555, 1637569036.5821757, 1637569100.3685212, 1637569100.7884576, 1637569101.1860273, 1637569101.5912247, 1637569101.9937885, 1637569102.3996167, 1637569102.8034465, 1637569169.1142793, 1637569169.5139346, 1637569169.9234853, 1637569170.3270075, 1637569170.732107, 1637569171.1681764, 1637569171.5910518, 1637569232.9541776, 1637569233.3638859, 1637569233.7732925, 1637569234.140044, 1637569234.45363, 1637569234.766769, 1637569235.079864, 1637569235.452758, 1637569235.812449, 1637569300.2531147, 1637569300.6274505, 1637569300.9870994, 1637569301.3776731, 1637569301.7381315, 1637569302.1453662, 1637569302.5461888, 1637569302.849708, 1637569303.1950116, 1637569303.6283085, 1637569369.14836, 1637569369.4258308, 1637569369.7317646, 1637569370.0329778, 1637569370.3409212, 1637569370.7335064, 1637569371.0402644, 1637569371.3292913, 1637569371.6778653, 1637569372.078538, 1637569372.4129856, 1637569372.8253233, 1637569440.4685004, 1637569440.7576919, 1637569441.1144805, 1637569441.450502, 1637569441.9879756, 1637569442.4368715, 1637569442.7783437, 1637569443.141149, 1637569443.528645, 1637569443.9293566, 1637569444.3888845, 1637569512.5648806, 1637569512.9664936, 1637569513.259475, 1637569513.546049, 1637569513.920738, 1637569514.3273034, 1637569514.7353735, 1637569515.0058076, 1637569515.287631, 1637569515.6079876, 1637569515.9526162, 1637569583.8221638, 1637569584.1420703, 1637569584.4071908, 1637569584.6938155, 1637569584.9772656, 1637569585.216382, 1637569585.5292273, 1637569585.8220706, 1637569586.1087162, 1637569586.374281, 1637569586.650273, 1637569586.9446585, 1637569587.3232634, 1637569587.5896876, 1637569587.8294768, 1637569588.1253881, 1637569588.4223962, 1637569662.6699336, 1637569662.957878, 1637569663.3789866, 1637569663.682045, 1637569664.0317633, 1637569664.436242, 1637569664.8353684, 1637569665.1633015, 1637569665.5493276, 1637569665.8265944, 1637569736.0360022, 1637569736.3516316, 1637569736.7358756, 1637569737.1322718, 1637569737.4837878, 1637569737.7525887, 1637569738.1327157, 1637569738.494154, 1637569738.8977282, 1637569807.663141, 1637569808.008406, 1637569808.395802, 1637569808.7939863, 1637569809.1760244, 1637569809.5683641, 1637569809.9586174, 1637569810.3497593, 1637569878.0775805, 1637569878.4670203, 1637569878.8667264, 1637569879.19239, 1637569879.7307863, 1637569880.0554729, 1637569880.4698002, 1637569880.8911028, 1637569946.9058642, 1637569947.3051243, 1637569947.7035813, 1637569948.1557767, 1637569948.5476196, 1637569948.9569354, 1637569949.3596141, 1637569949.749734, 1637570014.812481, 1637570015.0683286, 1637570015.4780378, 1637570015.865227, 1637570016.267909, 1637570016.6623456, 1637570017.0567002, 1637570017.4493895, 1637570084.0120413, 1637570084.3226297, 1637570084.7288826, 1637570085.0843778, 1637570085.4873493, 1637570085.870663, 1637570086.1407266, 1637570086.5073774, 1637570086.7962983, 1637570087.1269171, 1637570155.1130311, 1637570155.3572142, 1637570155.6120217, 1637570155.9801283, 1637570156.2707605, 1637570156.665425, 1637570156.9900596, 1637570157.2843297, 1637570157.5565388, 1637570157.8590753, 1637570158.1086397, 1637570158.5292957, 1637570158.792269, 1637570159.132987, 1637570227.729612, 1637570228.0565658, 1637570228.3353379, 1637570228.6076157, 1637570228.8832755, 1637570229.2413485, 1637570229.5796509, 1637570229.946947, 1637570230.2616704, 1637570230.5026383, 1637570230.7854812, 1637570231.164855, 1637570231.502122, 1637570231.8173916, 1637570299.9335818, 1637570300.2479718, 1637570300.5616071, 1637570300.8409615, 1637570301.19506, 1637570301.436996, 1637570301.7315855, 1637570302.1051657, 1637570302.3767474, 1637570302.6623905, 1637570303.0546055, 1637570303.3940265, 1637570303.6248426, 1637570303.883566, 1637570304.1651883, 1637570304.4506795, 1637570304.8330631, 1637570377.5200837, 1637570377.8008208, 1637570378.1261055, 1637570378.388124, 1637570378.6751933, 1637570379.0140696, 1637570379.412471, 1637570379.7123053, 1637570380.0989811, 1637570380.3569984, 1637570380.668002, 1637570380.9169078, 1637570381.1946113, 1637570381.4737039, 1637570381.7209904, 1637570381.9817703, 1637570382.220247, 1637570382.4590068, 1637570382.7262213, 1637570382.9591055, 1637570383.2058802, 1637570383.474402, 1637570383.7295763, 1637570383.9993987, 1637570384.2906172, 1637570456.7049193, 1637570456.9655333, 1637570457.2138293, 1637570457.6460736, 1637570457.8830192, 1637570458.1873066, 1637570458.4813054, 1637570458.7216082, 1637570458.9998946, 1637570459.2822528, 1637570459.5362525, 1637570459.857905, 1637570460.1234038, 1637570460.386509, 1637570460.6610084, 1637570460.9671001, 1637570461.2386835, 1637570461.5991664, 1637570461.8749433, 1637570462.1501818, 1637570462.4052334, 1637570462.7000566, 1637570463.104425, 1637570540.199936, 1637570540.5408328, 1637570540.8642817, 1637570541.2082982, 1637570541.5532913, 1637570541.8167846, 1637570542.1036503, 1637570542.3848903, 1637570542.7139332, 1637570543.039704, 1637570543.4030004, 1637570543.713759, 1637570544.0075326, 1637570544.3471766, 1637570544.6281893, 1637570544.9752488, 1637570545.3256686, 1637570545.7269442, 1637570546.0950959, 1637570546.5478895, 1637570546.8401554, 1637570619.7243776, 1637570620.017323, 1637570620.2930923, 1637570620.5718908, 1637570620.8570569, 1637570621.2652617, 1637570621.5520012, 1637570621.805621, 1637570622.0699723, 1637570622.374141, 1637570622.63905, 1637570622.9282742, 1637570623.1937907, 1637570623.4616005, 1637570623.7342176, 1637570624.0090363, 1637570624.3423622, 1637570624.6181347, 1637570624.8709598, 1637570625.1291778, 1637570625.4266942, 1637570625.7194335, 1637570625.9827507, 1637570626.2506313, 1637570626.5008078, 1637570626.7989032, 1637570695.1248698, 1637570695.3657799, 1637570695.6154637, 1637570695.8933415, 1637570696.140949, 1637570696.4029477, 1637570696.6537058, 1637570696.8921733, 1637570697.197078, 1637570697.4232366, 1637570697.6847873, 1637570698.073099, 1637570698.341979, 1637570698.6208546, 1637570698.8881261, 1637570699.1909404, 1637570699.4644012, 1637570699.7316787, 1637570699.9632976, 1637570700.242576, 1637570700.499793, 1637570700.7413883, 1637570700.9666557, 1637570701.2198057, 1637570701.4892857, 1637570770.672708, 1637570770.9103835, 1637570771.1604013, 1637570771.391712, 1637570771.7631283, 1637570772.002888, 1637570772.275888, 1637570772.55347, 1637570772.7897334, 1637570773.0996785, 1637570773.3468676, 1637570773.6041884, 1637570773.8366275, 1637570774.1119056, 1637570774.3842087, 1637570774.6595168, 1637570774.8844984, 1637570775.1506245, 1637570775.4095616, 1637570775.7063549, 1637570776.0004935, 1637570776.2347565, 1637570776.4988508, 1637570776.8359404, 1637570777.117107, 1637570777.3669264, 1637570777.6283162],