{"initial_reset_timestamp": 1637613936.4760911, "timestamps": [1637613942.2249277, 1637613942.7360294, 1637613943.4623206, 1637613944.1737194, 1637613944.8323271, 1637613945.4796371, 1637613951.8196933, 1637613952.4674819, 1637613953.0801487, 1637613953.7403245, 1637613954.3406012, 1637613954.9836028, 1637613955.6247861, 1637613963.1361148, 1637613966.4198225, 1637613969.6891568, 1637613972.99051, 1637613976.2505162, 1637613979.5135233, 1637613982.7948384, 1637613991.5448384, 1637613994.8208194, 1637613998.092066, 1637614001.3568916, 1637614004.5932105, 1637614007.8781722, 1637614016.5818021, 1637614019.180893, 1637614022.437243, 1637614025.670768, 1637614028.8865933, 1637614032.182775, 1637614035.3831747, 1637614037.662813, 1637614045.0471082, 1637614047.5829372, 1637614050.807468, 1637614054.0273778, 1637614055.250924, 1637614057.417963, 1637614059.562123, 1637614062.7917113, 1637614063.8618624, 1637614071.7924461, 1637614072.5407531, 1637614074.7024755, 1637614075.4745834, 1637614077.8200994, 1637614079.028525, 1637614080.9061286, 1637614081.7119772, 1637614082.9570591, 1637614084.2844157, 1637614085.125939, 1637614087.0793946, 1637614088.2063625, 1637614089.363141, 1637614090.8790355, 1637614093.7116442, 1637614094.8761415, 1637614095.8327954, 1637614103.5556931, 1637614104.9352577, 1637614106.4672873, 1637614107.3712368, 1637614108.96392, 1637614111.4247239, 1637614113.6318233, 1637614114.7946086, 1637614116.4091556, 1637614118.156767, 1637614120.1557064, 1637614122.4277961, 1637614124.2041938, 1637614125.08398, 1637614132.8643584, 1637614134.1322186, 1637614134.9179232, 1637614135.7337348, 1637614136.5867107, 1637614137.5479033, 1637614139.5855336, 1637614141.8322742, 1637614143.4148502, 1637614144.2713861, 1637614145.1739054, 1637614145.9646435, 1637614147.2668061, 1637614149.396294, 1637614150.3672931, 1637614151.9661179, 1637614153.0273077, 1637614154.1095955, 1637614155.843915, 1637614162.7291577, 1637614163.4167356, 1637614164.470438, 1637614165.8053482, 1637614167.1899865, 1637614168.6157684, 1637614169.5523484, 1637614170.5012167, 1637614171.7404866, 1637614172.7606885, 1637614173.8090978, 1637614174.7340202, 1637614176.2352548, 1637614177.1612992, 1637614178.5561054, 1637614180.2356088, 1637614181.3589053, 1637614182.7340896, 1637614184.1191964, 1637614185.1426609, 1637614186.4812026, 1637614192.9473534, 1637614194.1450958, 1637614195.856336, 1637614197.046848, 1637614197.9953604, 1637614199.3026595, 1637614200.8589334, 1637614201.6680179, 1637614202.4804606, 1637614203.8670032, 1637614205.4720495, 1637614206.2350774, 1637614207.4928575, 1637614208.4681892, 1637614209.5444164, 1637614210.8124454, 1637614211.940325, 1637614213.461499, 1637614214.630681, 1637614215.5763655, 1637614216.7105718, 1637614223.160372, 1637614224.7375245, 1637614225.8200436, 1637614227.0003197, 1637614227.7021632, 1637614228.7008393, 1637614229.683751, 1637614230.78346, 1637614231.732311, 1637614233.2379782, 1637614234.4769127, 1637614236.3401566, 1637614237.1495051, 1637614237.9534798, 1637614239.1005557, 1637614239.8569741, 1637614240.7370825, 1637614241.3790326, 1637614242.2420247, 1637614243.4017394, 1637614244.8142962, 1637614246.0264075, 1637614247.3189335, 1637614248.1302116, 1637614254.1636696, 1637614254.878345, 1637614255.5905592, 1637614256.3791378, 1637614257.5938408, 1637614258.4567025, 1637614259.416569, 1637614260.2419353, 1637614261.2341573, 1637614262.2507396, 1637614263.0416892, 1637614263.8455036, 1637614264.8202503, 1637614265.6264896, 1637614266.837019, 1637614267.8771815, 1637614268.5389502, 1637614269.2005124, 1637614270.1559846, 1637614271.1568484, 1637614272.0409875, 1637614272.7373717, 1637614273.396906, 1637614274.1539516, 1637614275.129833, 1637614276.0648308, 1637614276.8007195, 1637614277.6292403, 1637614278.6726363, 1637614279.4648707, 1637614280.466151, 1637614286.7013245, 1637614287.7797058, 1637614288.8214598, 1637614289.7581296, 1637614290.8333402, 1637614291.5417225, 1637614292.4499915, 1637614293.1399186, 1637614293.9730787, 1637614294.7761278, 1637614295.5947592, 1637614296.327158, 1637614297.2325838, 1637614298.3681638, 1637614299.220135, 1637614300.2848618, 1637614301.1394646, 1637614301.984909, 1637614302.8901973, 1637614303.5073736, 1637614304.765413, 1637614305.5981069, 1637614306.8122396, 1637614307.833336, 1637614308.7456446, 1637614309.3493073, 1637614310.5733466, 1637614311.6733649, 1637614312.5127063, 1637614313.3389335, 1637614319.6342843, 1637614320.5033514, 1637614321.502053, 1637614322.295778, 1637614323.1298742, 1637614323.8748372, 1637614324.8390865, 1637614325.8276362, 1637614326.6741898, 1637614327.6098258, 1637614328.26609, 1637614329.287752, 1637614330.1184525, 1637614331.174416, 1637614331.9062717, 1637614332.7039587, 1637614333.4456072, 1637614334.302498, 1637614335.1121662, 1637614335.7763467, 1637614336.6912334, 1637614337.5040894, 1637614338.2403862, 1637614339.0671713, 1637614340.2901359, 1637614341.5073955, 1637614342.4455545, 1637614343.1456373, 1637614343.9477854, 1637614344.7035494, 1637614345.6439517, 1637614346.5676508, 1637614352.4531295, 1637614353.4390388, 1637614354.0719526, 1637614354.9043543, 1637614356.0105133, 1637614356.7285645, 1637614357.9082086, 1637614358.875996, 1637614359.5963602, 1637614360.6238735, 1637614361.3699465, 1637614362.131167, 1637614363.1018047, 1637614364.1145031, 1637614364.8641644, 1637614365.7884674, 1637614366.5182369, 1637614367.3730729, 1637614368.35493, 1637614369.084878, 1637614369.6876826, 1637614370.7028332, 1637614371.6721995, 1637614373.1152515, 1637614374.0483358, 1637614374.905016, 1637614376.127951, 1637614377.0653281, 1637614378.2924333, 1637614384.4128804, 1637614385.5855398, 1637614386.5022266, 1637614387.868962, 1637614388.671785, 1637614389.6738048, 1637614390.39551, 1637614390.9693255, 1637614391.7943504, 1637614392.6378634, 1637614393.525104, 1637614394.1187234, 1637614394.9459755, 1637614396.1768894, 1637614397.0332048, 1637614398.1139798, 1637614398.8356552, 1637614399.5943956, 1637614400.3188672, 1637614401.167307, 1637614401.8798783, 1637614402.6750424, 1637614403.301611, 1637614404.0374832, 1637614404.929251, 1637614405.634522, 1637614406.401169, 1637614407.2568812, 1637614408.3176093, 1637614409.4245071, 1637614410.1663666, 1637614411.050726, 1637614417.816413, 1637614418.8193002, 1637614419.6274471, 1637614420.5239758, 1637614421.5218594, 1637614422.362838, 1637614423.1471474, 1637614424.0714524, 1637614425.1570964, 1637614426.0023005, 1637614426.8853555, 1637614427.7024717, 1637614428.4390204, 1637614429.258943, 1637614430.0274932, 1637614430.9206474, 1637614431.8810332, 1637614432.6300807, 1637614433.50788, 1637614434.2852664, 1637614435.1464453, 1637614435.9000971, 1637614436.7541482, 1637614437.5056016, 1637614438.1696792, 1637614438.9132884, 1637614439.7322495, 1637614440.8331976, 1637614441.752137, 1637614442.5929515, 1637614443.3331382, 1637614451.3885303, 1637614452.0663579, 1637614452.8276067, 1637614453.4901218, 1637614454.1711323, 1637614454.8904884, 1637614455.658801, 1637614456.4429536, 1637614457.3193562, 1637614458.2382064, 1637614459.0755618, 1637614459.6608412, 1637614460.472891, 1637614461.3505812, 1637614462.2630305, 1637614462.9984765, 1637614463.9390357, 1637614464.584894, 1637614465.668651, 1637614466.6415052, 1637614467.5540557, 1637614468.2635412, 1637614468.9618027, 1637614469.7457044, 1637614470.5031064, 1637614471.2258024, 1637614471.9583416, 1637614472.5206919, 1637614473.2795472, 1637614474.017298, 1637614474.8407323, 1637614475.4637043, 1637614476.2689726, 1637614476.9740462, 1637614477.8397362, 1637614478.4649074, 1637614479.3914452, 1637614487.0049996, 1637614487.950704, 1637614488.967414, 1637614489.7612941, 1637614490.5219984, 1637614491.3583584, 1637614492.180226, 1637614492.995614, 1637614494.1270137, 1637614495.051155, 1637614495.958569, 1637614497.1010344, 1637614497.9800122, 1637614498.9384558, 1637614499.6717813, 1637614500.3833551, 1637614501.1783335, 1637614502.0095117, 1637614502.8938024, 