{"initial_reset_timestamp": 1637613938.3348784, "timestamps": [1637613938.8574233, 1637613939.3898337, 1637613939.9380853, 1637613940.4734106, 1637613941.049529, 1637613941.5751626, 1637613942.1116462, 1637613948.0734878, 1637613948.6248338, 1637613949.1672409, 1637613949.6932783, 1637613950.0839841, 1637613950.6089382, 1637613951.154031, 1637613951.6790054, 1637613958.076754, 1637613958.7053995, 1637613959.256927, 1637613959.7785182, 1637613960.322971, 1637613960.8514807, 1637613961.3931994, 1637613961.9433062, 1637613986.0171742, 1637613986.5674942, 1637613987.0981925, 1637613987.6528668, 1637613988.1864994, 1637613988.7389565, 1637613989.279189, 1637614013.1251173, 1637614013.6730971, 1637614014.217273, 1637614014.7548923, 1637614015.3105483, 1637614015.8673592, 1637614016.4054894, 1637614040.5232017, 1637614041.0366101, 1637614041.5731559, 1637614042.0947661, 1637614042.6311064, 1637614043.1579485, 1637614043.6938624, 1637614068.0986736, 1637614068.5926223, 1637614069.1279006, 1637614069.5843701, 1637614070.0887992, 1637614070.6511617, 1637614071.2095757, 1637614071.7629404, 1637614098.1773617, 1637614098.5507767, 1637614098.9801946, 1637614099.4368498, 1637614099.8429813, 1637614100.3830535, 1637614100.9207883, 1637614101.4491446, 1637614101.8934133, 1637614102.3882074, 1637614127.7997239, 1637614128.1244605, 1637614128.537904, 1637614128.894399, 1637614129.417323, 1637614129.9037201, 1637614130.3213136, 1637614130.8204772, 1637614131.297162, 1637614131.7413583, 1637614132.257851, 1637614158.705372, 1637614159.256097, 1637614159.8036108, 1637614160.3161283, 1637614160.7347455, 1637614161.2610822, 1637614161.8054094, 1637614162.3890803, 1637614189.50859, 1637614190.014395, 1637614190.5386498, 1637614191.06669, 1637614191.5925694, 1637614192.0986078, 1637614192.6138291, 1637614219.7135794, 1637614220.230961, 1637614220.774923, 1637614221.300622, 1637614221.9280944, 1637614222.4356673, 1637614222.956867, 1637614250.723222, 1637614251.239411, 1637614251.7554762, 1637614252.2771258, 1637614252.8079176, 1637614253.324277, 1637614253.9570677, 1637614283.315194, 1637614283.8837779, 1637614284.399226, 1637614284.9237137, 1637614285.4482396, 1637614285.9761589, 1637614286.49574, 1637614315.7985613, 1637614316.3333063, 1637614316.8649085, 1637614317.3871484, 1637614317.9101815, 1637614318.4371445, 1637614318.7670403, 1637614319.2789555, 1637614348.9400146, 1637614349.4553404, 1637614349.9789054, 1637614350.494819, 1637614351.0279667, 1637614351.5382328, 1637614352.0622902, 1637614380.8340006, 1637614381.3495288, 1637614381.8670764, 1637614382.3374572, 1637614382.8571436, 1637614383.3771622, 1637614383.9298792, 1637614413.4910755, 1637614414.002913, 1637614414.3731594, 1637614414.9078164, 1637614415.4192107, 1637614415.9547822, 1637614416.476274, 1637614416.9770422, 1637614445.9880495, 1637614446.3399165, 1637614446.6122942, 1637614447.1204178, 1637614447.4443822, 1637614447.8766718, 1637614448.2801447, 1637614448.6819036, 1637614449.110084, 1637614449.4492402, 1637614449.7927728, 1637614450.1147077, 1637614450.5398643, 1637614450.951521, 1637614451.3207989, 1637614481.768739, 1637614482.1160948, 1637614482.4524534, 1637614482.797035, 1637614483.234784, 1637614483.75884, 1637614484.0818658, 1637614484.4903183, 1637614484.8087375, 1637614485.1501184, 1637614485.5422199, 1637614485.901603, 1637614486.2441447, 1637614486.7968729, 1637614516.4476402, 1637614516.773203, 1637614517.1576347, 1637614517.5643384, 1637614517.9149697, 1637614518.2333112, 1637614518.5924072, 1637614518.8881469, 1637614519.200761, 1637614519.5635374, 1637614519.9115434, 1637614520.3063936, 1637614520.5880885, 1637614520.941493, 1637614521.2812917, 1637614521.6116388, 1637614521.9573753, 1637614522.2657356, 1637614522.5583563, 1637614523.0955749, 1637614553.3715568, 1637614553.6832478, 1637614554.1384318, 1637614554.4549453, 1637614554.871255, 1637614555.188322, 1637614555.4660938, 1637614555.8934636, 1637614556.2061498, 1637614556.4888525, 1637614556.7990248, 1637614557.148167, 1637614557.5541816, 1637614557.9501536, 1637614558.256211, 1637614558.5639076, 1637614558.8793533, 1637614559.1591568, 1637614559.4752462, 1637614559.8183055, 1637614560.1666646, 1637614590.4790564, 1637614590.774816, 1637614591.0748024, 1637614591.3873513, 1637614591.6861646, 1637614591.985574, 1637614592.2989726, 1637614592.7817943, 1637614593.0939715, 1637614593.4345088, 1637614593.899835, 1637614594.3340907, 1637614594.7032182, 1637614595.0380049, 1637614595.3283536, 1637614595.7641594, 1637614596.0472987, 1637614596.3585093, 1637614596.648857, 1637614597.075345, 1637614626.8852909, 1637614627.201539, 1637614627.5529757, 1637614627.9865575, 1637614628.4250064, 1637614628.840293, 1637614629.3263497, 1637614629.6519115, 1637614629.9959977, 1637614630.2837496, 1637614630.6437793, 1637614630.98831, 1637614631.3119793, 1637614631.653306, 1637614632.0188272, 1637614632.3922353, 1637614632.7366455, 1637614633.041194], "episode_lengths": [150, 150, 150, 150, 150, 150, 150, 150, 150, 150, 150, 66, 150, 150, 150, 54, 150, 150, 150, 150, 150, 150, 150, 150, 150, 150, 150, 150, 150, 150, 150, 150, 150, 150, 150, 150, 150, 150, 150, 150, 150, 150, 150, 150, 150, 129, 150, 109, 130, 150, 150, 150, 103, 62, 96, 55, 80, 150, 150, 150, 95, 133, 65, 39, 80, 35, 150, 125, 83, 134, 121, 102, 137, 102, 150, 150, 137, 81, 150, 150, 150, 150, 150, 150, 150, 150, 150, 150, 150, 150, 150, 150, 150, 150, 150, 150, 150, 150, 150, 150, 150, 150, 150, 150, 150, 150, 150, 150, 150, 150, 150, 150, 150, 150, 150, 45, 150, 150, 150, 150, 150, 150, 150, 150, 150, 150, 150, 124, 150, 150, 150, 123, 150, 72, 150, 150, 150, 150, 150, 68, 60, 19, 150, 44, 105, 87, 50, 97, 54, 51, 48, 34, 82, 71, 30, 56, 52, 56, 110, 150, 51, 88, 47, 55, 71, 59, 43, 150, 52, 46, 75, 82, 51, 41, 62, 32, 40, 57, 59, 81, 24, 57, 50, 47, 30, 34, 31, 150, 46, 40, 118, 42, 88, 43, 24, 93, 43, 28, 32, 57, 30, 79, 38, 40, 34, 25, 44, 53, 64, 51, 28, 34, 36, 31, 32, 42, 66, 44, 51, 119, 97, 68, 52, 29, 95, 23, 35, 27, 75, 55, 39, 53, 107, 94, 91, 73, 46, 50, 22, 66, 51, 39, 45, 53, 63, 47, 28], "episode_rewards": [-150.0, -150.0, -150.0, -150.0, -150.0, -150.0, -150.0, -150.0, -150.0, -150.0, -150.0, -65.0, -150.0, -150.0, -150.0, -53.0, -150.0, -150.0, -150.0, -150.0, -150.0, -150.0, -150.0, -150.0, -150.0, -150.0, -150.0, -150.0, -150.0, -150.0, -150.0, -150.0, -150.0, -150.0, -150.0, -150.0, -150.0, -150.0, -150.0, -150.0, -150.0, -150.0, -150.0, -150.0, -150.0, -128.0, -150.0, -108.0, -129.0, -150.0, -150.0, -150.0, -102.0, -61.0, -95.0, -54.0, -79.0, -150.0, -150.0, -150.0, -94.0, -132.0, -64.0, -38.0, -79.0, -34.0, -150.0, -124.0, -82.0, -133.0, -120.0, -101.0, -136.0, -101.0, -150.0, -150.0, -136.0, -80.0, -150.0, -150.0, -150.0, -150.0, -150.0, -150.0, -150.0, -150.0, -150.0, -150.0, -150.0, -150.0, -150.0, -150.0, -150.0, -150.0, -150.0, -150.0, -150.0, -150.0, -150.0, -150.0, -150.0, -150.0, -150.0, -150.0, -150.0, -150.0, -150.0, -150.0, -150.0, -150.0, -150.0, -150.0, -150.0, -150.0, -150.0, -44.0, -150.0, -150.0, -150.0, -150.0, -150.0, -150.0, -150.0, -150.0, -150.0, -150.0, -150.0, -123.0, -150.0, -150.0, -150.0, -122.0, -150.0, -71.0, -150.0, -150.0, -150.0, -150.0, -150.0, -67.0, -59.0, -18.0, -150.0, -43.0, -104.0, -86.0, -49.0, -96.0, -53.0, -50.0, -47.0, -33.0, -81.0, -70.0, -29.0, -55.0, -51.0, -55.0, -109.0, -150.0, -50.0, -87.0, -46.0, -54.0, -70.0, -58.0, -42.0, -150.0, -51.0, -45.0, -74.0, -81.0, -50.0, -40.0, -61.0, -31.0, -39.0, -56.0, -58.0, -80.0, -23.0, -56.0, -49.0, -46.0, -29.0, -33.0, -30.0, -150.0, -45.0, -39.0, -117.0, -41.0, -87.0, -42.0, -23.0, -92.0, -42.0, -27.0, -31.0, -56.0, -29.0, -78.0, -37.0, -39.0, -33.0, -24.0, -43.0, -52.0, -63.0, -50.0, -27.0, -33.0, -35.0, -30.0, -31.0, -41.0, -65.0, -43.0, -50.0, -118.0, -96.0, -67.0, -51.0, -28.0, -94.0, -22.0, -34.0, -26.0, -74.0, -54.0, -38.0, -52.0, -106.0, -93.0, -90.0, -72.0, -45.0, -49.0, -21.0, -65.0, -50.0, -38.0, -44.0, -52.0, -62.0, -46.0, -27.0],