{"initial_reset_timestamp": 1637212482.63214, "timestamps": [1637212490.6598113, 1637212490.9894476, 1637212491.3215864, 1637212491.6644263, 1637212492.0250823, 1637212492.5325918, 1637212493.0580928, 1637212493.5090976, 1637212493.9624336, 1637212494.4150035, 1637212494.8644383, 1637212495.3223984, 1637212495.7782102, 1637212496.2203174, 1637212496.692846, 1637212497.1703005, 1637212497.609416, 1637212498.056136, 1637212498.4909227, 1637212498.9291406, 1637212508.152138, 1637212508.593127, 1637212509.0357568, 1637212509.486717, 1637212510.0623872, 1637212510.5115356, 1637212510.9508014, 1637212511.3950865, 1637212511.823376, 1637212512.2597108, 1637212512.686578, 1637212513.128184, 1637212513.5576863, 1637212513.998741, 1637212514.4326296, 1637212514.8584673, 1637212515.2971177, 1637212515.7317634, 1637212516.2318926, 1637212516.683244], "episode_lengths": [50, 50, 50, 50, 50, 50, 50, 50, 50, 50, 50, 50, 50, 50, 50, 50, 50, 50, 50, 50, 50, 50, 50, 50, 50, 50, 50, 50, 50, 50, 50, 50, 50, 50, 50, 50, 50, 50, 50, 50], "episode_rewards": [-50.0, -50.0, -50.0, -50.0, -50.0, -50.0, -50.0, -50.0, -50.0, -50.0, -50.0, -50.0, -50.0, -50.0, -50.0, -50.0, -50.0, -50.0, -50.0, -50.0, -50.0, -50.0, -50.0, -50.0, -50.0, -50.0, -50.0, -50.0, -50.0, -50.0, -50.0, -50.0, -50.0, -50.0, -50.0, -50.0, -50.0, -50.0, -50.0, -50.0], "episode_types": ["t", "t", "t", "t", "t", "t", "t", "t", "t", "t", "t", "t", "t", "t", "t", "t", "t", "t", "t", "t", "t", "t", "t", "t", "t", "t", "t", "t", "t", "t", "t", "t", "t", "t", "t", "t", "t", "t", "t", "t", "t"]}