{"initial_reset_timestamp": 1637212482.9601223, "timestamps": [1637212483.3185072, 1637212483.6705666, 1637212484.024742, 1637212484.371421, 1637212484.7337694, 1637212485.0848703, 1637212485.4277823, 1637212485.8383667, 1637212486.2000465, 1637212486.5575075, 1637212486.904914, 1637212487.2556596, 1637212487.7248042, 1637212488.1099691, 1637212488.4536872, 1637212488.8183937, 1637212489.1997313, 1637212489.56803, 1637212489.9139655, 1637212490.2610915, 1637212490.6253095, 1637212501.1693168, 1637212501.5178244, 1637212501.8720536, 1637212502.2230446, 1637212502.5903254, 1637212502.9441507, 1637212503.3051414, 1637212503.6542046, 1637212504.0440824, 1637212504.4264266, 1637212504.7955065, 1637212505.154751, 1637212505.4993863, 1637212505.863984, 1637212506.2152047, 1637212506.5624127, 1637212506.920307, 1637212507.2642174, 1637212507.6642787, 1637212508.0153658, 1637212518.9322965, 1637212519.2820811, 1637212519.6457944, 1637212520.004028, 1637212520.3922865, 1637212520.76339, 1637212521.1376069, 1637212521.47976, 1637212521.826667, 1637212522.1831787, 1637212522.5372846, 1637212522.8905876, 1637212523.3025753, 1637212523.650563, 1637212523.999006, 1637212524.355644, 1637212524.7089772, 1637212525.1900895, 1637212525.5627594, 1637212525.945648], "episode_lengths": [50, 50, 50, 49, 50, 50, 50, 50, 50, 50, 50, 50, 44, 50, 50, 50, 50, 50, 50, 50, 47, 50, 50, 50, 50, 50, 50, 50, 50, 50, 50, 50, 50, 50, 50, 50, 50, 50, 50, 50, 50, 50, 50, 50, 50, 50, 50, 50, 50, 50, 50, 50, 50, 50, 50, 50, 50, 50, 50, 50, 50], "episode_rewards": [-50.0, -50.0, -50.0, -48.0, -50.0, -50.0, -50.0, -50.0, -50.0, -50.0, -50.0, -50.0, -43.0, -50.0, -50.0, -50.0, -50.0, -50.0, -50.0, -50.0, -46.0, -50.0, -50.0, -50.0, -50.0, -50.0, -50.0, -50.0, -50.0, -50.0, -50.0, -50.0, -50.0, -50.0, -50.0, -50.0, -50.0, -50.0, -50.0, -50.0, -50.0, -50.0, -50.0, -50.0, -50.0, -50.0, -50.0, -50.0, -50.0, -50.0, -50.0, -50.0, -50.0, -50.0, -50.0, -50.0, -50.0, -50.0, -50.0, -50.0, -50.0], "episode_types": ["t", "t", "t", "t", "t", "t", "t", "t", "t", "t", "t", "t", "t", "t", "t", "t", "t", "t", "t", "t", "t", "t", "t", "t", "t", "t", "t", "t", "t", "t", "t", "t", "t", "t", "t", "t", "t", "t", "t", "t", "t", "t", "t", "t", "t", "t", "t", "t", "t", "t", "t", "t", "t", "t", "t", "t", "t", "t", "t", "t", "t"]}