{"initial_reset_timestamp": 1637444517.8750856, "timestamps": [1637444520.9586492, 1637444521.4104013, 1637444522.063281, 1637444522.6807823, 1637444523.2708032, 1637444523.867533, 1637444528.6057003, 1637444529.2155457, 1637444529.8211813, 1637444530.410222, 1637444530.776052, 1637444531.3556755, 1637444531.9329112], "episode_lengths": [150, 150, 145, 150, 150, 150, 150, 150, 150, 150, 61, 150, 150], "episode_rewards": [-150.0, -150.0, -144.0, -150.0, -150.0, -150.0, -150.0, -150.0, -150.0, -150.0, -60.0, -150.0, -150.0], "episode_types": ["t", "t", "t", "t", "t", "t", "t", "t", "t", "t", "t", "t", "t", "t"]}