{"initial_reset_timestamp": 1637444518.0998056, "timestamps": [1637444518.4913967, 1637444518.8847406, 1637444519.2683485, 1637444519.6536229, 1637444520.093845, 1637444520.4800494, 1637444520.8678253, 1637444526.154409, 1637444526.5322983, 1637444526.9147491, 1637444527.3411944, 1637444527.727904, 1637444528.1168718, 1637444528.4924762, 1637444534.3537815, 1637444534.7379613, 1637444535.1183624, 1637444535.4985704, 1637444535.9884732, 1637444536.382676, 1637444536.7811484], "episode_lengths": [150, 150, 150, 150, 150, 150, 150, 150, 150, 150, 150, 150, 150, 150, 150, 150, 150, 150, 150, 150, 150], "episode_rewards": [-150.0, -150.0, -150.0, -150.0, -150.0, -150.0, -150.0, -150.0, -150.0, -150.0, -150.0, -150.0, -150.0, -150.0, -150.0, -150.0, -150.0, -150.0, -150.0, -150.0, -150.0], "episode_types": ["t", "t", "t", "t", "t", "t", "t", "t", "t", "t", "t", "t", "t", "t", "t", "t", "t", "t", "t", "t", "t"]}