{"initial_reset_timestamp": 1637572793.8668234, "timestamps": [1637572797.031322, 1637572797.439194, 1637572798.1056461, 1637572798.7433255, 1637572799.4165785, 1637572799.994244, 1637572804.915947, 1637572805.4971387, 1637572806.0691044, 1637572806.6845586, 1637572807.2723684, 1637572807.8387787, 1637572808.4318094, 1637572817.969641, 1637572826.785768, 1637572835.6093712, 1637572844.572485, 1637572853.4840367, 1637572862.7011206, 1637572872.0249493, 1637572885.8020484, 1637572895.4997072, 1637572904.9934826, 1637572914.1801047, 1637572923.2700121, 1637572931.6563535, 1637572945.8065426, 1637572954.7674677, 1637572963.489035, 1637572969.0486908, 1637572976.0897853, 1637572979.3384387, 1637572982.6514597, 1637572990.7143927, 1637573000.1254458, 1637573013.861179, 1637573019.0023084, 1637573024.4309425, 1637573033.8006566, 1637573042.495451, 1637573051.5647442, 1637573055.7565901, 1637573064.9420128, 1637573078.952813, 1637573087.8476396, 1637573096.7038162, 1637573103.9716547, 1637573109.862622, 1637573118.9588952, 1637573120.8588674, 1637573125.8821998, 1637573128.2607217, 1637573137.4180248, 1637573146.5159655, 1637573151.1937635, 1637573156.0063493, 1637573162.1423542, 1637573165.691545, 1637573172.761172, 1637573178.0952773, 1637573183.7219186, 1637573191.8817434, 1637573198.6487534, 1637573210.2739623, 1637573219.1459854, 1637573223.122956, 1637573228.5010684, 1637573233.9701371, 1637573238.3461435, 1637573244.736482, 1637573246.9331353, 1637573248.7621562, 1637573254.522049, 1637573258.351725, 1637573260.577659, 1637573264.02874, 1637573265.8770354, 1637573267.8139913, 1637573270.6231585, 1637573277.3276691, 1637573279.717147, 1637573283.7781067, 1637573286.8352432, 1637573289.9153256, 1637573292.3483403, 1637573295.8290412, 1637573298.1269968, 1637573304.4675963, 1637573306.9227197, 1637573310.6486983, 1637573313.102128, 1637573316.7358694, 1637573319.8582823, 1637573322.071343, 1637573324.6197898, 1637573327.459804, 1637573329.3316197, 1637573331.594741, 1637573334.110638, 1637573335.907628, 1637573337.8964427, 1637573339.9810843, 1637573348.2429652, 1637573350.6572602, 1637573353.6209476, 1637573357.1272008, 1637573360.9645026, 1637573364.359477, 1637573366.7640324, 1637573370.963197, 1637573374.4185035, 1637573376.9238431, 1637573379.4173913, 1637573382.3989067, 1637573385.4326763, 1637573386.9196608, 1637573388.7359548, 1637573390.9150875, 1637573394.63592, 1637573398.5960455, 1637573400.7952952, 1637573404.3334818, 1637573410.3587224, 1637573415.035371, 1637573418.4901295, 1637573428.5565975, 1637573430.4488738, 1637573433.0073223, 1637573435.9889615, 1637573438.1604776, 1637573440.5202284, 1637573442.5818582, 1637573444.9630382, 1637573447.2242804, 1637573450.6247993, 1637573452.271144, 1637573455.4173567, 1637573457.9526365, 1637573460.225064, 1637573462.8420541, 1637573465.183167, 1637573466.8337305, 1637573469.5703619, 1637573471.8133867, 1637573474.9034371, 1637573477.2388954, 1637573479.1424882, 1637573481.456206, 1637573483.8928127, 1637573486.7159705, 1637573490.0066526, 1637573492.0053475, 1637573494.3130856, 1637573496.8514972, 1637573498.4430046, 1637573500.9069805, 1637573509.646632, 1637573511.9589014, 1637573514.6422927, 1637573517.8978643, 1637573520.4478748, 1637573521.7658796, 1637573523.687372, 1637573526.0694141, 1637573528.3719246, 1637573530.7534063, 1637573533.185251, 1637573534.8957036, 1637573537.4725914, 1637573539.5551066, 1637573542.6744711, 1637573545.123559, 1637573546.9790425, 1637573548.7121496, 1637573551.346121, 1637573554.3876467, 1637573556.6432798, 1637573559.262075, 1637573561.183451, 1637573563.6000235, 1637573565.4512897, 1637573567.1493785, 1637573569.6979804, 1637573572.3817239, 1637573574.68011, 1637573579.1621697, 1637573582.5203202, 1637573589.7874875, 1637573592.5275793, 1637573594.7170954, 1637573597.6202657, 1637573601.36922, 1637573603.328879, 1637573605.8290222, 1637573607.8636909, 1637573610.0402658, 1637573612.3616166, 1637573613.9972405, 1637573615.703589, 1637573617.7273152, 1637573619.6225486, 1637573621.7105215, 1637573624.6823168, 1637573626.871804, 1637573629.25511, 1637573630.8809018, 1637573634.054171, 1637573636.281583, 1637573638.988609, 1637573640.8574426, 1637573643.7119741, 1637573646.577431, 1637573649.3420296, 1637573653.7669063, 1637573655.7747838, 1637573657.3472488, 1637573659.9403124, 1637573661.5777113, 1637573669.4663036, 1637573671.702531, 1637573673.8913398, 1637573676.402709, 1637573677.8088465, 1637573680.383666, 1637573683.0192907, 1637573685.1793127, 1637573687.157295, 1637573689.0835533, 1637573690.9735851, 1637573693.4842892, 1637573696.423801, 1637573698.273359, 1637573699.7593436, 1637573702.209099, 1637573704.8803086, 1637573707.3111527, 1637573709.4170713, 1637573711.3319564, 1637573713.3670583, 1637573715.7896852, 1637573717.8582964, 1637573721.6021588, 1637573723.261036, 1637573725.9863572, 1637573727.4499109, 1637573729.2494495, 1637573730.9818645, 1637573733.9189732, 1637573737.5685363, 1637573739.7608812, 1637573741.702591, 1637573743.5983238, 1637573751.43297, 1637573754.0066006, 1637573756.0664427, 1637573758.3136823, 1637573760.4969451, 1637573763.0570385, 1637573764.9311047, 1637573767.3708274, 1637573769.8123875, 1637573772.0405385, 1637573774.1561244, 1637573776.691708, 1637573779.0482213, 1637573781.281171, 1637573783.507145, 1637573785.8090484, 1637573788.2355525, 1637573791.5584452, 1637573793.2874637, 1637573795.1112175, 1637573798.3368719, 1637573800.397562, 1637573802.2418897, 1637573805.2402658, 1637573807.4558015, 1637573809.5780885, 1637573811.7079797, 1637573814.622145, 1637573817.3068695, 1637573819.3103893, 1637573820.9926598, 1637573823.8619246, 1637573831.5777748, 1637573833.3070817, 1637573835.5991793, 1637573837.4007633, 1637573839.8797104, 1637573842.4812074, 1637573845.1837044, 1637573848.1722944, 1637573850.3347251, 1637573853.0896244, 1637573854.56615, 1637573856.4396324, 1637573858.034908, 1637573859.9717484, 1637573861.3114986, 1637573863.7294781, 1637573865.0139987, 1637573866.7668087, 1637573869.359457, 1637573871.6171653, 1637573873.8783438, 1637573876.1271348, 1637573878.5848272, 1637573880.1970255, 1637573881.907806, 1637573883.835527, 1637573885.6090293, 1637573887.2529173, 1637573889.824358, 1637573891.7902987, 1637573893.8947203, 1637573896.9046123, 1637573899.9103806, 1637573908.4677796, 1637573910.5843108, 1637573913.2872198, 1637573915.237119, 1637573918.6639755, 1637573920.8427145, 1637573923.7193449, 1637573926.814689, 1637573928.9718482, 1637573931.3737972, 1637573933.422486, 1637573935.9016635, 1637573938.1437626, 1637573940.595906, 1637573943.3272057, 1637573944.7292507, 1637573947.041946, 1637573949.1031344, 1637573951.3776526, 1637573954.1190217, 1637573956.8595831, 1637573958.888442, 1637573960.9441376, 1637573962.7813892, 1637573965.4054995, 1637573967.9545002, 1637573970.339736, 1637573971.6558254, 1637573975.3293881, 1637573977.0024626, 1637573985.523563, 1637573987.332796, 1637573989.1462817, 1637573991.2092342, 1637573993.3007905, 1637573994.8353326, 1637573997.1066458, 1637573999.097388, 1637574001.2286744, 1637574003.1871712, 1637574005.0027037, 1637574007.2549205, 1637574008.6261814, 1637574010.3235838, 1637574012.11484, 1637574014.4787865, 1637574016.3547323, 1637574018.2463655, 1637574020.1321876, 1637574021.7899668, 1637574024.0160627, 1637574025.826504, 1637574027.845035, 1637574029.9991522, 1637574032.024888, 1637574033.7119572, 1637574035.2007043, 1637574036.8955371, 1637574038.622657, 1637574040.8747935, 1637574042.5682676, 1637574044.6197844, 1637574046.6896474, 1637574049.4708014, 1637574058.6919088, 1637574060.4809978, 1637574062.3920188, 1637574064.0963807, 1637574066.1992655, 1637574067.774981, 1637574069.8387733, 1637574071.482592, 1637574073.0982847, 1637574074.7210917, 1637574076.7423415, 1637574078.6898685, 1637574080.8544443, 1637574082.4272816, 1637574084.7230482, 1637574087.383689, 1637574089.7919128, 1637574092.227049, 1637574094.732694, 1637574097.1299536, 