{"initial_reset_timestamp": 1637572794.0830493, "timestamps": [1637572794.4921608, 1637572794.896694, 1637572795.3157263, 1637572795.727373, 1637572796.1362267, 1637572796.542726, 1637572796.9561646, 1637572802.3483653, 1637572802.7527406, 1637572803.1889482, 1637572803.6018429, 1637572804.014232, 1637572804.4365122, 1637572804.8382237, 1637572810.7316082, 1637572811.1344397, 1637572811.542958, 1637572811.9487069, 1637572812.3601487, 1637572812.763857, 1637572813.232943, 1637572875.227954, 1637572875.6471722, 1637572876.0809424, 1637572876.5258367, 1637572876.948332, 1637572877.3067472, 1637572877.751973, 1637572942.1393347, 1637572942.5610278, 1637572942.9812648, 1637572943.4047987, 1637572943.8393745, 1637572944.1555238, 1637572944.5613284, 1637572944.9130456, 1637573008.4052415, 1637573008.8301356, 1637573009.2421463, 1637573009.6506696, 1637573010.0618296, 1637573010.500106, 1637573010.912932, 1637573074.5768657, 1637573074.979296, 1637573075.3903804, 1637573075.785846, 1637573076.1901767, 1637573076.574738, 1637573076.9975433, 1637573077.2894273, 1637573077.6872015, 1637573140.2517405, 1637573140.6285205, 1637573141.0297976, 1637573141.3675303, 1637573141.7698627, 1637573142.1716201, 1637573142.5751297, 1637573143.0673597, 1637573205.5103128, 1637573205.8720462, 1637573206.1339421, 1637573206.4178288, 1637573206.7509456, 1637573207.0326705, 1637573207.3344715, 1637573207.6733077, 1637573208.097637, 1637573208.4987354, 1637573208.845131, 1637573209.198014, 1637573273.6762977, 1637573274.0828512, 1637573274.449314, 1637573274.8581133, 1637573275.2615383, 1637573275.65027, 1637573276.0690823, 1637573276.3555002, 1637573276.7714257, 1637573344.3978016, 1637573344.7042122, 1637573345.1548486, 1637573345.5563047, 1637573345.8736649, 1637573346.297759, 1637573346.6001287, 1637573346.9119337, 1637573347.3127813, 1637573347.6357028, 1637573423.6283796, 1637573423.9836712, 1637573424.3665106, 1637573424.8168535, 1637573425.2738998, 1637573425.842513, 1637573426.2224097, 1637573426.6896882, 1637573427.0436792, 1637573427.498809, 1637573427.9586525, 1637573505.2861257, 1637573505.5733, 1637573505.8668385, 1637573506.1453662, 1637573506.4625645, 1637573506.873008, 1637573507.2974086, 1637573507.5990627, 1637573507.9542599, 1637573508.2665896, 1637573508.5576568, 1637573509.0183694, 1637573509.452519, 1637573585.3860376, 1637573585.7167668, 1637573586.16507, 1637573586.617889, 1637573586.9329662, 1637573587.2067904, 1637573587.6610777, 1637573588.1394787, 1637573588.5848203, 1637573665.4698925, 1637573665.8648307, 1637573666.307898, 1637573666.737204, 1637573667.141715, 1637573667.4302146, 1637573667.9046164, 1637573668.3918335, 1637573668.8768594, 1637573747.0666292, 1637573747.567369, 1637573748.0347884, 1637573748.4587939, 1637573748.9729967, 1637573749.5059886, 1637573750.251658, 1637573827.237212, 1637573827.6416185, 1637573828.0540016, 1637573828.5113165, 1637573829.048665, 1637573829.432072, 1637573829.8861089, 1637573830.3565152, 1637573830.6986117, 1637573903.519287, 1637573903.9922895, 1637573904.4420671, 1637573904.7073307, 1637573905.1056406, 1637573905.511324, 1637573905.7945285, 1637573906.0519, 1637573906.4287262, 1637573906.8841338, 1637573980.1390948, 1637573980.4304063, 1637573980.7479992, 1637573981.0486434, 1637573981.3952942, 1637573981.8185754, 1637573982.2305493, 1637573982.671487, 1637573982.9341407, 1637573983.3390226, 1637573983.634222, 1637573983.960062, 1637573984.278808, 1637573984.5377636, 1637574052.7830155, 1637574053.01178, 1637574053.3555286, 1637574053.6237793, 1637574053.9282694, 1637574054.1879597, 1637574054.4845917, 1637574054.737161, 1637574055.0369859, 1637574055.3880794, 1637574055.7241874, 1637574056.0708814, 1637574056.5078971, 1637574056.8162632, 1637574057.211529, 1637574057.47684, 1637574057.7689178, 1637574128.0353239, 1637574128.3098528, 1637574128.566536, 1637574128.9616048, 1637574129.2542439, 1637574129.531219, 1637574129.8522959, 1637574130.0923076, 1637574130.3939292, 1637574130.6965916, 1637574130.9653938, 1637574131.1973548, 1637574131.4843142, 1637574131.7451022, 1637574132.0904858, 1637574132.3410923, 1637574132.5989273, 1637574132.8373952, 1637574133.1376817, 1637574133.4454021, 1637574200.8450124, 1637574201.1791778, 1637574201.4358525, 1637574201.7264855, 1637574201.970301, 1637574202.202207, 1637574202.5441668, 1637574202.8027554, 1637574203.0176263, 1637574203.2921104, 1637574203.611874, 1637574203.8946157, 1637574204.145086, 1637574204.4067845, 1637574204.6427808, 1637574204.8993063, 1637574205.2634032, 1637574205.5673096, 1637574205.8312747, 1637574206.079854, 1637574206.3803327, 1637574206.665213, 1637574272.543146, 1637574272.803282, 1637574273.1624072, 1637574273.4502845, 1637574273.7218251, 1637574273.963047, 1637574274.220629, 1637574274.5058572, 1637574274.7868316, 1637574275.0672834, 1637574275.3435931, 1637574275.614833, 1637574276.006881, 1637574276.2567883, 1637574276.5109339, 1637574276.7673388, 1637574277.0959194, 1637574277.3751128, 1637574277.6429453, 1637574277.9168735, 1637574278.1717584, 1637574346.5083208, 1637574346.7545855, 1637574347.041106, 1637574347.3085527, 1637574347.5355098, 1637574347.8079662, 1637574348.1045766, 1637574348.3924568, 1637574348.6284387, 1637574348.8703115, 1637574349.1399121, 1637574349.420875, 1637574349.7234013, 1637574349.9597707, 1637574350.272601, 1637574350.577947, 1637574350.8474402, 1637574351.1436274, 1637574351.4169726, 1637574351.6808481, 1637574352.0192351], "episode_lengths": [150, 150, 150, 150, 150, 150, 150, 150, 150, 150, 150, 150, 150, 150, 150, 150, 150, 150, 150, 150, 150, 150, 150, 150, 150, 150, 107, 150, 150, 150, 150, 150, 150, 74, 150, 106, 150, 150, 150, 150, 150, 150, 150, 48, 150, 150, 118, 150, 130, 150, 65, 150, 150, 108, 150, 102, 150, 150, 146, 150, 58, 121, 38, 60, 70, 57, 66, 100, 150, 146, 69, 108, 97, 135, 118, 150, 150, 133, 150, 61, 150, 150, 59, 150, 133, 66, 150, 64, 64, 128, 63, 53, 54, 75, 83, 89, 150, 72, 123, 65, 131, 142, 47, 57, 55, 46, 60, 121, 150, 59, 95, 42, 35, 144, 150, 124, 55, 150, 150, 43, 33, 150, 150, 145, 150, 94, 150, 150, 92, 28, 150, 150, 150, 150, 150, 150, 111, 150, 150, 150, 111, 111, 113, 150, 88, 97, 150, 150, 68, 119, 150, 150, 43, 145, 150, 42, 37, 112, 150, 46, 59, 65, 65, 109, 150, 83, 71, 32, 61, 71, 89, 82, 38, 94, 25, 63, 41, 74, 36, 59, 41, 48, 76, 77, 84, 69, 76, 45, 33, 64, 44, 44, 37, 41, 59, 39, 64, 32, 60, 64, 50, 30, 55, 42, 108, 33, 34, 25, 66, 83, 51, 113, 42, 59, 39, 26, 35, 41, 19, 50, 67, 37, 42, 44, 29, 41, 39, 66, 50, 32, 59, 62, 67, 41, 98, 55, 46, 31, 35, 60, 45, 35, 59, 44, 56, 36, 32, 38, 76, 36, 48, 48, 39, 33, 31, 55, 32, 27, 42, 68, 58, 23, 24, 42, 47, 76, 28, 54, 78, 49, 76, 47, 43, 98],