{"initial_reset_timestamp": 1637182077.988322, "timestamps": [1637182087.2849922, 1637182087.7902796, 1637182088.1858232, 1637182088.5803447, 1637182088.98482, 1637182089.5541255, 1637182090.0916405, 1637182090.6028905, 1637182091.1452148, 1637182091.6435647, 1637182092.1627405, 1637182092.668275, 1637182093.1756432, 1637182093.6779306, 1637182094.1852329, 1637182094.6789834, 1637182095.192936, 1637182095.705316, 1637182096.2086067, 1637182096.7069175, 1637182107.1491616, 1637182107.7085443, 1637182108.2105403, 1637182108.7319918, 1637182109.2273023, 1637182109.7288506, 1637182110.226714, 1637182110.7320657, 1637182111.230297, 1637182111.7298534, 1637182112.2227597, 1637182112.7294326, 1637182113.2287424, 1637182113.7391732, 1637182114.2304258, 1637182114.7387192, 1637182115.22848, 1637182115.8233685, 1637182116.3348298, 1637182116.8293066], "episode_lengths": [50, 50, 50, 50, 50, 50, 50, 50, 50, 50, 50, 50, 50, 50, 50, 50, 50, 50, 50, 50, 50, 50, 50, 50, 50, 50, 50, 50, 50, 50, 50, 50, 50, 50, 50, 50, 50, 50, 50, 50], "episode_rewards": [-50.0, -50.0, -50.0, -50.0, -50.0, -50.0, -50.0, -50.0, -50.0, -50.0, -50.0, -50.0, -50.0, -50.0, -50.0, -50.0, -50.0, -50.0, -50.0, -50.0, -50.0, -50.0, -50.0, -50.0, -50.0, -50.0, -50.0, -50.0, -50.0, -50.0, -50.0, -50.0, -50.0, -50.0, -50.0, -50.0, -50.0, -50.0, -50.0, -50.0], "episode_types": ["t", "t", "t", "t", "t", "t", "t", "t", "t", "t", "t", "t", "t", "t", "t", "t", "t", "t", "t", "t", "t", "t", "t", "t", "t", "t", "t", "t", "t", "t", "t", "t", "t", "t", "t", "t", "t", "t", "t", "t", "t"]}