{"initial_reset_timestamp": 1637182078.3942885, "timestamps": [1637182078.8369226, 1637182079.2425642, 1637182079.6797206, 1637182080.0953746, 1637182080.504531, 1637182080.9179313, 1637182081.3337703, 1637182081.7446666, 1637182082.2255018, 1637182082.6588829, 1637182083.077468, 1637182083.4931993, 1637182083.8968499, 1637182084.3436232, 1637182084.7634637, 1637182085.1746202, 1637182085.598271, 1637182086.0107813, 1637182086.4235623, 1637182086.8308547, 1637182087.2468336, 1637182099.0756297, 1637182099.5495906, 1637182099.9602616, 1637182100.374795, 1637182100.7915528, 1637182101.1948934, 1637182101.618468, 1637182102.0197387, 1637182102.453733, 1637182102.86927, 1637182103.2906961, 1637182103.7089157, 1637182104.1259272, 1637182104.531202, 1637182104.9231212, 1637182105.3443248, 1637182105.7602096, 1637182106.187968, 1637182106.6074076, 1637182107.01744, 1637182119.2645438, 1637182119.6853678, 1637182120.1000972, 1637182120.5144002, 1637182120.9490817, 1637182121.3643024, 1637182121.7977102, 1637182122.223878, 1637182122.647516, 1637182123.061088, 1637182123.469943, 1637182123.8866017, 1637182124.395721, 1637182124.8217962, 1637182125.2651706, 1637182125.7365856, 1637182126.1473112, 1637182126.555534, 1637182126.96927, 1637182127.3700387], "episode_lengths": [50, 50, 50, 49, 50, 50, 50, 50, 50, 50, 50, 50, 44, 50, 50, 50, 50, 50, 50, 50, 47, 50, 50, 50, 50, 50, 50, 50, 50, 50, 50, 50, 50, 50, 50, 50, 50, 50, 50, 50, 50, 50, 50, 50, 50, 50, 50, 50, 50, 50, 50, 50, 50, 50, 50, 50, 50, 50, 50, 50, 50], "episode_rewards": [-50.0, -50.0, -50.0, -48.0, -50.0, -50.0, -50.0, -50.0, -50.0, -50.0, -50.0, -50.0, -43.0, -50.0, -50.0, -50.0, -50.0, -50.0, -50.0, -50.0, -46.0, -50.0, -50.0, -50.0, -50.0, -50.0, -50.0, -50.0, -50.0, -50.0, -50.0, -50.0, -50.0, -50.0, -50.0, -50.0, -50.0, -50.0, -50.0, -50.0, -50.0, -50.0, -50.0, -50.0, -50.0, -50.0, -50.0, -50.0, -50.0, -50.0, -50.0, -50.0, -50.0, -50.0, -50.0, -50.0, -50.0, -50.0, -50.0, -50.0, -50.0], "episode_types": ["t", "t", "t", "t", "t", "t", "t", "t", "t", "t", "t", "t", "t", "t", "t", "t", "t", "t", "t", "t", "t", "t", "t", "t", "t", "t", "t", "t", "t", "t", "t", "t", "t", "t", "t", "t", "t", "t", "t", "t", "t", "t", "t", "t", "t", "t", "t", "t", "t", "t", "t", "t", "t", "t", "t", "t", "t", "t", "t", "t", "t"]}