{"initial_reset_timestamp": 1637459969.233474, "timestamps": [1637459974.1206067, 1637459974.6324787, 1637459975.3705297, 1637459976.081754, 1637459976.7282705, 1637459977.3682182, 1637459982.5597804, 1637459983.2084446, 1637459983.8701875, 1637459984.4796011, 1637459985.1097426, 1637459985.7573035, 1637459986.389204, 1637459991.6685193, 1637459992.3254073, 1637459992.987536, 1637459993.6488643, 1637459994.315883, 1637459994.973587, 1637459995.6141279, 1637460000.8073251, 1637460001.4253347, 1637460002.0510879, 1637460002.6860256, 1637460003.3088684, 1637460003.9519994, 1637460009.332725, 1637460009.9664397, 1637460010.5854518, 1637460011.2154183, 1637460011.856858, 1637460012.48636, 1637460013.119562, 1637460018.4618683, 1637460019.1044047, 1637460019.7254176, 1637460020.3552709, 1637460020.9975863, 1637460021.6163788, 1637460022.2636602, 1637460027.542368, 1637460028.1942632, 1637460028.837504, 1637460029.478171, 1637460030.1383858, 1637460030.5928514, 1637460031.259077, 1637460036.5093625, 1637460037.147926, 1637460037.797981, 1637460038.440709, 1637460039.076607, 1637460039.7210371, 1637460044.9664009, 1637460045.727808, 1637460046.346881, 1637460046.987491, 1637460047.6342623, 1637460048.2718172, 1637460048.932011, 1637460054.1396856, 1637460054.7584286, 1637460055.4043393, 1637460056.0580068, 1637460056.701629, 1637460057.3259242, 1637460058.0202262, 1637460064.3155453, 1637460066.9901485, 1637460069.6853468, 1637460072.3068511, 1637460074.876539, 1637460077.5363052, 1637460080.113401, 1637460087.4413073, 1637460090.0244882, 1637460092.701322, 1637460094.1287804, 1637460096.7453988, 1637460099.3842099, 1637460101.9789963, 1637460109.3011765, 1637460111.9524298, 1637460114.592469, 1637460117.2673469, 1637460119.9280398, 1637460122.5506682, 1637460129.7248018, 1637460132.3614469, 1637460134.4689672, 1637460137.1560807, 1637460139.263422, 1637460141.9756079, 1637460143.3630009, 1637460145.5421076, 1637460152.6193652, 1637460154.9911451, 1637460157.3006527, 1637460159.6876636, 1637460162.2280433, 1637460164.674544, 1637460165.7668395, 1637460168.3736975, 1637460174.1248157, 1637460175.5434377, 1637460176.7295203, 1637460178.0349734, 1637460179.1992524, 1637460180.2570238, 1637460182.8833182, 1637460184.856545, 1637460185.833962, 1637460187.4238143, 1637460189.1962419, 1637460190.3858569, 1637460197.6168883, 1637460198.4645374, 1637460200.115559, 1637460202.7501476, 1637460205.4136982, 1637460208.0597227, 1637460209.9336379, 1637460212.533202, 1637460213.686916, 1637460215.1225882, 1637460221.0180564, 1637460222.186389, 1637460223.606741, 1637460226.2693462, 1637460228.1494255, 1637460229.4484825, 1637460231.057158, 1637460232.5149465, 1637460233.2446284, 1637460235.8745818, 1637460237.1813006, 1637460238.1505253, 1637460245.894468, 1637460246.889842, 1637460247.9222617, 1637460248.8195462, 1637460250.4224527, 1637460251.0420206, 1637460251.6374528, 1637460253.3247962, 1637460254.680004, 1637460255.5983856, 1637460256.9805384, 1637460257.77643, 1637460260.3697994, 1637460261.5716844, 1637460262.9334488, 1637460264.097297, 1637460265.4027545, 1637460275.1608772, 1637460276.4467897, 1637460277.3727984, 1637460278.393811, 1637460279.170061, 1637460280.0997148, 1637460281.20554, 1637460281.7555451, 1637460282.7176094, 1637460283.9162064, 1637460284.851018, 1637460285.636638, 1637460286.7897394, 1637460287.9390397, 1637460288.645479, 1637460289.7462173, 1637460290.5321288, 1637460291.6782231, 1637460292.7194383, 1637460293.442848, 1637460305.5543122, 1637460306.5691252, 1637460307.2476437, 1637460307.9218266, 1637460308.655921, 1637460309.328574, 1637460310.0210567, 1637460310.7609167, 1637460311.36079, 1637460313.024562, 1637460313.9659195, 1637460314.7875872, 1637460315.5425391, 1637460316.2185726, 1637460316.9767077, 1637460318.2244217, 1637460318.7657592, 1637460319.5513377, 1637460320.6636422, 1637460321.488281, 1637460323.3029196, 1637460324.5087218, 1637460325.2869244, 1637460326.0484173, 1637460337.0105698, 1637460337.5269115, 1637460338.480779, 1637460339.274371, 1637460340.0317757, 1637460340.8717222, 1637460341.8903913, 1637460342.602392, 1637460343.6530805, 1637460344.2300062, 1637460345.041269, 1637460345.7051313, 1637460346.3398774, 1637460347.1690307, 1637460347.9575922, 1637460348.7645202, 1637460349.6245787, 1637460350.3462617, 1637460351.05058, 1637460352.1251335, 1637460352.9540808, 1637460353.7346997, 1637460354.586011, 1637460355.528016, 1637460356.3290029, 1637460357.0639145, 1637460357.8634746, 1637460358.785833, 1637460370.9571967, 1637460371.8810325, 1637460372.678213, 1637460373.6234229, 1637460374.5761771, 1637460375.2403696, 1637460375.9906437, 1637460377.1775024, 1637460378.0376744, 1637460378.9602764, 1637460379.5311756, 1637460380.2950068, 1637460381.0102382, 1637460381.6967094, 1637460382.4943197, 1637460383.322197, 1637460384.1990693, 1637460384.9446733, 1637460385.821541, 1637460386.9668267, 1637460387.9872613, 1637460389.0155015, 1637460390.0296633, 1637460391.3039331, 1637460402.774223, 1637460403.6263795, 1637460404.329088, 1637460404.9427261, 1637460405.8781605, 1637460407.354514, 1637460408.0010796, 1637460408.979221, 1637460409.682491, 1637460410.425387, 1637460411.3384907, 1637460412.0949056, 1637460412.8074443, 1637460413.394461, 1637460413.9858766, 1637460415.0849795, 1637460415.9890094, 1637460416.8883002, 1637460417.611163, 1637460418.7253609, 1637460419.9986694, 1637460420.817689, 1637460421.6820323, 1637460422.4448013, 1637460423.1281073, 1637460424.3688807, 1637460435.1924975, 1637460436.3302367, 1637460437.1084063, 1637460437.8662326, 1637460438.546685, 1637460439.511813, 1637460440.295654, 1637460441.082344, 1637460442.106555, 1637460442.8856192, 1637460443.7899427, 1637460444.5645812, 1637460445.4867945, 1637460446.0360897, 1637460447.206893, 1637460448.0414267, 1637460448.8417265, 1637460449.6503344, 1637460450.542524, 1637460451.407037, 1637460452.1754024, 1637460453.0465817, 1637460453.8570776, 1637460454.6537704, 1637460455.818096, 1637460468.725811, 1637460469.5135465, 1637460470.3606439, 1637460471.2488542, 1637460472.1373947, 1637460472.7547216, 1637460473.7185273, 1637460474.812051, 1637460475.674665, 1637460476.459623, 1637460477.2578533, 1637460477.924912, 1637460478.8394024, 1637460479.7766347, 1637460480.413764, 1637460481.3159242, 1637460482.127268, 1637460482.9050713, 1637460483.5021555, 1637460484.2237735, 1637460484.9186196, 1637460485.6652453, 1637460486.5747058, 1637460487.271454, 1637460488.222631, 1637460489.3757637, 1637460502.9701848, 1637460503.9898078, 1637460504.5805924, 1637460505.4141371, 1637460506.0185735, 1637460506.9014099, 1637460507.8056157, 1637460508.6446223, 1637460509.2724638, 1637460509.9186206, 1637460511.2905703, 1637460512.0155456, 1637460513.0298855, 1637460513.6183882, 1637460514.4136071, 1637460515.0995827, 1637460515.749204, 1637460516.4303129, 1637460517.258461, 1637460517.9966888, 1637460518.6946347, 1637460519.4264493, 1637460520.328288, 1637460520.9005163, 1637460521.702633, 1637460523.0249007, 1637460523.7978015, 1637460524.6602752, 1637460525.4518929, 1637460536.6237001, 1637460537.4941955, 1637460538.3112075, 1637460538.8935459, 1637460539.701579, 1637460540.2472637, 1637460540.8961916, 1637460541.7047195, 1637460542.2898827, 1637460543.0838692, 1637460543.809217, 1637460544.4132047, 1637460545.4011936, 1637460546.111977, 1637460546.9069264, 1637460547.815754, 1637460548.5273242, 1637460549.383563, 1637460549.8831048, 1637460550.4334733, 1637460551.1944978, 1637460551.9795058, 1637460552.8541965, 1637460553.467232, 1637460554.4036424, 1637460555.1112406, 1637460555.721131, 1637460556.5266018, 1637460557.3125448, 1637460558.1030297, 1637460573.4473457, 1637460574.127022, 1637460574.7265515, 1637460575.34287, 1637460576.1933498, 1637460576.8977835, 1637460577.8272016, 1637460578.5258467, 1637460579.3641574, 1637460580.0802267, 1637460581.0234056, 1637460581.6483982, 1637460582.4298027, 1637460583.0149376, 1637460583.648454, 1637460584.618686, 