{"initial_reset_timestamp": 1637533492.9976475, "timestamps": [1637533493.4912179, 1637533493.9834743, 1637533494.5124865, 1637533495.0754101, 1637533495.6025767, 1637533496.1035023, 1637533496.593536, 1637533502.3393247, 1637533502.8649948, 1637533503.3615825, 1637533503.851556, 1637533504.189401, 1637533504.6814437, 1637533505.183167, 1637533505.6932604, 1637533511.8889296, 1637533512.4385977, 1637533512.9443984, 1637533513.4489677, 1637533513.9347448, 1637533514.4372659, 1637533514.9857502, 1637533515.4797082, 1637533534.3434448, 1637533534.8652043, 1637533535.362635, 1637533535.8567348, 1637533536.3813794, 1637533536.8747454, 1637533537.374608, 1637533557.0292537, 1637533557.5314918, 1637533558.0378919, 1637533558.5298991, 1637533559.0244548, 1637533559.5736046, 1637533560.1308045, 1637533578.9112394, 1637533579.4379559, 1637533579.9442923, 1637533580.4371452, 1637533580.947873, 1637533581.4586978, 1637533581.9523032, 1637533601.3754094, 1637533601.9301646, 1637533602.4504642, 1637533602.9997485, 1637533603.5714893, 1637533604.0842092, 1637533604.5852532, 1637533624.3484826, 1637533624.8286746, 1637533625.300842, 1637533625.7954807, 1637533626.2747571, 1637533626.801552, 1637533627.2976773, 1637533648.435746, 1637533648.9249294, 1637533649.4400573, 1637533649.9857779, 1637533650.445061, 1637533651.0186071, 1637533651.5791261, 1637533671.8344784, 1637533672.3219302, 1637533672.743252, 1637533673.2246761, 1637533673.7487938, 1637533674.0707881, 1637533674.5583475, 1637533675.0481079, 1637533696.9950068, 1637533697.5008886, 1637533697.998914, 1637533698.5165076, 1637533699.0047178, 1637533699.5386822, 1637533700.0691369, 1637533721.0132778, 1637533721.5142913, 1637533722.0077705, 1637533722.51669, 1637533723.003341, 1637533723.5297637, 1637533724.06868, 1637533746.3117733, 1637533746.7964613, 1637533747.304332, 1637533747.7890222, 1637533748.2843046, 1637533748.7924752, 1637533749.3261232, 1637533772.522075, 1637533773.0445573, 1637533773.5267632, 1637533774.0159702, 1637533774.5086372, 1637533775.0143828, 1637533775.6202717, 1637533798.3217483, 1637533798.8133986, 1637533799.308697, 1637533799.8110673, 1637533800.3439243, 1637533800.849897, 1637533801.233181, 1637533801.717827, 1637533825.3045802, 1637533825.8672626, 1637533826.388382, 1637533826.8748643, 1637533827.3729062, 1637533827.8683712, 1637533828.3872635, 1637533853.130169, 1637533853.6296706, 1637533854.1356807, 1637533854.6762178, 1637533855.166235, 1637533855.6663685, 1637533856.2353575, 1637533879.558623, 1637533880.0522325, 1637533880.5561812, 1637533881.0552793, 1637533881.5779445, 1637533882.0961761, 1637533882.626632, 1637533906.151177, 1637533906.6464725, 1637533907.1466353, 1637533907.6473093, 1637533908.1424904, 1637533908.69906, 1637533909.1980398, 1637533934.3622613, 1637533934.9596071, 1637533935.4679134, 1637533935.9308846, 1637533936.485079, 1637533936.9800105, 1637533937.5039115, 1637533962.8420496, 1637533963.2453973, 1637533963.7517433, 1637533964.2436283, 1637533964.7512534, 1637533965.2406194, 1637533965.7374978, 1637533966.23727, 1637533992.6736603, 1637533993.1688874, 1637533993.657806, 1637533994.150151, 1637533994.641177, 1637533995.1642833, 1637533995.674234, 1637534021.226295, 1637534021.7295873, 1637534022.2219715, 1637534022.725507, 1637534023.2174282, 1637534023.6493342, 1637534024.0810788, 1637534024.5964296, 1637534049.69729, 1637534050.1882813, 1637534050.6871533, 1637534051.1819055, 1637534051.6760714, 1637534052.1829114, 1637534052.673589, 1637534077.4161098, 1637534077.9055154, 1637534078.3963013, 1637534078.8812761, 1637534079.4870398, 1637534079.984704, 1637534080.476235, 1637534105.458151, 1637534106.01117, 1637534106.5048704, 1637534107.0083115, 1637534107.3243132, 1637534107.8069143, 1637534108.307456, 1637534108.7986097, 1637534134.3102243, 1637534134.8674517, 1637534135.3632264, 1637534135.860328, 1637534136.3615398, 1637534136.8758483, 1637534137.4015813, 1637534163.702457, 1637534164.2234037, 1637534164.746561, 1637534165.2583544, 1637534165.7703001, 1637534166.3015864, 1637534166.8056452, 1637534192.5999064, 1637534193.124687, 1637534193.6292424, 1637534194.118892, 1637534194.640824, 1637534195.1389394, 1637534195.6955462, 1637534221.2726629, 1637534221.832867, 1637534222.3451684, 1637534222.837347, 1637534223.3514457, 1637534223.8571332, 1637534224.4084973, 1637534250.09086, 1637534250.6113164, 1637534251.1053944, 1637534251.6942935, 1637534252.1931143, 1637534252.7006605, 1637534253.210404, 1637534278.4360435, 1637534278.9312997, 1637534279.415178, 1637534279.9003928, 1637534280.4483695, 1637534280.92197, 1637534281.4418414, 1637534306.7337167, 1637534307.3424146, 1637534307.8426788, 1637534308.2401035, 1637534308.7502062, 1637534309.2385974, 1637534309.7411048, 1637534310.1852767, 1637534336.1352813, 1637534336.5564, 1637534337.0504868, 1637534337.5923827, 1637534338.1287074, 1637534338.6248803, 1637534339.1357164, 1637534363.7534728, 1637534364.2677174, 1637534364.8216217, 1637534365.3266873, 1637534365.8866732, 1637534366.400898, 1637534367.0075233, 1637534392.5608613, 1637534393.0527854, 1637534393.5525482, 1637534394.0165074, 1637534394.5207715, 1637534395.0218978, 1637534395.4340415, 1637534395.8822896, 1637534421.0565617, 1637534421.5584607, 1637534422.0545974, 1637534422.571813, 1637534423.093243, 1637534423.6096041, 1637534424.1600525, 1637534450.130672, 1637534450.6743886, 1637534451.1918004, 1637534451.6969543, 1637534452.2064495, 1637534452.6962578, 1637534453.184864, 1637534478.918016, 1637534479.4480112, 1637534479.9475238, 1637534480.464943, 1637534480.8765996, 1637534481.3731759, 1637534481.8514056, 1637534482.3542366, 1637534508.0440795, 1637534508.5375473, 1637534509.0418913, 1637534509.5363488, 1637534510.0358217, 1637534510.5671446, 1637534511.1267378, 1637534536.8170521, 1637534537.3002086, 1637534537.773632, 1637534538.2433558, 1637534538.7925456, 1637534539.3218284, 1637534539.8137064, 1637534565.519279, 1637534566.0259085, 1637534566.6341686, 1637534567.1378324, 1637534567.6341443, 1637534568.149166, 1637534568.5894365, 1637534593.9116476, 1637534594.4569585, 1637534595.0042958, 1637534595.3553104, 1637534595.8675141, 1637534596.388257, 1637534596.967089, 1637534597.4665868, 1637534623.710926, 1637534624.222456, 1637534624.7195776, 1637534625.228796, 1637534625.7707562, 1637534626.3313808, 1637534626.843442, 1637534652.1532679, 1637534652.6378946, 1637534653.1147394, 1637534653.6778917, 1637534654.1579866, 1637534654.695734, 1637534655.19672, 1637534680.3184948, 1637534680.8644876, 1637534681.3551943, 1637534681.8358326, 1637534682.3838787, 1637534682.9169192, 1637534683.401236, 1637534709.080371, 1637534709.5891356, 1637534710.0926507, 1637534710.5874074, 1637534711.061201, 1637534711.6047456, 1637534712.1287427, 1637534737.7348454, 1637534738.254413, 1637534738.8035252, 1637534739.325184, 1637534739.8015366, 1637534740.2874286, 1637534740.7846587, 1637534765.758102, 1637534766.2070112, 1637534766.767727, 1637534767.2649717, 1637534767.7146676, 1637534768.3046265, 1637534768.80093, 1637534769.2838705, 1637534794.8202448, 1637534795.318237, 1637534795.8163128, 1637534796.2909613, 1637534796.7562492, 1637534797.1434631, 1637534797.6218565, 1637534798.1476612],