{"initial_reset_timestamp": 1637545703.1730096, "timestamps": [1637545703.665036, 1637545704.204067, 1637545704.7081175, 1637545705.1707728, 1637545705.7049177, 1637545706.2269132, 1637545706.7475321, 1637545712.4087353, 1637545712.9150608, 1637545713.5048716, 1637545713.9739664, 1637545714.3143752, 1637545714.7846801, 1637545715.2562432, 1637545715.7807178, 1637545721.618838, 1637545722.1374269, 1637545722.6019313, 1637545723.0812786, 1637545723.6227171, 1637545724.1727512, 1637545724.6486676, 1637545725.1811872, 1637545744.7201455, 1637545745.201911, 1637545745.6630986, 1637545746.1249669, 1637545746.606169, 1637545747.1302872, 1637545747.6761348, 1637545766.9556491, 1637545767.4966486, 1637545768.0401628, 1637545768.55997, 1637545769.1171877, 1637545769.6575923, 1637545770.1821454, 1637545790.122487, 1637545790.6119401, 1637545791.0972514, 1637545791.5752437, 1637545792.049328, 1637545792.5303247, 1637545792.9923775, 1637545813.8013856, 1637545814.2779155, 1637545814.8267431, 1637545815.3435767, 1637545815.832832, 1637545816.307939, 1637545816.8765771, 1637545837.6042728, 1637545838.1388578, 1637545838.6382592, 1637545839.1671746, 1637545839.6414726, 1637545840.1510303, 1637545840.721713, 1637545861.9212532, 1637545862.4204972, 1637545862.8887427, 1637545863.3743958, 1637545863.7909927, 1637545864.2642345, 1637545864.742894, 1637545888.6617565, 1637545889.1568313, 1637545889.589524, 1637545890.0713298, 1637545890.5467923, 1637545890.8548641, 1637545891.367631, 1637545891.8427382, 1637545914.7540572, 1637545915.2348454, 1637545915.711879, 1637545916.202662, 1637545916.6850998, 1637545917.1656923, 1637545917.722678, 1637545941.5388353, 1637545942.022084, 1637545942.4928465, 1637545942.9873693, 1637545943.5354218, 1637545944.082975, 1637545944.5692472, 1637545970.129433, 1637545970.6341252, 1637545971.2074645, 1637545971.6945393, 1637545972.170629, 1637545972.6792755, 1637545973.1884215, 1637545997.8283627, 1637545998.316908, 1637545998.787779, 1637545999.3118608, 1637545999.9315174, 1637546000.42092, 1637546000.9160533, 1637546026.1421235, 1637546026.6715803, 1637546027.2099323, 1637546027.7555423, 1637546028.2870204, 1637546028.80841, 1637546029.1745985, 1637546029.6403286, 1637546054.7358372, 1637546055.245472, 1637546055.7413554, 1637546056.2246363, 1637546056.693315, 1637546057.1691496, 1637546057.6643121, 1637546084.1722343, 1637546084.6431284, 1637546085.2304738, 1637546085.7999773, 1637546086.3176174, 1637546086.7978776, 1637546087.3194764, 1637546113.5837762, 1637546114.1210904, 1637546114.654565, 1637546115.1413898, 1637546115.6862338, 1637546116.2232368, 1637546116.7922375, 1637546142.6661603, 1637546143.2130647, 1637546143.7514224, 1637546144.2616131, 1637546144.7391176, 1637546145.3799307, 1637546145.834117, 1637546171.617936, 1637546172.1031501, 1637546172.5873954, 1637546173.0203567, 1637546173.5726266, 1637546174.1182082, 1637546174.6151059, 1637546200.8511975, 1637546201.2582042, 1637546201.7932205, 1637546202.3602254, 1637546202.8629055, 1637546203.4216194, 1637546203.953701, 1637546204.4890964, 1637546230.1812086, 1637546230.6866064, 1637546231.2002015, 1637546231.725792, 1637546232.2197108, 1637546232.7138414, 1637546233.1939647, 1637546260.526262, 1637546261.003794, 1637546261.556158, 1637546262.1123273, 1637546262.6456883, 1637546263.115096, 1637546263.5944295, 1637546264.1430032, 1637546290.3827055, 1637546290.9438791, 1637546291.4697034, 1637546292.0536695, 1637546292.5804698, 1637546293.1155267, 1637546293.6644914, 1637546319.4499404, 1637546319.9133625, 1637546320.418164, 1637546320.9662745, 1637546321.5142412, 1637546322.1009536, 1637546322.6723256, 1637546348.8805196, 1637546349.3493602, 1637546349.8197675, 1637546350.2969534, 1637546350.608969, 1637546351.1019595, 1637546351.5755348, 1637546352.031311], "episode_lengths": [150, 150, 150, 150, 150, 150, 150, 150, 150, 150, 150, 66, 150, 150, 150, 54, 150, 150, 150, 150, 150, 150, 150, 150, 150, 150, 150, 150, 150, 150, 150, 150, 150, 150, 150, 150, 150, 150, 150, 150, 150, 150, 150, 150, 150, 147, 150, 150, 150, 150, 150, 150, 135, 150, 150, 132, 150, 150, 150, 150, 150, 150, 115, 150, 150, 150, 150, 100, 150, 150, 50, 150, 150, 150, 150, 150, 150, 150, 150, 150, 150, 150, 150, 150, 150, 150, 150, 150, 150, 150, 150, 150, 150, 150, 150, 150, 150, 150, 150, 150, 150, 150, 150, 150, 150, 150, 150, 79, 150, 150, 150, 150, 150, 150, 150, 150, 150, 150, 150, 150, 150, 150, 150, 150, 150, 150, 150, 150, 150, 150, 121, 150, 150, 150, 150, 150, 150, 150, 150, 150, 125, 150, 150, 150, 150, 96, 150, 150, 150, 150, 150, 150, 150, 150, 150, 150, 150, 150, 150, 150, 150, 150, 150, 150, 110, 121, 150, 150, 150, 150, 150, 150, 150, 150, 150, 150, 150, 150, 150, 150, 150, 150, 150, 150, 150, 50, 150, 150, 150], "episode_rewards": [-150.0, -150.0, -150.0, -150.0, -150.0, -150.0, -150.0, -150.0, -150.0, -150.0, -150.0, -65.0, -150.0, -150.0, -150.0, -53.0, -150.0, -150.0, -150.0, -150.0, -150.0, -150.0, -150.0, -150.0, -150.0, -150.0, -150.0, -150.0, -150.0, -150.0, -150.0, -150.0, -150.0, -150.0, -150.0, -150.0, -150.0, -150.0, -150.0, -150.0, -150.0, -150.0, -150.0, -150.0, -150.0, -146.0, -150.0, -150.0, -150.0, -150.0, -150.0, -150.0, -134.0, -150.0, -150.0, -131.0, -150.0, -150.0, -150.0, -150.0, -150.0, -150.0, -114.0, -150.0, -150.0, -150.0, -150.0, -99.0, -150.0, -150.0, -49.0, -150.0, -150.0, -150.0, -150.0, -150.0, -150.0, -150.0, -150.0, -150.0, -150.0, -150.0, -150.0, -150.0, -150.0, -150.0, -150.0, -150.0, -150.0, -150.0, -150.0, -150.0, -150.0, -150.0, -150.0, -150.0, -150.0, -150.0, -150.0, -150.0, -150.0, -150.0, -150.0, -150.0, -150.0, -150.0, -150.0, -78.0, -150.0, -150.0, -150.0, -150.0, -150.0, -150.0, -150.0, -150.0, -150.0, -150.0, -150.0, -150.0, -150.0, -150.0, -150.0, -150.0, -150.0, -150.0, -150.0, -150.0, -150.0, -150.0, -120.0, -150.0, -150.0, -150.0, -150.0, -150.0, -150.0, -150.0, -150.0, -150.0, -124.0, -150.0, -150.0, -150.0, -150.0, -95.0, -150.0, -150.0, -150.0, -150.0, -150.0, -150.0, -150.0, -150.0, -150.0, -150.0, -150.0, -150.0, -150.0, -150.0, -150.0, -150.0, -150.0, -150.0, -109.0, -120.0, -150.0, -150.0, -150.0, -150.0, -150.0, -150.0, -150.0, -150.0, -150.0, -150.0, -150.0, -150.0, -150.0, -150.0, -150.0, -150.0, -150.0, -150.0, -150.0, -49.0, -150.0, -150.0, -150.0], "episode_types": ["t", "t", "t", "t", "t", "t", "t", "t", "t", "t", "t", "t", "t", "t", "t", "t", "t", "t", "t", "t", "t", "t", "t", "t", "t", "t", "t", "t", "t", "t", "t", "t", "t", "t", "t", "t", "t", "t", "t", "t", "t", "t", "t", "t", "t", "t", "t", "t", "t", "t", "t", "t", "t", "t", "t", "t", "t", "t", "t", "t", "t", "t", "t", "t", "t", "t", "t", "t", "t", "t", "t", "t", "t", "t", "t", "t", "t", "t", "t", "t", "t", "t", "t", "t", "t", "t", "t", "t", "t", "t", "t", "t", "t", "t", "t", "t", "t", "t", "t", "t", "t", "t", "t", "t", "t", "t", "t", "t", "t", "t", "t", "t", "t", "t", "t", "t", "t", "t", "t", "t", "t", "t", "t", "t", "t", "t", "t", "t", "t", "t", "t", "t", "t", "t", "t", "t", "t", "t", "t", "t", "t", "t", "t", "t", "t", "t", "t", "t", "t", "t", "t", "t", "t", "t", "t", "t", "t", "t", "t", "t", "t", "t", "t", "t", "t", "t", "t", "t", "t", "t", "t", "t", "t", "t", "t", "t", "t", "t", "t", "t", "t", "t", "t", "t", "t", "t", "t", "t", "t"]}