{"initial_reset_timestamp": 1637311134.6482792, "timestamps": [1637311137.33466, 1637311137.795445, 1637311138.3970737, 1637311139.026225, 1637311139.6509047, 1637311140.256146, 1637311144.633439, 1637311145.3571873, 1637311145.9485052, 1637311146.5226786, 1637311147.1136987, 1637311147.6887908, 1637311148.2698386, 1637311154.601303, 1637311158.5932193, 1637311162.5783224, 1637311166.600127, 1637311170.6339078, 1637311174.6641266, 1637311178.683911, 1637311186.6666968, 1637311190.7882972, 1637311194.8491738, 1637311199.0212018, 1637311203.1029193, 1637311207.1645627, 1637311215.1134877, 1637311219.3787413, 1637311223.69984, 1637311227.9903567, 1637311232.2424169, 1637311236.5423982, 1637311240.7972844, 1637311248.828616, 1637311252.9880745, 1637311257.3086147, 1637311261.3955011, 1637311265.5051734, 1637311269.628721, 1637311273.9751287, 1637311281.849945, 1637311286.127652, 1637311290.1723518, 1637311294.1400716, 1637311298.183603, 1637311302.2051444, 1637311310.0494087, 1637311314.0812564, 1637311318.2681406, 1637311322.3270226, 1637311326.3596466, 1637311330.4753191, 1637311334.513054, 1637311342.4100873, 1637311346.5323658, 1637311350.5195503, 1637311354.6809304, 1637311358.6912966, 1637311362.6764483, 1637311366.679066, 1637311374.671532, 1637311378.966124, 1637311383.0699778, 1637311387.17815, 1637311391.4341052, 1637311395.6713138, 1637311403.7614067, 1637311407.8786848, 1637311411.9488637, 1637311415.9698033, 1637311420.0625134, 1637311424.1500366, 1637311428.3277311, 1637311436.2394242, 1637311440.4492447, 1637311444.4963014, 1637311448.645091, 1637311452.7390351, 1637311456.7814875, 1637311460.8667257, 1637311468.7682905, 1637311472.757265, 1637311476.765416, 1637311480.8404644, 1637311484.838449, 1637311488.8070116, 1637311500.7053986, 1637311504.781377, 1637311508.9449742, 1637311513.155082, 1637311517.3313155, 1637311521.529911, 1637311525.7794166, 1637311534.4273133, 1637311538.492597, 1637311542.7400906, 1637311546.8575156, 1637311550.9822886, 1637311555.0754232, 1637311559.2697604, 1637311567.2114909, 1637311571.3039, 1637311575.3301125, 1637311579.3509555, 1637311583.3657875, 1637311587.458742, 1637311600.971505, 1637311604.986036, 1637311608.9440978, 1637311612.953475, 1637311617.0452194, 1637311621.2029266, 1637311625.186289, 1637311638.0428042, 1637311642.234425, 1637311646.5006247, 1637311650.6405985, 1637311654.9229867, 1637311659.09598, 1637311663.2788646, 1637311676.822933, 1637311680.9743516, 1637311685.041152, 1637311689.1284244, 1637311693.345067, 1637311697.4412587, 1637311710.2331762, 1637311714.374507, 1637311718.5225008, 1637311722.6235678, 1637311726.5893197, 1637311730.572475, 1637311734.62607, 1637311748.165746, 1637311752.4461875, 1637311756.660455, 1637311760.832875, 1637311765.089306, 1637311769.2863128, 1637311773.481638, 1637311786.1375508, 1637311790.1994917, 1637311794.4184966, 1637311798.547043, 1637311802.835362, 1637311806.9075718, 1637311820.1705444, 1637311824.325433, 1637311828.3695264, 1637311832.3072727, 1637311836.2653377, 1637311840.3059103, 1637311844.3724747, 1637311857.5167806, 1637311861.6999922, 1637311865.6964498, 1637311869.8113136, 1637311874.0274763, 1637311878.1296704, 1637311882.2978525, 1637311896.0901475, 1637311900.1365266, 1637311904.1970732, 1637311908.2463326, 1637311912.26941, 1637311916.5216017, 1637311930.7758284, 1637311934.8499062, 1637311938.8928905, 1637311942.9849372, 1637311947.1448002, 1637311951.1660836, 1637311955.2520947, 1637311970.384358, 1637311974.429354, 1637311978.5250065, 1637311982.726154, 1637311986.7212853, 1637311990.846715, 1637311995.007509, 1637312010.748677, 1637312014.8088827, 1637312018.8987622, 1637312022.9531555, 1637312027.0158956, 1637312031.1078472, 1637312047.1537054, 1637312051.2573717, 1637312055.2944565, 1637312059.3684614, 1637312063.4414186, 1637312067.5959938, 1637312071.6107848, 1637312086.7899296, 1637312090.846554, 1637312094.9279387, 1637312099.065485, 1637312103.265355, 1637312107.3451438, 1637312111.5290506, 1637312126.6411197, 1637312130.7745922, 1637312134.8301187, 1637312138.9503045, 1637312143.1266854, 1637312147.3450928, 1637312162.2082272, 1637312166.3184652, 1637312170.5493367, 1637312174.6945047, 1637312178.8315394, 1637312183.018672, 1637312187.1912723, 1637312201.6403797, 1637312205.7734542, 1637312209.9642415, 1637312214.1730564, 1637312218.3654556, 1637312222.6273036, 1637312226.917796, 1637312242.380273, 1637312246.7588067, 1637312251.085383, 1637312255.3953316, 1637312259.8155844, 1637312264.1581635, 1637312279.8586376, 1637312284.1686904, 1637312288.4654846, 1637312292.7692218, 1637312296.9838252, 1637312301.245709, 1637312305.564887, 1637312321.6135168, 1637312325.8612182, 1637312330.1481483, 1637312334.398984, 1637312338.655571, 1637312343.0410945, 1637312347.3465345, 1637312362.7935045, 1637312367.236673, 1637312371.5481026, 1637312375.8684082, 1637312380.268417, 1637312384.6237812, 1637312399.6527047, 1637312403.9482598, 1637312408.1983862, 1637312412.4507077, 1637312416.6874862, 1637312420.9770644, 1637312425.3589396, 1637312439.8354473, 1637312444.047608, 1637312448.2024388, 1637312452.5609317, 1637312456.912585, 1637312461.215124, 1637312465.4575517, 1637312480.008017, 1637312484.4151568, 1637312488.8729296, 1637312493.24536, 1637312497.7430592, 1637312502.1498427, 1637312515.172631, 1637312519.5554693, 1637312523.8836067, 1637312528.1291885, 1637312532.416077, 1637312536.678235, 1637312540.8935053, 1637312552.3596404, 1637312556.6016257, 1637312560.882866, 1637312565.0758212, 1637312569.2880077, 1637312573.5106273, 1637312577.7915897, 1637312588.7985134, 1637312593.24298, 1637312597.583783, 1637312601.9676998, 1637312606.4567242, 1637312610.952529, 1637312624.6555083, 1637312628.9683218, 1637312633.342942, 1637312637.6524203, 1637312642.0641398, 1637312646.3314972, 1637312650.5996182, 1637312665.73538, 1637312669.907691, 1637312674.135637, 1637312678.4200988, 1637312682.7111187, 1637312686.9885044, 1637312691.2154896, 1637312706.6428616, 1637312711.061167, 1637312715.5034482, 1637312719.9438984, 1637312724.4587884, 1637312728.9181945, 1637312744.8693647, 1637312749.2368107, 1637312753.754553, 1637312758.2298195, 1637312762.6187475, 1637312767.0387301, 1637312771.4824572, 1637312786.6311967, 1637312791.0388772, 1637312795.378737, 1637312799.7352998, 1637312804.2391272, 1637312808.593729, 1637312812.9457624, 1637312826.7861254, 1637312831.3797765, 1637312835.9218473, 1637312840.446492, 1637312845.0039144, 1637312849.5521123, 1637312862.4415941, 1637312866.9825866, 1637312871.4578588, 1637312875.922359, 1637312880.3400009, 1637312884.7976043, 1637312889.3359554],