{"initial_reset_timestamp": 1637638122.5258143, "timestamps": [1637638125.0951462, 1637638125.3360457, 1637638125.951513, 1637638126.5736363, 1637638127.1580267, 1637638127.7287958, 1637638128.3096383], "episode_lengths": [150, 71, 150, 150, 150, 150, 150], "episode_rewards": [-150.0, -70.0, -150.0, -150.0, -150.0, -150.0, -150.0], "episode_types": ["t", "t", "t", "t", "t", "t", "t", "t"]}