{"initial_reset_timestamp": 1637638122.7602227, "timestamps": [1637638123.0833654, 1637638123.3971624, 1637638123.710951, 1637638124.0261436, 1637638124.345385, 1637638124.7011986, 1637638125.0182545], "episode_lengths": [150, 150, 150, 150, 150, 150, 150], "episode_rewards": [-150.0, -150.0, -150.0, -150.0, -150.0, -150.0, -150.0], "episode_types": ["t", "t", "t", "t", "t", "t", "t"]}