{"initial_reset_timestamp": 1637531974.046248, "timestamps": [1637531974.5862758, 1637531975.094254, 1637531975.581842, 1637531976.0845926, 1637531976.6297255, 1637531977.183591, 1637531977.666429, 1637531983.5350332, 1637531984.0087132, 1637531984.5098197, 1637531985.01516, 1637531985.3695097, 1637531985.9209218, 1637531986.4280336, 1637531986.9182632, 1637531992.9359221, 1637531993.440554, 1637531993.990299, 1637531994.6286545, 1637531995.1177063, 1637531995.6071305, 1637531996.0996237, 1637531996.6080222, 1637532015.9565713, 1637532016.4538238, 1637532016.954825, 1637532017.469102, 1637532017.9552722, 1637532018.4576757, 1637532018.9464066, 1637532038.3890457, 1637532038.8817742, 1637532039.3591535, 1637532039.8606923, 1637532040.3547218, 1637532040.8662596, 1637532041.3619175, 1637532061.8578405, 1637532062.501791, 1637532063.013583, 1637532063.5045655, 1637532063.9976726, 1637532064.4964945, 1637532064.9854279, 1637532084.8885665, 1637532085.4063802, 1637532085.9717512, 1637532086.512513, 1637532087.017966, 1637532087.540526, 1637532088.0578167, 1637532108.7858806, 1637532109.286186, 1637532109.8501573, 1637532110.3502154, 1637532110.8646967, 1637532111.427729, 1637532112.0062776, 1637532133.7711816, 1637532134.2783713, 1637532134.7796738, 1637532135.304394, 1637532135.752538, 1637532136.2524257, 1637532136.745232, 1637532160.3181117, 1637532160.811368, 1637532161.2170627, 1637532161.7804408, 1637532162.3371072, 1637532162.6695468, 1637532163.1542103, 1637532163.715489, 1637532186.6048093, 1637532187.1294682, 1637532187.610823, 1637532188.1145906, 1637532188.6630375, 1637532189.181349, 1637532189.676484, 1637532213.4642732, 1637532213.9475894, 1637532214.4364152, 1637532214.9376671, 1637532215.4317374, 1637532215.9231043, 1637532216.4538426, 1637532240.7102573, 1637532241.2043116, 1637532241.6998181, 1637532242.208155, 1637532242.7487528, 1637532243.2818053, 1637532243.776335, 1637532268.1113641, 1637532268.6118877, 1637532269.1077187, 1637532269.6638062, 1637532270.207364, 1637532270.7879014, 1637532271.331802, 1637532296.9780629, 1637532297.5339344, 1637532298.098705, 1637532298.6086357, 1637532299.1183152, 1637532299.6101716, 1637532299.9958005, 1637532300.544401, 1637532326.1457992, 1637532326.676236, 1637532327.174673, 1637532327.6700575, 1637532328.1566505, 1637532328.6640227, 1637532329.1494534, 1637532354.6632102, 1637532355.2218418, 1637532355.7748382, 1637532356.352749, 1637532356.8465383, 1637532357.3580475, 1637532357.9095435, 1637532382.4843004, 1637532382.9841557, 1637532383.487428, 1637532384.0394127, 1637532384.54487, 1637532385.0561903, 1637532385.5453625, 1637532410.5674167, 1637532411.1162837, 1637532411.622208, 1637532412.128735, 1637532412.6377466, 1637532413.146144, 1637532413.6855476, 1637532439.0750775, 1637532439.5914314, 1637532440.092799, 1637532440.5942116, 1637532441.1066942, 1637532441.610145, 1637532442.1051111, 1637532466.9319406, 1637532467.370732, 1637532467.927017, 1637532468.466075, 1637532468.967222, 1637532469.483468, 1637532469.9641662, 1637532470.4471555, 1637532496.4744723, 1637532497.0497022, 1637532497.6276062, 1637532498.1466289, 1637532498.6538808, 1637532499.1553097, 1637532499.6676078, 1637532525.0702245, 1637532525.6190698, 1637532526.1794198, 1637532526.689024, 1637532527.2233057, 1637532527.681139, 1637532528.1447303, 1637532528.6646285, 1637532554.3348815, 1637532554.8395834, 1637532555.346663, 1637532555.9392433, 1637532556.446899, 1637532556.9329925, 1637532557.4426742, 1637532583.1760356, 1637532583.6726503, 1637532584.1816816, 1637532584.6895092, 1637532585.1933537, 1637532585.6854665, 1637532586.1880336, 1637532611.731947, 1637532612.2073615, 1637532612.7130878, 1637532613.205995, 1637532613.5353396, 1637532614.0342007, 1637532614.5322912, 1637532615.0294287, 1637532640.686869, 1637532641.2109451, 1637532641.6907415, 1637532642.2002988, 1637532642.696121, 1637532643.208079, 1637532643.7137818, 1637532669.4216776, 1637532669.9178572, 1637532670.4202142, 1637532670.9319227, 1637532671.4419975, 1637532671.9435003, 1637532672.4855819, 1637532697.7430198, 1637532698.2862673, 1637532698.8431592, 1637532699.3483713, 1637532699.8597896, 1637532700.3638444, 1637532700.8505423, 1637532726.2800713, 1637532726.779745, 1637532727.2725186, 1637532727.7915506, 1637532728.2784476, 1637532728.791976, 1637532729.278159, 1637532754.86716, 1637532755.3535144, 1637532755.833409, 1637532756.3617282, 1637532756.8483016, 1637532757.3464878, 1637532757.8971589, 1637532783.8013787, 1637532784.3397732, 1637532784.8302262, 1637532785.3191824, 1637532785.816598, 1637532786.3051016, 1637532786.8852217, 1637532812.2936327, 1637532812.7801547, 1637532813.2742763, 1637532813.6695964, 1637532814.1637795, 1637532814.652384, 1637532815.2035372, 1637532815.6349955, 1637532841.5358117, 1637532842.010444, 1637532842.5200098, 1637532843.0651264, 1637532843.5637896, 1637532844.0591047, 1637532844.5682626, 1637532869.9636688, 1637532870.4596744, 1637532870.952708, 1637532871.47605, 1637532871.980478, 1637532872.4666214, 1637532872.9512465, 1637532898.660747, 1637532899.126123, 1637532899.6586626, 1637532900.14203, 1637532900.634638, 1637532901.11271, 1637532901.5004559, 1637532901.8992805, 1637532927.0212913, 1637532927.4936388, 1637532927.9685109, 1637532928.4551532, 1637532928.9343426, 1637532929.424799, 1637532929.912011, 1637532955.4685376, 1637532956.0246074, 1637532956.5184271, 1637532957.0066612, 1637532957.5313885, 1637532958.0972922, 1637532958.744737, 1637532984.5415812, 1637532985.0370657, 1637532985.5401754, 1637532986.0205936, 1637532986.4504738, 1637532986.9661293, 1637532987.4215949, 1637532987.9611335, 1637533013.1285143, 1637533013.6441479, 1637533014.1454701, 1637533014.7125127, 1637533015.2429373, 1637533015.801934, 1637533016.3132837, 1637533041.9153495, 1637533042.4386017, 1637533042.9348166, 1637533043.4102497, 1637533043.9019396, 1637533044.4205642, 1637533044.920053, 1637533070.4245777, 1637533070.920158, 1637533071.4097621, 1637533071.901299, 1637533072.397378, 1637533072.8936753, 1637533073.3170521, 1637533098.2465672, 1637533098.723714, 1637533099.2128375, 1637533099.5684984, 1637533100.0545092, 1637533100.5608532, 1637533101.0477064, 1637533101.5474772, 1637533128.1617403, 1637533128.7218874, 1637533129.2134402, 1637533129.716434, 1637533130.2072077, 1637533130.7100906, 1637533131.1984477, 1637533156.3158906, 1637533156.802041, 1637533157.306594, 1637533157.8164685, 1637533158.309589, 1637533158.786387, 1637533159.3082757, 1637533184.6315286, 1637533185.1146255, 1637533185.6038306, 1637533186.0864515, 1637533186.6193645, 1637533187.1125176, 1637533187.6055038, 1637533212.8911543, 1637533213.3881116, 1637533213.8492336, 1637533214.320182, 1637533214.8081257, 1637533215.3011954, 1637533215.8440928, 1637533240.8845906, 1637533241.3642287, 1637533241.8538084, 1637533242.357765, 1637533242.867863, 1637533243.4093447, 1637533244.0039992, 1637533269.416369, 1637533269.866716, 1637533270.3667707, 1637533270.8532865, 1637533271.3013356, 1637533271.779217, 1637533272.362543, 1637533272.906416, 1637533298.1254368, 1637533298.6256852, 1637533299.0964968, 1637533299.5923424, 1637533300.091199, 1637533300.451539, 1637533300.9335613, 1637533301.4236379],