{"initial_reset_timestamp": 1637462144.2740452, "timestamps": [1637462149.2845705, 1637462149.8102672, 1637462150.55067, 1637462151.2475123, 1637462151.9085367, 1637462152.5519578, 1637462157.9291115, 1637462158.7805903, 1637462159.4173033, 1637462160.0629349, 1637462160.7055163, 1637462161.352482, 1637462161.9952092, 1637462168.501439, 1637462171.2154095, 1637462173.6502163, 1637462176.4351296, 1637462178.9019847, 1637462181.612064, 1637462184.0085814, 1637462191.0147269, 1637462193.6287868, 1637462196.1358604, 1637462198.8819678, 1637462201.3011081, 1637462203.9839544, 1637462211.0173292, 1637462213.7532556, 1637462216.3999722, 1637462219.063083, 1637462221.5299969, 1637462224.0680473, 1637462224.843384, 1637462227.2824142, 1637462234.3085046, 1637462236.9597874, 1637462239.392961, 1637462242.059872, 1637462244.4649286, 1637462247.1750782, 1637462254.443588, 1637462256.999052, 1637462259.6627185, 1637462262.0908325, 1637462264.7804012, 1637462267.2304652, 1637462269.8553398, 1637462277.0498517, 1637462279.7193966, 1637462282.1703365, 1637462284.8386374, 1637462287.276183, 1637462289.7089207, 1637462292.3814504, 1637462299.6313393, 1637462302.3309588, 1637462304.7222428, 1637462307.4455547, 1637462309.825666, 1637462312.4854453, 1637462319.8652086, 1637462322.3802304, 1637462325.1276963, 1637462327.6803749, 1637462330.406794, 1637462332.8765888, 1637462335.541273, 1637462342.9267945, 1637462345.6178079, 1637462348.0766883, 1637462350.8732321, 1637462353.364411, 1637462356.066308, 1637462358.5456512, 1637462366.2934833, 1637462369.0554068, 1637462371.563177, 1637462374.2872362, 1637462376.7345114, 1637462379.4638922, 1637462386.8534646, 1637462389.6460538, 1637462392.222602, 1637462394.9785094, 1637462397.4245605, 1637462400.108215, 1637462402.6385772, 1637462409.9702034, 1637462412.8056405, 1637462415.3144739, 1637462418.0516913, 1637462420.529888, 1637462423.1941574, 1637462425.6574676, 1637462433.1923857, 1637462435.7228045, 1637462438.4076529, 1637462440.9406214, 1637462443.5611591, 1637462446.1378775, 1637462453.4726877, 1637462456.2438161, 1637462458.7405274, 1637462461.4758797, 1637462463.9836588, 1637462466.7139623, 1637462469.15556, 1637462476.5890734, 1637462479.1066186, 1637462481.6361704, 1637462484.325342, 1637462486.8988268, 1637462489.6681817, 1637462492.165506, 1637462499.679642, 1637462502.2026668, 1637462504.962653, 1637462507.4170995, 1637462510.0849335, 1637462512.6778376, 1637462519.8737643, 1637462522.6512604, 1637462525.13965, 1637462527.881581, 1637462530.3169742, 1637462533.000711, 1637462535.5315244, 1637462543.0025163, 1637462545.4702823, 1637462548.1479738, 1637462550.5723436, 1637462553.2224674, 1637462555.6877992, 1637462558.1851225, 1637462566.0835836, 1637462568.5947404, 1637462571.3250208, 1637462573.735803, 1637462576.4494157, 1637462579.0245903, 1637462586.5035076, 1637462588.9496245, 1637462591.593794, 1637462594.0764618, 1637462596.4939709, 1637462599.2301724, 1637462601.764457, 1637462610.3482728, 1637462612.8518953, 1637462615.556416, 1637462617.9636848, 1637462620.6357102, 1637462623.0816722, 1637462625.7251527, 1637462633.5579832, 1637462636.4875429, 1637462638.8973, 1637462641.5922773, 1637462643.9960425, 1637462646.7030842, 1637462654.3544035, 1637462656.8268764, 1637462659.496932, 1637462662.0060894, 1637462664.6565063, 1637462667.1064377, 1637462669.8684232, 1637462677.8512506, 1637462680.5407035, 1637462683.0404687, 1637462685.815997, 1637462688.2452292, 1637462690.933669, 1637462693.34436, 1637462701.6176176, 1637462704.050306, 1637462706.7247133, 1637462709.2222703, 1637462711.7206511, 1637462714.3718734, 1637462722.7133267, 1637462725.3944287, 1637462727.931115, 1637462730.6399019, 1637462733.1045852, 1637462735.817328, 1637462738.239537, 1637462746.087805, 1637462748.5986698, 1637462751.2856293, 1637462753.723442, 1637462756.3953123, 1637462758.8351538, 1637462761.621022, 1637462769.5306702, 1637462772.0583327, 1637462774.69581, 1637462777.1353667, 1637462779.8329842, 1637462782.306526, 1637462790.0775902, 1637462792.5995824, 1637462795.320996, 1637462797.7405455, 1637462800.4607544, 1637462802.9370778, 1637462805.669551, 1637462813.563398, 1637462816.3533456, 1637462818.7636504, 1637462821.3243926, 1637462823.9986274, 1637462826.4260254, 1637462829.1107194, 1637462837.040675, 1637462839.7117248, 1637462842.1951847, 1637462844.830365, 1637462847.283184, 1637462849.9535227, 1637462858.1390655, 1637462860.849522, 1637462863.331984, 1637462866.096908, 1637462868.5549352, 1637462871.2023258, 1637462873.6610804, 1637462882.487584, 1637462884.9721591, 1637462887.628281, 1637462890.136213, 1637462892.687751, 1637462895.4081633, 1637462897.8781161, 1637462906.1358528, 1637462908.5598512, 1637462911.220403, 1637462913.7784095, 1637462916.4697132, 1637462918.8916943, 1637462927.61108, 1637462930.0691977, 1637462932.7982447, 1637462935.3145626, 1637462938.103511, 1637462940.587749, 1637462943.2736228, 1637462951.7049053, 1637462954.4715867, 1637462956.8919504, 1637462959.6485395, 1637462962.0636837, 1637462964.7271984, 1637462967.1817796, 1637462975.9325695, 1637462978.3813252, 1637462980.9810116, 1637462983.4206202, 1637462985.89437, 1637462988.5398226, 1637462996.1466157, 1637462998.843253, 1637463001.330573, 1637463004.0419168, 1637463006.4845989, 1637463009.1898644, 1637463011.6743388, 1637463019.9135814, 1637463022.3865395, 1637463025.0058773, 1637463027.5618815, 1637463030.1957822, 1637463032.6895397, 1637463035.1244743, 1637463043.1844351, 1637463045.7019732, 1637463048.4187605, 1637463050.851259, 1637463053.4827836, 1637463055.93241, 1637463064.212274, 1637463066.7705638, 1637463069.4853845, 1637463071.9799466, 1637463074.7439363, 1637463077.2798433, 1637463079.9683948, 1637463088.5828137, 1637463091.3726146, 1637463093.8713448, 1637463096.6404889, 1637463099.1138816, 1637463101.8239994, 1637463104.270537, 1637463113.4117393, 1637463115.9486337, 1637463118.670998, 1637463121.1933427, 1637463123.9442093, 1637463126.4299715, 1637463135.6880054, 1637463138.2262454, 1637463140.9354806, 1637463143.447998, 1637463146.1815174, 1637463148.6704612, 1637463151.4183908, 1637463159.8274481, 1637463162.601072, 1637463165.0680842, 1637463167.7783928, 1637463170.2959535, 1637463172.9942863, 1637463175.4537146, 1637463184.6121173, 1637463187.1362205, 1637463189.9401987, 1637463192.504617, 1637463195.26646, 1637463197.986645, 1637463207.0629158, 1637463209.6258745, 1637463212.3476906, 1637463214.7935293, 1637463217.5459647, 1637463220.068355, 1637463222.761958, 1637463231.1534982, 1637463233.8844302, 1637463236.3677833, 1637463239.105281, 1637463241.5889692, 1637463244.3259175, 1637463246.8787062],