{"initial_reset_timestamp": 1637462146.0493789, "timestamps": [1637462146.4522333, 1637462146.8756082, 1637462147.3069522, 1637462147.9082034, 1637462148.3269193, 1637462148.7526293, 1637462149.1677368, 1637462155.2429252, 1637462155.6791577, 1637462156.1006303, 1637462156.529351, 1637462156.9565086, 1637462157.3698754, 1637462157.7986693, 1637462164.523086, 1637462164.9381542, 1637462165.3590684, 1637462165.778781, 1637462166.2303088, 1637462166.6386836, 1637462167.0601106, 1637462186.4193678, 1637462186.82413, 1637462187.22071, 1637462187.6176093, 1637462188.034228, 1637462188.431917, 1637462188.8274255, 1637462207.8142843, 1637462208.2985895, 1637462208.7090168, 1637462209.105449, 1637462209.512684, 1637462209.8988914, 1637462210.2988925, 1637462230.1028805, 1637462230.4903247, 1637462230.8945282, 1637462231.3176453, 1637462231.7143881, 1637462232.1142144, 1637462232.4944763, 1637462251.2402842, 1637462251.807968, 1637462252.3447752, 1637462252.760296, 1637462253.177416, 1637462253.6037748, 1637462254.05148, 1637462273.1464992, 1637462273.738816, 1637462274.2468524, 1637462274.6750743, 1637462275.1028075, 1637462275.525248, 1637462275.947542, 1637462295.0079927, 1637462295.5322633, 1637462296.1119504, 1637462296.5349317, 1637462296.9469101, 1637462297.3752236, 1637462297.8103275, 1637462316.5754447, 1637462317.0227783, 1637462317.6849692, 1637462318.1652374, 1637462318.6024365, 1637462319.033772, 1637462319.4962, 1637462338.9072323, 1637462339.528281, 1637462340.0563238, 1637462340.492683, 1637462340.9345932, 1637462341.3607233, 1637462341.8036275, 1637462361.2675242, 1637462361.8173573, 1637462362.266971, 1637462362.7600217, 1637462363.213023, 1637462363.6475577, 1637462363.950918, 1637462364.4117339, 1637462383.8206365, 1637462384.2833407, 1637462384.7392771, 1637462385.1801436, 1637462385.6125603, 1637462386.0422442, 1637462386.4590154, 1637462406.2561567, 1637462406.6771722, 1637462407.1208503, 1637462407.5278938, 1637462407.968016, 1637462408.4114444, 1637462408.8399365, 1637462428.4598212, 1637462428.8792045, 1637462429.314647, 1637462429.7511163, 1637462430.1769001, 1637462430.611059, 1637462431.048675, 1637462450.4747725, 1637462450.9126678, 1637462451.3530324, 1637462451.7927196, 1637462452.2275226, 1637462452.6491632, 1637462453.0876122, 1637462472.7020254, 1637462473.1348906, 1637462473.5569074, 1637462473.9781651, 1637462474.403285, 1637462474.8214326, 1637462475.2383993, 1637462495.0049317, 1637462495.4190385, 1637462495.849168, 1637462496.289587, 1637462496.7162247, 1637462497.1370895, 1637462497.5512521, 1637462516.9794912, 1637462517.398682, 1637462517.816885, 1637462518.2419562, 1637462518.6597571, 1637462519.0655344, 1637462519.5070205, 1637462539.0921285, 1637462539.5437188, 1637462539.9575536, 1637462540.376798, 1637462540.7945497, 1637462541.2159848, 1637462541.6364567, 1637462561.0498497, 1637462561.4745047, 1637462561.9095306, 1637462562.357742, 1637462562.7801418, 1637462563.1274993, 1637462563.5399058, 1637462564.1124954, 1637462583.383927, 1637462583.7986238, 1637462584.2171793, 1637462584.645528, 1637462585.05804, 1637462585.4861903, 1637462586.0853643, 1637462605.3953743, 1637462605.6858382, 1637462606.0277617, 1637462606.3530276, 1637462606.788546, 1637462607.1263852, 1637462607.4546916, 1637462607.9191477, 1637462608.3344119, 1637462608.7776587, 1637462609.2322402, 1637462628.295342, 1637462628.6203737, 1637462629.0575833, 1637462629.5088618, 1637462629.9339612, 1637462630.4626799, 1637462630.8973188, 1637462631.2782538, 1637462631.6924229, 1637462650.858176, 1637462651.303842, 1637462651.9872591, 1637462652.2683356, 1637462652.654835, 1637462653.086561, 1637462653.525457, 1637462653.981598, 1637462673.2618349, 1637462673.6974525, 1637462674.1128523, 1637462674.5630631, 1637462674.9997015, 1637462675.4083357, 1637462675.835461, 1637462676.295053, 1637462676.731874, 1637462696.183424, 1637462696.615592, 1637462697.0177383, 1637462697.4126832, 1637462697.8277335, 1637462698.1438198, 1637462698.6100175, 1637462699.0126338, 1637462699.4571357, 1637462718.5158246, 1637462718.809358, 1637462719.2622042, 1637462719.6982105, 1637462720.05568, 1637462720.509825, 1637462720.8617263, 1637462721.3018458, 1637462721.6147413, 1637462721.9162824, 1637462722.3371294, 1637462741.8219037, 1637462742.2863712, 1637462742.736453, 1637462743.2074368, 1637462743.6450427, 1637462744.004521, 1637462744.395109, 1637462744.8658977, 1637462764.1874576, 1637462764.5602424, 1637462764.8736136, 1637462765.3193433, 1637462765.7354953, 1637462766.1731355, 1637462766.780335, 1637462767.2593691, 1637462767.6985025, 1637462786.606344, 1637462787.0336285, 1637462787.426948, 1637462787.8641698, 1637462788.3220289, 1637462788.9642694, 1637462789.3613536, 1637462789.6783938, 1637462808.9921885, 1637462809.4507208, 1637462809.7415833, 1637462810.1778483, 1637462810.8730233, 1637462811.2932823, 1637462811.6550643, 1637462812.0863428, 1637462812.4333389, 1637462831.7563384, 1637462832.088379, 1637462832.7086935, 1637462833.1848264, 1637462833.630318, 1637462834.070946, 1637462834.5276313, 1637462834.8476207, 1637462835.1485796, 1637462854.0064392, 1637462854.5805628, 1637462855.0590582, 1637462855.508242, 1637462855.9495413, 1637462856.2450101, 1637462856.5782626, 1637462857.0108593, 1637462857.3453465, 1637462857.7718928, 1637462877.1067495, 1637462877.4146118, 1637462877.836934, 1637462878.2722251, 1637462878.6589549, 1637462879.0791705, 1637462879.3967495, 1637462879.7063015, 1637462880.0572488, 1637462880.3740313, 1637462880.6805115, 1637462881.0321875, 1637462900.5969155, 1637462901.0364773, 1637462901.4409251, 1637462901.8813646, 1637462902.2053182, 1637462902.4967325, 1637462902.9267678, 1637462903.2932684, 1637462903.7511094, 1637462904.265704, 1637462923.0867422, 1637462923.5427349, 1637462923.9916277, 1637462924.4333107, 1637462924.7548378, 1637462925.1619773, 1637462925.5439472, 1637462925.9334614, 1637462926.470016, 1637462926.817289, 1637462927.209037, 1637462946.5987172, 1637462946.997014, 1637462947.3074625, 1637462948.042075, 1637462948.4035628, 1637462948.691019, 1637462949.0873373, 1637462949.3894665, 1637462949.7826614, 1637462950.1346197, 1637462950.5747557, 1637462969.8582969, 1637462970.3875632, 1637462970.8216867, 1637462971.220308, 1637462971.6259148, 1637462971.9954834, 1637462972.3214474, 1637462972.7103326, 1637462972.9975379, 1637462973.343325, 1637462973.7610035, 1637462992.7662494, 1637462993.1756587, 1637462993.4939551, 1637462993.9475372, 1637462994.404941, 1637462994.8543768, 1637462995.261445, 1637462995.7745137, 1637463015.240989, 1637463015.6823862, 1637463016.1213224, 1637463016.4675326, 1637463016.9113755, 1637463017.215976, 1637463017.5722268, 1637463017.964461, 1637463018.2694447, 1637463018.6000493, 1637463037.91655, 1637463038.3398175, 1637463038.7877202, 1637463039.0724723, 1637463039.508987, 1637463039.9393587, 1637463040.2824802, 1637463040.6838005, 1637463041.2933142, 1637463060.3218071, 1637463060.726388, 1637463061.1100943, 1637463061.5198407, 1637463061.9118896, 1637463062.3536592, 1637463062.8395085, 1637463063.384299, 1637463063.8341563, 1637463083.2267904, 1637463083.5454955, 1637463083.940082, 1637463084.3727298, 1637463084.8467612, 1637463085.262495, 1637463085.636789, 1637463086.0076337, 1637463086.4473987, 1637463086.8255382, 1637463087.1027849, 1637463087.456717, 1637463107.079891, 1637463107.5364118, 1637463107.858867, 1637463108.146132, 1637463108.5263329, 1637463108.8946733, 1637463109.3504028, 1637463109.6524734, 1637463109.9789822, 1637463110.2730308, 1637463110.6058948, 1637463110.8985398, 1637463111.2898693, 1637463130.6208892, 1637463130.9415698, 1637463131.3249333, 1637463131.734904, 1637463132.0375412, 1637463132.4227424, 1637463132.763715, 1637463133.10934, 1637463133.595204, 1637463133.9444501, 1637463134.529661, 1637463134.891901, 1637463135.2975268, 1637463154.610215, 1637463154.9893937, 1637463155.2579234, 1637463155.5686564, 1637463156.113811, 1637463156.5808504, 1637463156.9893975, 