{"initial_reset_timestamp": 1637570838.5468352, "timestamps": [1637570838.9662693, 1637570839.3701086, 1637570839.7866843, 1637570840.2332304, 1637570840.6497173, 1637570841.0550437, 1637570841.462038, 1637570846.8584163, 1637570847.2616963, 1637570847.6688685, 1637570848.078575, 1637570848.480932, 1637570848.8952994, 1637570849.2983136, 1637570855.116152, 1637570855.5248992, 1637570855.957483, 1637570856.3753898, 1637570856.8012946, 1637570857.214008, 1637570857.8026118, 1637570918.1187947, 1637570918.5217736, 1637570918.9327288, 1637570919.338455, 1637570919.7483897, 1637570920.1771953, 1637570920.5786316, 1637570981.5142562, 1637570981.988047, 1637570982.3888483, 1637570982.8008206, 1637570983.2344713, 1637570983.6417572, 1637570984.060028, 1637571045.836996, 1637571046.25131, 1637571046.6583407, 1637571047.0927927, 1637571047.5007875, 1637571047.9312553, 1637571048.3789904, 1637571110.2831857, 1637571110.6869652, 1637571111.1145554, 1637571111.5147161, 1637571111.93916, 1637571112.3504012, 1637571112.758594, 1637571175.3369405, 1637571175.6718562, 1637571176.0923753, 1637571176.504895, 1637571176.9104235, 1637571177.3130186, 1637571177.7207026, 1637571178.1221848, 1637571240.1276116, 1637571240.5253267, 1637571240.9452868, 1637571241.3477101, 1637571241.7708292, 1637571242.1903155, 1637571242.6026342, 1637571305.9938238, 1637571306.39629, 1637571306.7844179, 1637571307.1842077, 1637571307.632911, 1637571308.0346677, 1637571308.435171, 1637571369.7832534, 1637571370.1855764, 1637571370.590765, 1637571371.0204933, 1637571371.3752854, 1637571371.7557812, 1637571372.179403, 1637571372.5593534, 1637571436.5477362, 1637571436.901101, 1637571437.3018339, 1637571437.6111777, 1637571438.0149448, 1637571438.3982255, 1637571438.663718, 1637571439.056237, 1637571439.4046576, 1637571504.074676, 1637571504.462057, 1637571504.8664606, 1637571505.1849117, 1637571505.596827, 1637571505.8948205, 1637571506.282813, 1637571506.656057, 1637571507.0585172, 1637571573.5110464, 1637571573.8083084, 1637571574.1266458, 1637571574.4872363, 1637571574.9149947, 1637571575.307639, 1637571575.7264674, 1637571576.0751512, 1637571576.508412, 1637571643.4664068, 1637571643.7646713, 1637571644.1219528, 1637571644.4436898, 1637571644.738937, 1637571645.0575085, 1637571645.3320925, 1637571645.6241605, 1637571645.9807918, 1637571646.276703, 1637571646.729041, 1637571647.1507108, 1637571647.4687026, 1637571714.336838, 1637571714.7434003, 1637571715.0867784, 1637571715.4693382, 1637571716.0018866, 1637571716.3195186, 1637571716.725586, 1637571717.0819945, 1637571717.3605793, 1637571786.3902123, 1637571786.8372693, 1637571787.263909, 1637571787.6596277, 1637571788.0748825, 1637571788.4857292, 1637571788.9025886, 1637571855.9140775, 1637571856.304118, 1637571856.7261314, 1637571857.1330929, 1637571857.5440304, 1637571857.9552646, 1637571858.3725762, 1637571930.3992913, 1637571930.7740834, 1637571931.0962214, 1637571931.4318397, 1637571931.7805636, 1637571932.1826804, 1637571932.5130086, 1637571932.9006941, 1637571933.2247868, 1637571933.6259298, 1637571933.900113, 1637572003.4045348, 1637572003.7608714, 1637572004.1623514, 1637572004.5824594, 1637572004.9385622, 1637572005.360557, 1637572005.7030725, 1637572006.0024421, 1637572006.2765985, 1637572006.6199255, 1637572076.076778, 1637572076.3611822, 1637572076.700333, 1637572077.1274352, 1637572077.398908, 1637572077.7165053, 1637572078.1455362, 1637572078.4427037, 1637572078.8186758, 1637572079.1198802, 1637572079.5598555, 1637572079.8751998, 1637572080.4111962, 1637572152.4652, 1637572152.759936, 1637572153.2035375, 1637572153.4823108, 1637572153.8107762, 1637572154.094906, 1637572154.4221857, 1637572154.8281758, 1637572155.2842062, 1637572155.697657, 1637572155.9851298, 1637572156.3056486, 1637572226.4919717, 1637572226.7435813, 1637572227.1368904, 1637572227.4548316, 1637572227.7459822, 1637572228.0723257, 1637572228.396885, 1637572228.7383904, 1637572229.0408776, 1637572229.3594549, 1637572229.7577448, 1637572230.0704634, 1637572230.4753141, 1637572230.808733, 1637572231.085543, 1637572231.4000664, 1637572301.4097116, 1637572301.7599893, 1637572302.031258, 1637572302.427115, 1637572302.716146, 1637572303.0101197, 1637572303.2869563, 1637572303.572465, 1637572303.8378935, 1637572304.1064115, 1637572304.3766418, 1637572304.6266549, 1637572305.0118296, 1637572305.4418635, 1637572305.756873, 1637572306.0782082, 1637572306.3633907, 1637572306.602169, 1637572306.914288, 1637572307.1992674, 1637572377.6400058, 1637572377.9412467, 1637572378.2684224, 1637572378.501866, 1637572378.822793, 1637572379.0996907, 1637572379.4090629, 1637572379.6764383, 1637572379.927209, 1637572380.2203395, 1637572380.5313435, 1637572380.7853994, 1637572381.0595152, 1637572381.3033197, 1637572381.581879, 1637572381.8609285, 1637572382.1353455, 1637572382.4753113, 1637572382.7606778, 1637572383.0784414, 1637572452.1771152, 1637572452.4671023, 1637572452.7713368, 1637572453.027933, 1637572453.2825348, 1637572453.546032, 1637572453.805544, 1637572454.0852342, 1637572454.367697, 1637572454.6586647, 1637572454.9478614, 1637572455.2153168, 1637572455.6240983, 1637572455.9119725, 1637572456.1368134, 1637572456.5845296, 1637572456.8359523, 1637572457.1290812, 1637572457.363874, 1637572457.6430805, 1637572457.9048247, 1637572527.7412648, 1637572527.9764686, 1637572528.2674809, 1637572528.5242944, 1637572528.782456, 1637572529.0583577, 1637572529.3578706, 1637572529.657969, 1637572529.9468815, 1637572530.2196014, 1637572530.472987, 1637572530.876954, 1637572531.150331, 1637572531.430756, 1637572531.7379262, 1637572532.029227, 1637572532.333243, 1637572532.609623, 1637572532.923156, 1637572533.2226837, 1637572603.568974, 1637572603.8328035, 1637572604.115758, 1637572604.375169, 1637572604.6578305, 1637572604.994265, 1637572605.2628398, 1637572605.5094724, 1637572605.7992783, 1637572606.0640833, 1637572606.3476613, 1637572606.6496687, 1637572607.061514, 1637572607.3737092, 1637572607.6515942, 1637572607.9481833, 1637572608.3075147, 1637572608.5630302, 1637572608.8296194, 1637572609.1506639, 1637572609.4643178, 1637572677.53484, 1637572677.7762463, 1637572678.040606, 1637572678.2962255, 1637572678.542883, 1637572678.8265202, 1637572679.1022134, 1637572679.3799558, 1637572679.6325696, 1637572679.9003932, 1637572680.2065518, 1637572680.4766462, 1637572680.7112088, 1637572680.9730668, 1637572681.3117282, 1637572681.560891, 1637572681.843115, 1637572682.137484, 1637572682.4054694, 1637572682.7597191, 1637572683.028444, 1637572683.2838047, 1637572683.5353174, 1637572752.694165, 1637572752.9085782, 1637572753.1896834, 1637572753.4380085, 1637572753.6737275, 1637572753.9471414, 1637572754.2161996, 1637572754.4822946, 1637572754.7750814, 1637572755.039525, 1637572755.3166707, 1637572755.5709593, 1637572755.8919659, 1637572756.1652849, 1637572756.3998957, 1637572756.7134395, 1637572756.9642901, 1637572757.2126133, 1637572757.4918025, 1637572757.7521234, 1637572758.0224583, 1637572758.296147, 1637572758.5751047],