{"initial_reset_timestamp": 1637638841.416062, "timestamps": [1637638845.7458575, 1637638846.11077, 1637638846.6339707, 1637638847.2345243, 1637638847.8050559, 1637638848.3739922, 1637638848.953975, 1637638849.5124238, 1637638850.067165, 1637638850.6354105, 1637638856.6657233, 1637638857.2150774, 1637638857.7758675, 1637638858.3149922, 1637638858.859509, 1637638859.4579804, 1637638860.0253286, 1637638860.579219, 1637638861.1252139, 1637638861.6702466, 1637638869.5671303, 1637638872.2352211, 1637638874.8857312, 1637638877.5555336, 1637638880.1552875, 1637638882.7568343, 1637638885.4105577, 1637638888.0679038, 1637638890.7127159, 1637638893.364729, 1637638901.365945, 1637638904.062814, 1637638906.74175, 1637638909.3379126, 1637638911.9922924, 1637638914.8196669, 1637638917.5175152, 1637638920.3543935, 1637638923.1337643, 1637638925.937897, 1637638934.03034, 1637638936.779173, 1637638939.5548828, 1637638942.2586064, 1637638945.017547, 1637638947.734333, 1637638950.425753, 1637638953.1716683, 1637638955.9059029, 1637638958.5777562, 1637638966.6536136, 1637638969.4956563, 1637638972.295553, 1637638975.091996, 1637638977.7840867, 1637638980.4279, 1637638983.0523782, 1637638985.7922206, 1637638988.4253192, 1637638991.0691748, 1637639000.3495042, 1637639003.3385956, 1637639006.06612, 1637639008.726222, 1637639011.4404695, 1637639014.1535873, 1637639016.8465261, 1637639019.508624, 1637639022.1764662, 1637639024.89597, 1637639033.1421366, 1637639035.944393, 1637639038.7408671, 1637639041.5162117, 1637639044.325727, 1637639047.1515808, 1637639049.9128468, 1637639052.6941223, 1637639055.5812361, 1637639058.41536, 1637639066.438112, 1637639069.2032933, 1637639072.0396445, 1637639074.7999194, 1637639076.8654466, 1637639079.5728102, 1637639082.3023367, 1637639085.0364559, 1637639087.8378248, 1637639090.5850682, 1637639098.7890868, 1637639101.5578933, 1637639104.4038873, 1637639107.2385285, 1637639109.9661467, 1637639112.6961982, 1637639115.4455688, 1637639118.29715, 1637639121.0892816, 1637639123.8589115, 1637639130.9998302, 1637639133.8708093, 1637639136.7144737, 1637639139.5623598, 1637639142.3702145, 1637639145.2112904, 1637639148.002191, 1637639150.7756953, 1637639153.6683218, 1637639156.5122676, 1637639164.8965833, 1637639167.87755, 1637639170.79942, 1637639173.6531966, 1637639176.508424, 1637639179.3113658, 1637639182.0263588, 1637639184.7259412, 1637639187.4859998, 1637639190.2645535, 1637639198.520338, 1637639201.3624814, 1637639204.2717087, 1637639207.1682677, 1637639210.0547237, 1637639212.9217932, 1637639215.8669257, 1637639218.7323744, 1637639221.5847418, 1637639224.4474962, 1637639232.7019541, 1637639235.5832539, 1637639238.4814804, 1637639241.2700655, 1637639244.1239088, 1637639246.9655309, 1637639249.8900983, 1637639252.750658, 1637639255.6580565, 1637639258.6271904, 1637639267.0694335, 1637639270.0562718, 1637639273.029991, 1637639276.0352557, 1637639279.028553, 1637639282.0937076, 1637639285.061943, 1637639287.9960897, 1637639290.9208925, 1637639293.8344204, 1637639302.071107, 1637639304.9235737, 1637639307.7255132, 1637639310.5088484, 1637639313.2854388, 1637639316.0651248, 1637639318.8198698, 1637639321.6345582, 1637639324.4490836, 1637639327.2251604, 1637639335.5808136, 1637639338.4446616, 1637639341.257017, 1637639344.0623002, 1637639346.8808174, 1637639349.7530527, 1637639352.6167812, 1637639355.4201214, 1637639358.2834256, 1637639361.1952276, 1637639369.606182, 1637639372.4101686, 1637639375.1972706, 1637639377.941449, 1637639380.6800694, 1637639383.4507933, 1637639386.228482, 1637639388.9583173, 1637639391.8028321, 1637639394.7596853, 1637639403.073114, 1637639405.8878653, 1637639408.7193935, 1637639411.4867516, 1637639414.2665715, 1637639417.040655, 1637639419.7892797, 1637639422.5433311, 1637639425.336965, 1637639428.155803, 1637639436.6285596, 1637639439.5354025, 1637639442.3819833, 1637639445.3415198, 1637639448.2070827, 1637639451.0723715, 1637639454.1178145, 1637639457.0718865, 1637639459.9762733, 1637639462.8801818, 1637639471.3868802, 1637639474.3798614, 1637639477.2310224, 1637639480.1471863, 1637639483.0012321, 1637639485.8948088, 1637639488.753039, 1637639491.6370642, 1637639494.5563252, 1637639497.5463908, 1637639505.8977902, 1637639507.974647, 1637639510.8311346, 1637639513.7441695, 1637639516.8805404, 1637639519.8960235, 1637639522.8718584, 1637639525.8950415, 1637639528.830261, 1637639531.800277, 1637639534.932349, 1637639543.402935, 1637639546.3336604, 1637639549.2336705, 1637639552.1375008, 1637639555.0678122, 1637639558.0845437, 1637639561.0134563, 1637639563.9027493, 1637639566.9026327, 1637639568.8174899, 1637639577.6258209, 1637639580.6102042, 1637639583.5303438, 1637639586.4898517, 1637639588.9013271, 1637639591.8028207, 1637639594.769179, 1637639597.7008374, 1637639599.4615312, 1637639601.678833, 1637639604.587531, 1637639612.9477792, 1637639615.8821654, 1637639618.9326267, 1637639621.883103, 1637639624.1941636, 1637639627.1557412, 1637639630.0870647, 1637639632.8880553, 1637639635.50342, 1637639638.5211554, 1637639640.6267948, 1637639649.9985704, 1637639652.0904763, 1637639653.8607662, 1637639655.3214786, 1637639658.2526472, 1637639659.6007302, 1637639662.4702377, 1637639665.3229926, 1637639667.8465483, 1637639670.8154094, 1637639673.868063, 1637639675.6117697, 1637639678.3553798, 1637639686.7931361, 1637639689.6060648, 1637639691.1968205, 1637639692.9901297, 1637639695.7142057, 1637639697.8843367, 1637639700.4286096, 1637639703.3836231, 1637639706.3560526, 1637639707.8982239, 1637639710.5074618, 1637639712.6386368, 1637639714.7386038, 1637639723.477488, 1637639725.1783261, 1637639728.1468265, 1637639730.5359554, 1637639733.5125983, 1637639736.516254, 1637639738.340838, 1637639740.680374, 1637639743.0564933, 1637639744.5432258, 1637639747.37497, 1637639750.3756008, 1637639757.7778032, 1637639759.5795918, 1637639761.212159, 1637639762.9600625, 1637639764.664003, 1637639766.0999105, 1637639767.6772575, 1637639769.4727416, 1637639772.2749312, 1637639774.4035473, 1637639776.017975, 1637639777.5471609, 1637639779.2133594, 1637639780.7850819, 1637639782.6598656, 1637639784.6096075, 1637639786.2684321, 1637639788.6147673, 1637639797.5407312, 1637639799.4279032, 1637639800.9285934, 1637639802.3818316, 1637639803.7492402, 1637639804.925939, 1637639807.077507, 1637639808.861952, 1637639810.7171838, 1637639812.6031337, 1637639814.1129868, 1637639815.7502294, 1637639817.4862015, 1637639818.9992213, 1637639820.6307046, 1637639821.9456537, 1637639823.8832743, 1637639825.7403338, 1637639827.2779226, 1637639828.6860888, 1637639839.5484843, 1637639841.425852, 1637639844.3860188, 1637639847.3477938, 1637639849.1463213, 1637639852.0802064, 1637639855.1342914, 1637639858.1543388, 1637639859.6823943, 1637639861.927951, 1637639864.960908, 1637639866.6969423, 1637639868.4193335, 1637639877.871141, 1637639880.914738, 1637639884.0990403, 1637639887.137405, 1637639890.1751723, 1637639891.892207, 1637639894.9375918, 1637639897.0625968, 1637639900.0883553, 1637639903.1341853, 1637639906.2046914, 1637639914.6294165, 1637639916.3537679, 1637639919.3329651, 1637639922.362016, 1637639923.9087925, 1637639926.9467592, 1637639928.1748965, 1637639929.7041101, 1637639931.3144958, 1637639934.2293692, 1637639936.5446506, 1637639938.1582901, 1637639939.9801805, 1637639941.7721374],