{"initial_reset_timestamp": 1637638841.7403781, "timestamps": [1637638842.1449995, 1637638842.5450912, 1637638842.9675262, 1637638843.3504333, 1637638843.7409918, 1637638844.1376975, 1637638844.527838, 1637638844.9095197, 1637638845.308351, 1637638845.6958652, 1637638852.9153364, 1637638853.3014219, 1637638853.7040749, 1637638854.098292, 1637638854.485343, 1637638854.8785963, 1637638855.2737048, 1637638855.6658185, 1637638856.0546086, 1637638856.4310346, 1637638863.7747538, 1637638864.1535926, 1637638864.5296898, 1637638864.9177835, 1637638865.3089526, 1637638865.686704, 1637638866.0686653, 1637638866.4363213, 1637638866.824421, 1637638867.2554011, 1637638895.4682314, 1637638895.8515553, 1637638896.2533345, 1637638896.6979856, 1637638897.1016524, 1637638897.4819145, 1637638897.8649046, 1637638898.2489908, 1637638898.6367855, 1637638899.0329075, 1637638928.1651764, 1637638928.5497236, 1637638928.9487455, 1637638929.329405, 1637638929.7119927, 1637638930.1137083, 1637638930.5152347, 1637638930.9152014, 1637638931.2935572, 1637638931.6776114, 1637638960.7364168, 1637638961.1452322, 1637638961.5673976, 1637638961.9604897, 1637638962.3650975, 1637638962.748937, 1637638963.1328194, 1637638963.5126386, 1637638963.912396, 1637638964.291385, 1637638993.3087392, 1637638993.7756715, 1637638994.2088678, 1637638994.6529822, 1637638995.126693, 1637638995.5380375, 1637638995.9726691, 1637638996.3771617, 1637638996.7732081, 1637638997.2278361, 1637639027.1521401, 1637639027.528897, 1637639027.907392, 1637639028.3010964, 1637639028.6827738, 1637639029.065836, 1637639029.4491408, 1637639029.8283956, 1637639030.2209191, 1637639030.6130314, 1637639060.581524, 1637639060.960755, 1637639061.3467224, 1637639061.7140305, 1637639062.1130886, 1637639062.4923697, 1637639062.874402, 1637639063.2598164, 1637639063.6346266, 1637639064.0123177, 1637639093.5511107, 1637639093.940467, 1637639094.3277128, 1637639094.7095516, 1637639095.0872693, 1637639095.4811232, 1637639095.926944, 1637639096.3394294, 1637639096.7223938, 1637639097.1012964, 1637639126.862377, 1637639127.2640123, 1637639127.6604602, 1637639128.0680926, 1637639128.4638042, 1637639128.8592699, 1637639129.2690625, 1637639129.65936, 1637639130.069914, 1637639130.4733865, 1637639160.8111901, 1637639161.2172947, 1637639161.6177554, 1637639162.0069342, 1637639162.4001515, 1637639162.7926035, 1637639163.1863213, 1637639163.5863822, 1637639163.9825938, 1637639164.376232, 1637639194.3859994, 1637639194.766694, 1637639195.1722736, 1637639195.5718074, 1637639195.9581482, 1637639196.3678763, 1637639196.7553186, 1637639197.209811, 1637639197.5947862, 1637639198.0234492, 1637639228.646395, 1637639229.040616, 1637639229.4935138, 1637639229.8792217, 1637639230.269123, 1637639230.6560678, 1637639231.0386274, 1637639231.4296582, 1637639231.7990322, 1637639232.1818526, 1637639262.9666486, 1637639263.3663597, 1637639263.7592301, 1637639264.1603177, 1637639264.5446894, 1637639264.9362586, 1637639265.3510616, 1637639265.7406063, 1637639266.1365504, 1637639266.5429654, 1637639297.967927, 1637639298.3661385, 1637639298.7628736, 1637639299.1512923, 1637639299.5410466, 1637639299.934775, 1637639300.354879, 1637639300.7566113, 1637639301.145667, 1637639301.5356715, 1637639331.3106835, 1637639331.696672, 1637639332.0905378, 1637639332.490608, 1637639332.956475, 1637639333.380806, 1637639333.7931736, 1637639334.232931, 1637639334.644682, 1637639335.053599, 1637639365.413829, 1637639365.8237739, 1637639366.2266653, 1637639366.6383526, 1637639367.050823, 1637639367.4525943, 1637639367.8875663, 1637639368.29104, 1637639368.691474, 1637639369.0983975, 1637639398.885534, 1637639399.2932987, 1637639399.695907, 1637639400.1059175, 1637639400.5146616, 1637639400.914579, 1637639401.306617, 1637639401.7097945, 1637639402.1152282, 1637639402.5387685, 1637639432.258328, 1637639432.694933, 1637639433.1168556, 1637639433.515376, 1637639433.9327927, 1637639434.3348792, 1637639434.7987854, 1637639435.2247903, 1637639435.6318586, 1637639436.033406, 1637639467.2740445, 1637639467.6805284, 1637639468.0848439, 1637639468.484776, 1637639468.8806677, 1637639469.2761657, 1637639469.6702945, 1637639470.070484, 1637639470.468163, 1637639470.862494, 1637639501.766097, 1637639502.1846428, 1637639502.5815938, 1637639502.9846344, 1637639503.3806114, 1637639503.7626164, 1637639504.1839693, 1637639504.5815656, 1637639504.97157, 1637639505.3696902, 1637639537.3220727, 1637639537.7448442, 1637639538.1589217, 1637639538.5568333, 1637639538.9692502, 1637639539.3743737, 1637639539.8487892, 1637639540.2356544, 1637639540.6497352, 1637639541.0545025, 1637639572.2517035, 1637639572.7073333, 1637639573.1227593, 1637639573.490724, 1637639573.9076018, 1637639574.2801607, 1637639574.688176, 1637639575.1280518, 1637639575.5173452, 1637639575.9366913, 1637639576.309689, 1637639607.9340553, 1637639608.323428, 1637639608.721744, 1637639609.1304016, 1637639609.5154197, 1637639609.907407, 1637639610.2876623, 1637639610.6665545, 1637639611.072163, 1637639611.4456546, 1637639643.5501943, 1637639643.9342551, 1637639644.3161032, 1637639644.7301059, 1637639645.1045787, 1637639645.4973059, 1637639645.941627, 1637639646.3154063, 1637639646.6987243, 1637639647.0841348, 1637639647.4841416, 1637639647.8638713, 1637639648.256265, 1637639681.1509225, 1637639681.5341232, 1637639681.9222624, 1637639682.312086, 1637639682.699982, 1637639683.0960796, 1637639683.4785104, 1637639683.856432, 1637639684.2380843, 1637639684.6230502, 1637639717.2157998, 1637639717.6069324, 1637639717.961664, 1637639718.34756, 1637639718.8044193, 1637639719.1918736, 1637639719.6128292, 1637639719.9983468, 1637639720.3766842, 1637639720.763062, 1637639721.150141, 1637639753.7796552, 1637639754.1913707, 1637639754.6020577, 1637639755.0336602, 1637639755.476392, 1637639755.8771746, 1637639756.283302, 1637639756.6749008, 1637639757.0839903, 1637639757.4819858, 1637639792.6588547, 1637639793.0511086, 1637639793.5333278, 1637639793.9354746, 1637639794.3337333, 1637639794.733429, 1637639795.1187043, 1637639795.5036383, 1637639795.907934, 1637639796.31272, 1637639796.7425246, 1637639832.0175388, 1637639832.3733122, 1637639832.725565, 1637639833.0954, 1637639833.468442, 1637639833.8439078, 1637639834.2802358, 1637639834.6300974, 1637639835.00454, 1637639835.3475504, 1637639835.7072067, 1637639836.0450227, 1637639836.4100037, 1637639836.7454998, 1637639837.139231, 1637639837.4899552, 1637639837.8547015, 1637639838.222963, 1637639838.6189122, 1637639838.951334, 1637639871.8353233, 1637639872.2249577, 1637639872.6081705, 1637639872.9657083, 1637639873.3272517, 1637639873.7266374, 1637639874.1610205, 1637639874.5891676, 1637639874.9631042, 1637639875.3525941, 1637639875.7348433, 1637639876.0841093, 1637639876.4779334, 1637639909.37055, 1637639909.7554832, 1637639910.1428556, 1637639910.526219, 1637639910.8687735, 1637639911.2182093, 1637639911.5592725, 1637639911.9516718, 1637639912.3252058, 1637639912.6419299, 1637639912.9979851, 1637639913.4235384, 1637639913.8531075, 1637639914.2255101],