{"initial_reset_timestamp": 1637306958.7913556, "timestamps": [1637306961.454006, 1637306961.9072728, 1637306962.559198, 1637306963.16854, 1637306963.7735503, 1637306964.3753915, 1637306968.9275267, 1637306969.524402, 1637306970.1139066, 1637306970.697506, 1637306971.2832997, 1637306971.8635094, 1637306972.4351094, 1637306979.0448542, 1637306983.0404503, 1637306987.0191867, 1637306991.0054128, 1637306995.0253184, 1637306999.0775337, 1637307003.133296, 1637307013.8159056, 1637307018.6507666, 1637307022.758224, 1637307026.8910346, 1637307030.9916747, 1637307035.1071544, 1637307042.9799416, 1637307047.0619981, 1637307051.0248995, 1637307055.054016, 1637307059.028494, 1637307062.9667866, 1637307066.904165, 1637307074.5908113, 1637307078.6427233, 1637307082.5973063, 1637307086.5912166, 1637307090.550426, 1637307094.5965934, 1637307098.8664353, 1637307106.572394, 1637307110.5933526, 1637307114.571733, 1637307118.592542, 1637307122.5863104, 1637307126.5495615, 1637307134.2141447, 1637307138.138133, 1637307142.0401368, 1637307145.9727514, 1637307149.8955762, 1637307153.8267312, 1637307157.8283212, 1637307165.788726, 1637307169.7542732, 1637307173.6863837, 1637307177.6601772, 1637307181.595145, 1637307185.6031406, 1637307189.639594, 1637307197.366033, 1637307201.3661687, 1637307205.408527, 1637307209.4470005, 1637307213.513215, 1637307217.646055, 1637307226.0623767, 1637307229.9959106, 1637307233.9258597, 1637307237.889038, 1637307241.8074553, 1637307245.7051811, 1637307249.699474, 1637307258.3835168, 1637307262.3922844, 1637307266.358521, 1637307270.2827194, 1637307274.2141726, 1637307278.1735706, 1637307282.1762333, 1637307290.897006, 1637307294.930822, 1637307298.990722, 1637307303.0184019, 1637307307.0756881, 1637307311.2940078, 1637307320.2391295, 1637307324.2212427, 1637307328.191498, 1637307332.1875033, 1637307336.2626703, 1637307340.4640205, 1637307344.5829425, 1637307353.800684, 1637307357.8426602, 1637307361.841803, 1637307365.8258293, 1637307369.937153, 1637307373.9687388, 1637307377.9779325, 1637307388.0412931, 1637307392.1552234, 1637307396.151283, 1637307400.2806246, 1637307404.2770498, 1637307408.2558498, 1637307417.5920794, 1637307421.6772454, 1637307425.6829512, 1637307429.7394588, 1637307433.7195761, 1637307437.6811473, 1637307441.6495864, 1637307450.3680642, 1637307454.59276, 1637307458.7513797, 1637307463.0277889, 1637307467.2209806, 1637307471.4340875, 1637307475.5952787, 1637307485.126071, 1637307489.1425557, 1637307493.1550071, 1637307497.10129, 1637307501.0041575, 1637307505.0017335, 1637307515.4113817, 1637307519.4333396, 1637307523.4802878, 1637307527.5038967, 1637307531.4178917, 1637307535.4017773, 1637307539.3753963, 1637307547.8988023, 1637307551.94048, 1637307555.9246082, 1637307559.9477248, 1637307563.9178545, 1637307567.9474957, 1637307571.9602966, 1637307582.443815, 1637307586.4892757, 1637307590.5631325, 1637307594.6158748, 1637307598.652294, 1637307602.671738, 1637307611.5863948, 1637307615.594872, 1637307619.596079, 1637307623.535855, 1637307627.4893646, 1637307631.4832745, 1637307635.423555, 1637307643.5478375, 1637307647.5825443, 1637307651.5845618, 1637307655.6028588, 1637307659.594153, 1637307663.6220975, 1637307667.6474278, 1637307676.6484554, 1637307680.7018309, 1637307684.7387502, 1637307688.7177546, 1637307692.776165, 1637307696.9125085, 1637307707.0405142, 1637307711.2389429, 1637307715.3346834, 1637307719.427451, 1637307723.4744928, 1637307727.5638037, 1637307731.7103746, 1637307741.4283872, 1637307745.518103, 1637307749.6262808, 1637307753.6852202, 1637307757.9685645, 1637307762.2348082, 1637307766.4205945, 1637307775.4225347, 1637307779.485146, 1637307783.5372894, 1637307787.6007655, 1637307791.7001417, 1637307795.800038, 1637307805.9495604, 1637307810.1963818, 1637307814.5295014, 1637307818.874996, 1637307823.2571077, 1637307827.481381, 1637307831.6550682, 1637307840.5173242, 1637307844.6649432, 1637307848.9405184, 1637307853.1607938, 1637307857.4623399, 1637307861.6362934, 1637307865.8299415, 1637307874.7942047, 1637307878.9754894, 1637307883.2182813, 1637307887.3814185, 1637307891.514549, 1637307895.7570767, 1637307905.6079938, 1637307909.8627455, 1637307914.0666504, 1637307918.2533255, 1637307922.4920788, 1637307926.7432938, 1637307930.9981585, 1637307940.7804883, 1637307945.3010178, 1637307949.7416737, 1637307954.1483228, 1637307958.5352583, 1637307962.9471898, 1637307967.3144643, 1637307977.0346367, 1637307981.3696434, 1637307985.7048035, 1637307989.9995985, 1637307994.2845771, 1637307998.5864522, 1637308007.4573598, 1637308011.779901, 1637308016.121899, 1637308020.4276102, 1637308024.713423, 1637308029.0612803, 1637308033.3943539, 1637308042.6636658, 1637308046.9729788, 1637308051.273877, 1637308055.6748574, 1637308060.0916004, 1637308064.5783508, 1637308068.949866, 1637308078.3916523, 1637308082.6888924, 1637308086.873269, 1637308091.1016717, 1637308095.2723887, 1637308099.4607728, 1637308108.7991636, 1637308113.0547419, 1637308117.360822, 1637308121.6909237, 1637308125.976254, 1637308130.1838794, 1637308134.4068358, 1637308144.1325727, 1637308148.370229, 1637308152.6305304, 1637308156.8624537, 1637308161.02816, 1637308165.2703831, 1637308169.498826, 1637308179.526643, 1637308183.9367907, 1637308188.3383183, 1637308192.6930099, 1637308197.0750523, 1637308201.4255898, 1637308212.5734062, 1637308216.957338, 1637308221.2953086, 1637308225.6486056, 1637308230.0175145, 1637308234.2885292, 1637308238.7683933, 1637308250.9582636, 1637308255.6598248, 1637308260.473502, 1637308265.28065, 1637308270.2484658, 1637308275.1140878, 1637308279.991225, 1637308291.282012, 1637308295.6500387, 1637308300.0678377, 1637308304.5083983, 1637308308.9908278, 1637308313.3195388, 1637308322.6264048, 1637308327.0149379, 1637308331.638399, 1637308336.1366239, 1637308340.6162493, 1637308345.2159252, 1637308349.7244117, 1637308360.8993778, 1637308365.250817, 1637308369.5881293, 1637308374.0753055, 1637308378.4387848, 1637308382.759234, 1637308387.1163518, 1637308397.0503259, 1637308401.430334, 1637308405.8822544, 1637308410.3825734, 1637308414.7954562, 1637308419.2481396, 1637308428.908147, 1637308433.2865632, 1637308437.6434596, 1637308441.962711, 1637308446.3381772, 1637308450.7677586, 1637308455.263285, 1637308466.5525844, 1637308471.0099428, 1637308475.4679232, 1637308480.0545616, 1637308484.6941671, 1637308489.1895883, 1637308493.6624196, 1637308503.9135077, 1637308508.372524, 1637308512.8528697, 1637308517.271477, 1637308521.639712, 1637308526.089004, 1637308535.5358472, 1637308540.0185246, 1637308544.4972448, 1637308549.067913, 1637308553.624089, 1637308558.0948915, 1637308562.5551846],