{"initial_reset_timestamp": 1637181559.0647087, "timestamps": [1637181559.4837503, 1637181559.9154067, 1637181560.3374715, 1637181560.7445688, 1637181561.1560888, 1637181561.5576892, 1637181561.9598691, 1637181562.3818972, 1637181562.7933705, 1637181563.242218, 1637181563.6412926, 1637181564.0684702, 1637181564.466899, 1637181564.8997796, 1637181565.4079037, 1637181565.8338194, 1637181566.2494373, 1637181566.6721094, 1637181567.0875225, 1637181567.501816, 1637181567.917974, 1637181579.7500992, 1637181580.2034059, 1637181580.613854, 1637181581.0251796, 1637181581.4513335, 1637181581.8854032, 1637181582.3055265, 1637181582.7169275, 1637181583.1769388, 1637181583.604862, 1637181584.0072045, 1637181584.4241462, 1637181584.8471646, 1637181585.287449, 1637181585.7032804, 1637181586.1183412, 1637181586.529893, 1637181586.935436, 1637181587.355071, 1637181587.7789435, 1637181600.1190925, 1637181600.536025, 1637181600.9558737, 1637181601.3797467, 1637181601.893287, 1637181602.3021107, 1637181602.7229362, 1637181603.1310632, 1637181603.5734973, 1637181603.9891417, 1637181604.4109263, 1637181604.8654552, 1637181605.2947538, 1637181605.7857282, 1637181606.2060773, 1637181606.6242018, 1637181607.0559604, 1637181607.4692369, 1637181607.8906875, 1637181608.305037], "episode_lengths": [50, 50, 50, 49, 50, 50, 50, 50, 50, 50, 50, 50, 44, 50, 50, 50, 50, 50, 50, 50, 47, 50, 50, 50, 50, 50, 50, 50, 50, 50, 50, 50, 50, 50, 50, 50, 50, 50, 50, 50, 50, 50, 50, 50, 50, 50, 50, 50, 50, 50, 50, 50, 50, 50, 50, 50, 50, 50, 50, 50, 50], "episode_rewards": [-50.0, -50.0, -50.0, -48.0, -50.0, -50.0, -50.0, -50.0, -50.0, -50.0, -50.0, -50.0, -43.0, -50.0, -50.0, -50.0, -50.0, -50.0, -50.0, -50.0, -46.0, -50.0, -50.0, -50.0, -50.0, -50.0, -50.0, -50.0, -50.0, -50.0, -50.0, -50.0, -50.0, -50.0, -50.0, -50.0, -50.0, -50.0, -50.0, -50.0, -50.0, -50.0, -50.0, -50.0, -50.0, -50.0, -50.0, -50.0, -50.0, -50.0, -50.0, -50.0, -50.0, -50.0, -50.0, -50.0, -50.0, -50.0, -50.0, -50.0, -50.0], "episode_types": ["t", "t", "t", "t", "t", "t", "t", "t", "t", "t", "t", "t", "t", "t", "t", "t", "t", "t", "t", "t", "t", "t", "t", "t", "t", "t", "t", "t", "t", "t", "t", "t", "t", "t", "t", "t", "t", "t", "t", "t", "t", "t", "t", "t", "t", "t", "t", "t", "t", "t", "t", "t", "t", "t", "t", "t", "t", "t", "t", "t", "t"]}