{"initial_reset_timestamp": 1637181558.695751, "timestamps": [1637181567.9569833, 1637181568.352847, 1637181568.764243, 1637181569.1716104, 1637181569.563122, 1637181570.1295416, 1637181570.6564312, 1637181571.1778128, 1637181571.727778, 1637181572.2363975, 1637181572.7449322, 1637181573.2828162, 1637181573.7983267, 1637181574.3109496, 1637181574.8220718, 1637181575.3217165, 1637181575.826686, 1637181576.3309357, 1637181576.8347673, 1637181577.3420992, 1637181587.9149442, 1637181588.47639, 1637181588.9981885, 1637181589.5009732, 1637181590.001556, 1637181590.504257, 1637181591.0017176, 1637181591.5405285, 1637181592.089196, 1637181592.687645, 1637181593.2040339, 1637181593.7117949, 1637181594.201008, 1637181594.7058904, 1637181595.199591, 1637181595.7046988, 1637181596.2169847, 1637181596.7288003, 1637181597.2236526, 1637181597.7225032], "episode_lengths": [50, 50, 50, 50, 50, 50, 50, 50, 50, 50, 50, 50, 50, 50, 50, 50, 50, 50, 50, 50, 50, 50, 50, 50, 50, 50, 50, 50, 50, 50, 50, 50, 50, 50, 50, 50, 50, 50, 50, 50], "episode_rewards": [-50.0, -50.0, -50.0, -50.0, -50.0, -50.0, -50.0, -50.0, -50.0, -50.0, -50.0, -50.0, -50.0, -50.0, -50.0, -50.0, -50.0, -50.0, -50.0, -50.0, -50.0, -50.0, -50.0, -50.0, -50.0, -50.0, -50.0, -50.0, -50.0, -50.0, -50.0, -50.0, -50.0, -50.0, -50.0, -50.0, -50.0, -50.0, -50.0, -50.0], "episode_types": ["t", "t", "t", "t", "t", "t", "t", "t", "t", "t", "t", "t", "t", "t", "t", "t", "t", "t", "t", "t", "t", "t", "t", "t", "t", "t", "t", "t", "t", "t", "t", "t", "t", "t", "t", "t", "t", "t", "t", "t", "t"]}