{"initial_reset_timestamp": 1637466389.1231334, "timestamps": [1637466393.9555495, 1637466394.6723614, 1637466395.3835592, 1637466396.0805185, 1637466396.7134356, 1637466397.3544478, 1637466402.7525115, 1637466403.408639, 1637466404.0395865, 1637466404.683651, 1637466405.5797818, 1637466406.2256439, 1637466406.8578753, 1637466413.4676342, 1637466415.9626746, 1637466418.6903372, 1637466421.165585, 1637466423.867442, 1637466426.3298488, 1637466429.0590193, 1637466436.3720322, 1637466439.15927, 1637466441.6826665, 1637466444.3844132, 1637466446.9563298, 1637466449.7230747, 1637466457.0677938, 1637466459.5320382, 1637466462.2457545, 1637466464.7136867, 1637466467.4579444, 1637466469.9936604, 1637466472.7917137, 1637466480.093116, 1637466482.9334166, 1637466485.459369, 1637466488.0859332, 1637466490.6111755, 1637466493.082261, 1637466495.8149781, 1637466503.0951762, 1637466505.832116, 1637466508.3139, 1637466511.0617528, 1637466513.5292208, 1637466516.2526784, 1637466523.549398, 1637466525.9866588, 1637466528.643199, 1637466531.101867, 1637466533.8780737, 1637466536.401203, 1637466539.1219435, 1637466546.4683228, 1637466549.1615329, 1637466551.6752331, 1637466554.1327074, 1637466556.8572788, 1637466559.4098315, 1637466562.1684322, 1637466569.5094292, 1637466572.31631, 1637466574.7852204, 1637466577.5227737, 1637466580.0235145, 1637466582.785911, 1637466590.2381172, 1637466592.7193503, 1637466595.4907284, 1637466597.9403493, 1637466600.7081423, 1637466603.2802703, 1637466606.04309, 1637466613.4282491, 1637466616.145852, 1637466618.621436, 1637466621.3532934, 1637466623.7745483, 1637466626.521992, 1637466628.9854515, 1637466636.4733942, 1637466639.2318928, 1637466641.672903, 1637466644.4085455, 1637466646.9102848, 1637466649.6796894, 1637466657.055169, 1637466659.871513, 1637466662.3304574, 1637466664.8369374, 1637466667.5031335, 1637466669.9575195, 1637466672.6718721, 1637466680.1084678, 1637466682.9344893, 1637466685.4865277, 1637466688.2048519, 1637466690.669164, 1637466693.4114933, 1637466695.8420167, 1637466703.3520803, 1637466706.045628, 1637466708.558675, 1637466711.378989, 1637466713.8226137, 1637466716.612981, 1637466723.9602494, 1637466726.7272618, 1637466728.7054358, 1637466731.201484, 1637466733.8762786, 1637466736.3262832, 1637466739.1162565, 1637466747.383747, 1637466750.1400416, 1637466752.6347835, 1637466755.3755336, 1637466757.8472397, 1637466760.5974362, 1637466763.1209338, 1637466773.9102182, 1637466776.7235637, 1637466779.2284884, 1637466781.9778268, 1637466784.4993203, 1637466787.2239554, 1637466799.953029, 1637466802.3969464, 1637466805.1607013, 1637466807.69118, 1637466810.4159205, 1637466812.9538684, 1637466815.7403402, 1637466827.2861624, 1637466829.8139145, 1637466832.597554, 1637466835.084332, 1637466837.9179354, 1637466840.3767686, 1637466843.1063986, 1637466855.554073, 1637466858.0286741, 1637466860.848042, 1637466863.302572, 1637466866.0457835, 1637466868.5486572, 1637466881.5697303, 1637466884.0501754, 1637466886.6488812, 1637466889.2565396, 1637466891.7784464, 1637466894.4328952, 1637466896.8795583, 1637466908.0680432, 1637466910.8805192, 1637466913.4113903, 1637466916.2263646, 1637466918.749905, 1637466921.4746633, 1637466923.9715126, 1637466936.0985358, 1637466938.825943, 1637466941.3628325, 1637466944.0417616, 1637466946.5341387, 1637466949.4028423, 1637466960.637375, 1637466963.1180546, 1637466965.9234018, 1637466968.438528, 1637466971.2024102, 1637466973.7134578, 1637466976.57677, 1637466987.509646, 1637466990.0607102, 1637466992.8602347, 1637466995.3743541, 1637466998.112066, 1637467000.64576, 1637467003.4476027, 1637467016.2567756, 1637467018.7958221, 1637467021.58991, 1637467024.0469522, 1637467026.7855704, 1637467029.3136082, 1637467041.2444682, 1637467044.047547, 1637467046.5353289, 1637467049.3508887, 1637467051.9219027, 1637467054.6199226, 1637467057.1447477, 1637467068.8930283, 1637467071.7446263, 1637467074.2073631, 1637467076.9997845, 1637467079.5800774, 1637467082.3354127, 1637467084.8352337, 1637467097.3257582, 1637467099.851579, 1637467102.569426, 1637467105.1606402, 1637467107.579188, 1637467110.2981207, 1637467122.0179787, 1637467124.4608853, 1637467127.2177763, 1637467129.7778597, 1637467132.4954836, 1637467134.965251, 1637467137.736069, 1637467148.360237, 1637467150.9054933, 1637467153.6139643, 1637467156.1205335, 1637467158.9196332, 1637467161.421515, 1637467164.1952126, 1637467172.2489228, 1637467175.0794923, 1637467177.5805566, 1637467180.1405487, 1637467182.8304787, 1637467185.3427434, 1637467193.7877438, 1637467196.3307035, 1637467199.1248899, 1637467201.6691515, 1637467204.407328, 1637467206.86727, 1637467209.5994506, 1637467217.112348, 1637467219.8778386, 1637467222.4235933, 1637467225.259773, 1637467227.7626736, 1637467230.537764, 1637467233.0137372, 1637467245.8276687, 1637467248.5411038, 1637467251.0957658, 1637467253.8831046, 1637467256.4153938, 1637467259.2111535, 1637467273.0925825, 1637467275.910058, 1637467278.3663788, 1637467281.2355871, 1637467283.788518, 1637467286.6260054, 1637467289.1379623, 1637467301.657377, 1637467304.498937, 1637467307.0227396, 1637467309.78797, 1637467312.3359828, 1637467315.099956, 1637467317.559268, 1637467331.816856, 1637467334.3257306, 1637467337.1700797, 1637467339.7503583, 1637467342.5034716, 1637467344.9980068, 1637467359.369227, 1637467361.3354454, 1637467364.0389879, 1637467366.5714297, 1637467369.4114544, 1637467372.0345275, 1637467374.8504968, 1637467388.5640144, 1637467391.1073647, 1637467393.8853946, 1637467396.4223306, 1637467399.0908444, 1637467401.711713, 1637467404.5332215, 1637467418.440963, 1637467421.3145285, 1637467423.82156, 1637467426.6427307, 1637467429.1611295, 1637467432.0296342, 1637467434.579319, 1637467448.2173262, 1637467450.7596707, 1637467453.506025, 1637467456.0685568, 1637467458.9155772, 1637467461.4828448, 1637467464.2885146, 1637467477.997268, 1637467480.824467, 1637467483.3451698, 1637467486.0953996, 1637467488.6238303, 1637467491.183107, 1637467504.4082553, 1637467506.952267, 1637467509.7696002, 1637467512.3497474, 1637467515.1238718, 1637467517.6685941, 1637467520.485201, 1637467533.7884572, 1637467536.5417507, 1637467539.0704637, 1637467541.8782547, 1637467544.3922985, 1637467546.9729116, 1637467549.654546, 1637467563.4416687, 1637467566.1954446, 1637467568.6582806, 1637467571.4861667, 1637467573.9979105, 1637467576.7894497, 1637467590.4136624, 1637467593.1953719, 1637467595.7247317, 1637467598.5275774, 1637467601.056825, 1637467603.7742324, 1637467606.3062997, 1637467620.1812947, 1637467622.7423725, 1637467625.5323842, 1637467628.072528, 1637467630.8658717, 1637467633.3403108, 1637467636.0098634],