{"initial_reset_timestamp": 1637181460.1986146, "timestamps": [1637181460.6157248, 1637181460.969662, 1637181461.3272023, 1637181461.7080538, 1637181462.0613928, 1637181462.430872, 1637181462.7871387, 1637181468.7941945, 1637181469.1700437, 1637181469.52513, 1637181469.8882792, 1637181470.2426252, 1637181470.602324, 1637181471.0055373, 1637181477.4071312, 1637181477.756521, 1637181478.122771, 1637181478.4702237, 1637181478.8455832, 1637181479.2102792, 1637181479.559323], "episode_lengths": [150, 150, 150, 150, 150, 150, 150, 150, 150, 150, 150, 150, 150, 150, 150, 150, 150, 150, 150, 150, 150], "episode_rewards": [-150.0, -150.0, -150.0, -150.0, -150.0, -150.0, -150.0, -150.0, -150.0, -150.0, -150.0, -150.0, -150.0, -150.0, -150.0, -150.0, -150.0, -150.0, -150.0, -150.0, -150.0], "episode_types": ["t", "t", "t", "t", "t", "t", "t", "t", "t", "t", "t", "t", "t", "t", "t", "t", "t", "t", "t", "t", "t"]}