{"initial_reset_timestamp": 1637181459.958415, "timestamps": [1637181462.8967612, 1637181463.1807172, 1637181463.8580718, 1637181464.53611, 1637181465.2075016, 1637181465.8507714, 1637181466.3309286, 1637181471.2007372, 1637181471.904156, 1637181472.5327463, 1637181473.162109, 1637181473.7974484, 1637181474.5009532, 1637181475.1317596], "episode_lengths": [150, 73, 150, 150, 150, 150, 90, 150, 150, 150, 150, 150, 150, 150], "episode_rewards": [-150.0, -72.0, -150.0, -150.0, -150.0, -150.0, -89.0, -150.0, -150.0, -150.0, -150.0, -150.0, -150.0, -150.0], "episode_types": ["t", "t", "t", "t", "t", "t", "t", "t", "t", "t", "t", "t", "t", "t", "t"]}